instance,dimacs_time,dimacs_size,opb_time,opb_size,opb_pbcount_time,d4_time,d4_count,p2d_time,p2d_count,pbcount_time,pbcount_count
synthesized/all/large/root_100.uvl,-1;-1;-1,-4,3.48;3.92;4.28,215641,0.22;0.21;0.21,-3;-3;-3,-4,0.80;0.74;0.79,49069602552165922248302474564784044905296094092388652280223164289985037406662819840000000000,-3;-3;-3,-9
synthesized/all/large/root_10.uvl,-1;-1;-1,-4,3.45;3.00;2.85,72273,0.07;0.08;0.08,-3;-3;-3,-4,0.28;0.29;0.31,190772220203914546013285354432114787725966167791687230875205050676763273842814250427069298122847871603656622080,-3;-3;-3,-9
synthesized/all/large/root_11.uvl,-1;-1;-1,-4,2.95;2.71;3.36,76717,0.08;0.08;0.08,-3;-3;-3,-4,0.26;0.28;0.28,43840736565118794061396813631749862938239569212295598356060139008256091750190284800,-1;-1;-1,-9
synthesized/all/large/root_12.uvl,-1;-1;-1,-4,2.92;3.29;3.35,60532,0.07;0.06;0.07,-3;-3;-3,-4,0.25;0.27;0.25,14446177314757892673572663792473565777254730956800000,-3;-3;-3,-9
synthesized/all/large/root_13.uvl,-3;-3;-3,-4,-3;-3;-3,-4,-3;-3;-3,-3;-3;-3,-4,-3;-3;-3,-4,-3;-3;-3,-4
synthesized/all/large/root_14.uvl,92.60;91.92;78.32,428502,3.22;2.98;3.01,155701,0.15;0.15;0.16,0.15;0.16;0.15,32,0.43;0.43;0.41,32,-1;-1;-1,-9
synthesized/all/large/root_15.uvl,-3;-3;-3,-4,-3;-3;-3,-4,-3;-3;-3,-3;-3;-3,-4,-3;-3;-3,-4,-3;-3;-3,-4
synthesized/all/large/root_16.uvl,-1;-1;-1,-4,-3;-3;3.54,245685,0.24;0.24;0.25,-3;-3;-3,-4,0.99;0.98;0.98,32587885507758978403940230067072106585779018601608894893651696981294701556531200000000000,-1;-1;-1,-9
synthesized/all/large/root_17.uvl,-1;-1;-1,-4,-3;-3;-3,-4,-3;-3;-3,-3;-3;-3,-4,-3;-3;-3,-4,-3;-3;-3,-4
synthesized/all/large/root_18.uvl,-1;-1;-1,-4,2.92;2.79;3.33,86685,0.11;0.10;0.08,-3;-3;-3,-4,0.29;0.29;0.45,318342531987602488245076655767821662071482908792547157925405833588073156570672215457299169280000,-1;-1;-1,-9
synthesized/all/large/root_19.uvl,-3;-3;-3,-4,3.43;3.55;8.32,268866,0.25;0.25;0.26,-3;-3;-3,-4,4.19;4.17;4.18,34655238902991355178626337046725451055104000,-1;-1;-1,-9
synthesized/all/large/root_1.uvl,-1;-1;-1,-4,3.44;3.45;3.08,75473,0.08;0.08;0.08,-3;-3;-3,-4,0.29;0.28;0.29,25738461715260759295006582812510251188496786854516570006065512448000000000,-3;-3;-3,-9
synthesized/all/large/root_20.uvl,-1;-1;-1,-4,2.72;2.95;2.99,74336,0.08;0.08;0.08,-3;-3;-3,-4,0.26;0.27;0.27,4163277722313650038223451430277091480074246995116311005102080000,-3;-3;-3,-9
synthesized/all/large/root_21.uvl,-1;-1;-1,-4,3.29;3.09;3.44,222426,0.21;0.21;0.29,-3;-3;-3,-4,0.78;0.73;0.72,234883088314269696,-1;-1;-1,-9
synthesized/all/large/root_22.uvl,-3;-3;-3,-4,-3;-3;-3,-4,-3;-3;-3,-3;-3;-3,-4,-3;-3;-3,-4,-3;-3;-3,-4
synthesized/all/large/root_23.uvl,-3;-3;-3,-4,3.35;3.62;3.60,195575,0.19;0.19;0.19,-3;-3;-3,-4,0.67;0.59;0.59,2927935693693181642347118592000,-1;-1;-1,-9
synthesized/all/large/root_24.uvl,-1;-1;-1,-4,3.52;3.66;3.20,146365,0.15;0.14;0.14,-3;-3;-3,-4,0.47;0.47;0.46,180523598831473811666827220607055536815134090456486379520000000000,-1;-1;-1,-9
synthesized/all/large/root_25.uvl,-1;-1;-1,-4,3.07;3.03;3.25,112084,0.11;0.12;0.11,-3;-3;-3,-4,0.38;0.38;0.44,3379352651781722459783682254671788137312014448181930923299813131857831012523829264427375490782999882855167819776000,-1;-1;-1,-9
synthesized/all/large/root_26.uvl,-3;-3;-3,-4,-3;-3;3.99,423519,0.41;0.41;0.42,-3;-3;-3,-4,-1;-1;-1,-9,-1;-1;-1,-9
synthesized/all/large/root_27.uvl,-1;-1;-1,-4,2.65;2.81;2.64,92752,0.09;0.10;0.09,-3;-3;-3,-4,0.54;0.53;0.54,10846568224844196679851305705217236771405876931520964629494560750744846399461349602099200000,-1;-1;-1,-9
synthesized/all/large/root_28.uvl,-1;-1;-1,-4,3.86;3.25;4.84,77445,0.09;0.09;0.08,-3;-3;-3,-4,0.31;0.31;0.31,43131634742903290477440641756920104811509724898918400,-1;-1;-1,-9
synthesized/all/large/root_29.uvl,-1;-1;-1,-4,3.01;3.24;2.93,167301,0.16;0.16;0.16,-3;-3;-3,-4,0.48;0.46;0.47,210281598812160,-1;-1;-1,-9
synthesized/all/large/root_2.uvl,-3;-3;-1,-4,3.67;4.76;3.52,276044,0.27;0.27;0.26,-3;-3;-3,-4,1.55;1.57;1.60,4366614674347330977108666817257235571326729796167139328000,-1;-1;-1,-9
synthesized/all/large/root_30.uvl,-3;-3;-3,-4,4.71;4.48;4.65,293659,0.28;0.29;0.28,-3;-3;-3,-4,1.44;1.56;1.46,7955360049701227085226469819299421221503329282736259072000000,-1;-1;-1,-9
synthesized/all/large/root_31.uvl,-1;-1;-1,-4,3.61;3.80;3.37,162958,0.17;0.17;0.17,-3;-3;-3,-4,6.08;5.26;5.54,101857441139529587079848216086743078273352017196540231680000,-1;-1;-1,-9
synthesized/all/large/root_32.uvl,-3;-3;-3,-4,3.08;2.91;3.63,216575,0.21;0.21;0.21,-3;-3;-3,-4,98.53;113.11;95.91,48227287245487777244494872667007355104238315008163916444525173669888000,-1;-1;-1,-9
synthesized/all/large/root_33.uvl,-3;-3;-3,-4,-3;3.48;3.80,249217,0.26;0.25;0.25,-3;-3;-3,-4,96.07;94.65;96.14,14967230132195440308797561335642744336357838337801616719989520129218908166861339042471158031252059895012887365330294638967049420800000000,-1;-1;-1,-9
synthesized/all/large/root_34.uvl,-1;-1;-1,-4,3.63;3.91;3.99,110893,0.11;0.12;0.11,-3;-3;-3,-4,0.46;0.43;0.44,10086027569468550368380755236736884615104189421932347842926370628770463744000,-1;-1;-1,-9
synthesized/all/large/root_35.uvl,-1;-1;-1,-4,3.00;3.24;3.43,97969,0.10;0.15;0.11,-3;-3;-3,-4,4.94;4.98;5.01,32799179519116375086,-1;-1;-1,-9
synthesized/all/large/root_36.uvl,-3;-3;-3,-4,3.75;3.71;4.20,320723,0.31;0.30;0.30,-3;-3;-3,-4,1.32;1.33;1.34,1627343483171157575580022272853735437129714394467017613505462272000,-1;-1;-1,-9
synthesized/all/large/root_37.uvl,-1;-1;-1,-4,4.63;3.70;4.43,149051,0.15;0.14;0.15,-3;-3;-3,-4,0.60;0.64;0.63,2104340301193237756741936899702407149459068238736088120889361980293435831091200000000000,-1;-1;-1,-9
synthesized/all/large/root_38.uvl,6.22;6.02;6.15,704975,4.03;3.45;3.31,204233,0.21;0.20;0.20,0.45;0.43;0.30,2642943531029923299852288,0.59;0.59;0.67,2642943531029923299852288,-1;-1;-1,-9
synthesized/all/large/root_39.uvl,-3;-1;-1,-4,3.45;3.71;3.60,130874,0.13;0.14;0.13,-3;-3;-3,-4,0.61;0.61;0.58,14806826171353423451275359257870368929665826339326651795924582400,-1;-1;-1,-9
synthesized/all/large/root_3.uvl,-1;-1;-1,-4,-3;3.40;2.98,141342,0.14;0.14;0.14,-3;-3;-3,-4,2.59;2.52;2.51,4045644428651014086052309173802941771316010783667732971464799452252914843648000000,-1;-1;-1,-9
synthesized/all/large/root_40.uvl,-1;-1;-1,-4,3.31;3.24;3.07,121582,0.13;0.13;0.13,-3;-3;-3,-4,0.44;0.43;0.42,6394711138301616488698308433784340480000,-1;-1;-1,-9
synthesized/all/large/root_41.uvl,-1;-1;-1,-4,3.38;5.94;3.15,137536,0.14;0.14;0.13,-3;-3;-3,-4,0.45;0.47;0.49,154304266445507410371881741073651111990235901588141300895544718131200000000,-1;-1;-1,-9
synthesized/all/large/root_42.uvl,-1;-1;-1,-4,2.98;2.91;3.39,74277,0.08;0.08;0.08,-3;-3;-3,-4,0.39;0.40;0.38,133856796749037256679129797052243059487767031930381261829940046808324150223886090327241523200000,-1;-1;-1,-9
synthesized/all/large/root_43.uvl,-1;-1;-1,-4,3.10;3.56;3.57,98122,0.10;0.10;0.14,-3;-3;-3,-4,0.41;0.40;0.39,10411171038516573010709855322196004129613095003750400000,-1;-1;-1,-9
synthesized/all/large/root_44.uvl,-3;-3;-3,-4,5.81;6.01;5.45,515585,0.46;0.46;0.46,-3;-3;-3,-4,48.12;49.61;47.48,9773441695377452904909440,-1;-1;-1,-9
synthesized/all/large/root_45.uvl,-1;-1;-1,-4,4.02;-3;3.70,418848,0.38;0.38;0.38,-3;-3;-3,-4,1.20;1.17;1.26,233274143558453567600649741377408080504266417892447223808000,-1;-1;-1,-9
synthesized/all/large/root_46.uvl,-1;-1;-1,-4,3.15;3.79;4.42,147821,0.14;0.18;0.19,-3;-3;-3,-4,0.46;0.46;0.52,6230577443424478792494612480000000,-1;-1;-1,-9
synthesized/all/large/root_47.uvl,-1;-1;-1,-4,3.54;3.45;4.57,194405,0.18;0.19;0.18,-3;-3;-3,-4,0.85;0.86;0.86,9246323290072879227346776626044822598621438410752000000,-1;-1;-1,-9
synthesized/all/large/root_48.uvl,-1;-1;-1,-4,3.78;2.90;3.12,109658,0.12;0.11;0.12,-3;-3;-3,-4,0.45;0.49;0.48,2718420001379788164403380289537155134232136844669091840000000,-1;-1;-1,-9
synthesized/all/large/root_49.uvl,-1;-1;-1,-4,3.70;2.90;3.14,101680,0.10;0.11;0.10,-3;-3;-3,-4,-1;-1;-1,-9,-1;-1;-1,-9
synthesized/all/large/root_4.uvl,-3;-3;-3,-4,-3;4.56;3.80,254612,0.24;0.24;0.24,-3;-3;-3,-4,-1;-1;-1,-9,-1;-1;-1,-9
synthesized/all/large/root_50.uvl,-3;-3;-3,-4,4.24;3.56;4.38,286682,0.35;0.27;0.27,-3;-3;-3,-4,5.46;5.39;5.10,104732506194930682666462919954211137923644401663898548389995796758528000000,-1;-1;-1,-9
synthesized/all/large/root_51.uvl,-1;-1;-1,-4,4.02;3.78;3.37,222558,0.22;0.22;0.22,-3;-3;-3,-4,156.65;151.64;152.39,356428897460893523402632971123328730666278887704262699558660317735964640192073724973722422476800000000000,-1;-1;-1,-9
synthesized/all/large/root_52.uvl,-1;-1;-1,-4,3.00;8.35;2.92,107230,0.11;0.11;0.11,-3;-3;-3,-4,0.32;0.32;0.34,1099090322525200378439505504160972800,-3;-3;-3,-9
synthesized/all/large/root_53.uvl,-3;-3;-3,-4,-3;-3;-3,-4,-3;-3;-3,-3;-3;-3,-4,-3;-3;-3,-4,-3;-3;-3,-4
synthesized/all/large/root_54.uvl,-3;-3;-3,-4,-3;-3;-3,-4,-3;-3;-3,-3;-3;-3,-4,-3;-3;-3,-4,-3;-3;-3,-4
synthesized/all/large/root_55.uvl,-1;-1;-1,-4,2.60;2.66;2.93,52725,0.07;0.07;0.06,-3;-3;-3,-4,0.20;0.20;0.20,3136950300533419496644374296425214640173594862034747208331098613624977107881922358190038070004507541839544487946339485702570288530976946520064000,-3;-3;-3,-9
synthesized/all/large/root_56.uvl,-1;-1;-1,-4,3.97;3.18;3.05,67311,0.07;0.07;0.07,-3;-3;-3,-4,0.26;0.26;0.26,19702111964447776334299871067836987253719040000,-3;-3;-3,-9
synthesized/all/large/root_57.uvl,-1;-1;-1,-4,3.79;4.16;3.74,134522,0.13;0.13;0.13,-3;-3;-3,-4,0.43;0.43;0.49,384209703356651643681647211992262725239689550233600000000,-1;-1;-1,-9
synthesized/all/large/root_58.uvl,-1;-1;-1,-4,3.21;3.65;3.38,121170,0.12;0.13;0.12,-3;-3;-3,-4,0.42;0.41;0.38,107894303156529331702317138183192576000,-1;-1;-1,-9
synthesized/all/large/root_59.uvl,-3;-3;-3,-4,-3;-3;-3,-4,-3;-3;-3,-3;-3;-3,-4,-3;-3;-3,-4,-3;-3;-3,-4
synthesized/all/large/root_5.uvl,-3;-1;-3,-4,3.24;-3;3.73,160363,0.16;0.16;0.16,-3;-3;-3,-4,0.69;0.71;0.70,5862438266401730709326972731949834014199772950522629458497807625613773890286096969078380041474080201768960000000,-1;-1;-1,-9
synthesized/all/large/root_60.uvl,-3;-3;-3,-4,-3;-3;-3,-4,-3;-3;-3,-3;-3;-3,-4,-3;-3;-3,-4,-3;-3;-3,-4
synthesized/all/large/root_61.uvl,-3;-1;-3,-4,4.08;4.66;4.43,468972,0.55;0.56;0.45,-3;-3;-3,-4,16.55;15.66;15.97,304606501562155922578421344062776056196416265864750395976479375617461228997653550858240,-1;-1;-1,-9
synthesized/all/large/root_62.uvl,-3;-3;-3,-4,-3;-3;-3,-4,-3;-3;-3,-3;-3;-3,-4,-3;-3;-3,-4,-3;-3;-3,-4
synthesized/all/large/root_63.uvl,-1;-1;-1,-4,3.46;2.96;2.86,77744,0.08;0.10;0.09,-3;-3;-3,-4,0.30;0.30;0.28,181209789380305576202258286007474595943037965165747124457061442495039316759905901054345827201642794914627538572857776218459315420416862413505621461523496960000000,-1;-1;-1,-9
synthesized/all/large/root_64.uvl,-3;-3;-3,-4,-3;-3;-3,-4,-3;-3;-3,-3;-3;-3,-4,-3;-3;-3,-4,-3;-3;-3,-4
synthesized/all/large/root_65.uvl,-3;-3;-3,-4,-3;4.05;4.01,284218,0.26;0.27;0.29,-3;-3;-3,-4,1.08;1.09;1.10,78407574840915529244243917055719852749352962318743870084982462716862214963200000,-1;-1;-1,-9
synthesized/all/large/root_66.uvl,-1;-1;-1,-4,3.75;2.88;3.62,68174,0.07;0.07;0.07,-3;-3;-3,-4,0.25;0.25;0.25,147988210666951932896657224305975801911159376954472262742835200000000000,-3;-3;-3,-9
synthesized/all/large/root_67.uvl,-1;-1;-1,-4,4.09;3.94;4.14,234537,0.23;0.23;0.23,-3;-3;-3,-4,0.93;0.96;0.95,20803590954116425419912571845340644227695261190969264367802152073223644522082283915201290479380187013526562525989334575574737101277437210976791162801629188033871872000,-1;-1;-1,-9
synthesized/all/large/root_68.uvl,-3;-3;-3,-4,4.15;3.93;-3,343449,0.32;0.31;0.32,-3;-3;-3,-4,0.84;0.93;0.95,5820388117226927821946880,-1;-1;-1,-9
synthesized/all/large/root_69.uvl,-1;-1;-1,-4,2.49;2.38;2.50,52175,0.06;0.06;0.06,-3;-3;-3,-4,0.23;0.25;0.22,184748464573300194829689394705022286203443009435506414495529562708542263257468960865408395248806727882418033786880,-3;-3;-3,-9
synthesized/all/large/root_6.uvl,-1;-1;-1,-4,2.74;3.73;3.52,69525,0.07;0.08;0.08,-3;-3;-3,-4,0.37;0.43;0.42,57418703144788411935652927019806031895029108874052281733573942306095017564753207392366516996617950272615903993628342272131072000,-1;-1;-1,-9
synthesized/all/large/root_70.uvl,-1;-1;-1,-4,2.87;4.10;3.06,86751,0.09;0.09;0.09,-3;-3;-3,-4,0.35;0.35;0.35,8756233154212479262477795817682192235144137717800710039662111975590842324746240000,-1;-1;-1,-9
synthesized/all/large/root_71.uvl,-1;-1;-1,-4,2.71;2.59;2.53,50466,0.05;0.05;0.06,-3;-3;-3,-4,0.27;0.19;0.20,39529468598613306493817316065526607530536828214852156239717284935185637277204847001600,-3;-3;-3,-9
synthesized/all/large/root_72.uvl,-3;-3;-3,-4,-3;-3;-3,-4,-3;-3;-3,-3;-3;-3,-4,-3;-3;-3,-4,-3;-3;-3,-4
synthesized/all/large/root_73.uvl,-1;-1;-1,-4,-3;-3;-3,-4,-3;-3;-3,-3;-3;-3,-4,-3;-3;-3,-4,-3;-3;-3,-4
synthesized/all/large/root_74.uvl,-1;-1;-1,-4,3.02;3.61;3.54,79148,0.08;0.08;0.09,-3;-3;-3,-4,0.29;0.29;0.29,3694441872274969419896966881121260158148728324750311424000000000,-3;-3;-3,-9
synthesized/all/large/root_75.uvl,19.24;19.64;19.87,4019581,4.25;4.42;5.77,522131,0.47;0.47;0.47,0.40;0.40;0.39,110610949585019818211278848000,1.30;1.33;1.31,110610949585019818211278848000,-1;-1;-1,-9
synthesized/all/large/root_76.uvl,-1;-1;-1,-4,11.91;3.06;3.04,87930,0.09;0.09;0.09,-3;-3;-3,-4,0.25;0.24;0.25,4,-3;-3;-3,-9
synthesized/all/large/root_77.uvl,-1;-1;-1,-4,3.82;-3;3.91,133793,0.13;0.13;0.14,-3;-3;-3,-4,-1;-1;-1,-9,-1;-1;-1,-9
synthesized/all/large/root_78.uvl,-1;-1;-1,-4,2.65;4.33;2.90,72816,0.08;0.08;0.08,-3;-3;-3,-4,0.33;0.28;0.28,1207959552,-1;-1;-1,-9
synthesized/all/large/root_79.uvl,-3;-3;-3,-4,4.06;3.72;4.84,272328,0.27;0.27;0.28,-3;-3;-3,-4,0.94;0.96;0.96,1224427488887285801115450236250598976477197546441824276537774825279495192134022699417600000000,-1;-1;-1,-9
synthesized/all/large/root_7.uvl,-3;-3;-1,-4,3.56;3.72;-3,214345,0.21;0.21;0.21,-3;-3;-3,-4,0.70;0.74;0.73,1327208412155476002732313113385055623493824649625600,-1;-1;-1,-9
synthesized/all/large/root_80.uvl,-3;-3;-3,-4,5.52;-3;4.89,516781,0.48;0.47;0.48,-3;-3;-3,-4,57.83;60.79;59.88,391236537944479152003312479333254897058313588449436297969175709305526243292687024603649722337092876200510383718400000,-1;-1;-1,-9
synthesized/all/large/root_81.uvl,-1;-1;-1,-4,2.76;4.66;3.02,59853,0.06;0.06;0.07,-3;-3;-3,-4,0.27;0.27;0.26,2685494476294495611997809195595054424158636274239941187520616154786690281128834879794097393094300369915674730136025136877214311166395809792000000,-3;-3;-3,-9
synthesized/all/large/root_82.uvl,-3;-3;-3,-4,-3;-3;-3,-4,-3;-3;-3,-3;-3;-3,-4,-3;-3;-3,-4,-3;-3;-3,-4
synthesized/all/large/root_83.uvl,-1;-1;-1,-4,3.31;3.12;3.57,142675,0.14;0.14;0.15,-3;-3;-3,-4,0.58;0.60;0.56,8709939438815283566068475040127667384497832775814799944003111354368000000,-1;-1;-1,-9
synthesized/all/large/root_84.uvl,-1;-1;-1,-4,3.49;3.63;3.63,115460,0.12;0.12;0.12,-3;-3;-3,-4,0.54;0.53;0.52,163486288072465620090996565750330416676511091940796893504516188352743269437992446459904000,-1;-1;-1,-9
synthesized/all/large/root_85.uvl,-1;-1;-1,-4,3.08;3.47;3.07,122215,0.12;0.12;0.12,-3;-3;-3,-4,0.38;0.38;0.39,4996637964458480054337867359095832552699231930384354824421376000,-1;-1;-1,-9
synthesized/all/large/root_86.uvl,-1;-1;-1,-4,2.65;2.65;2.94,63471,0.07;0.07;0.07,-3;-3;-3,-4,0.26;0.25;0.26,126093516572465768539519174834156718423801856000000,-3;-3;-3,-9
synthesized/all/large/root_87.uvl,-1;-1;-1,-4,2.86;3.08;2.84,59794,0.06;0.06;0.07,-3;-3;-3,-4,0.22;0.34;0.30,75273999035970633226370520411348270205958565684849720746095253913600,-3;-3;-3,-9
synthesized/all/large/root_88.uvl,-3;-3;-3,-4,3.72;5.40;4.17,349585,0.32;0.32;0.32,-3;-3;-3,-4,-1;-1;-1,-9,-1;-1;-1,-9
synthesized/all/large/root_89.uvl,-1;-1;-1,-4,3.10;3.41;3.39,114681,0.12;0.12;0.12,-3;-3;-3,-4,0.45;0.43;0.44,15574431644450166361969873641699182515026365551057305600000,-1;-1;-1,-9
synthesized/all/large/root_8.uvl,-1;-1;-1,-4,2.93;2.69;2.91,58313,0.06;0.06;0.06,-3;-3;-3,-4,0.25;0.24;0.23,11423885002278408623039165587437649920000,-3;-3;-3,-9
synthesized/all/large/root_90.uvl,-1;-1;-1,-4,3.29;3.38;3.15,151105,0.15;0.19;0.16,-3;-3;-3,-4,0.84;0.84;0.93,4463262795034380472418304000,-1;-1;-1,-9
synthesized/all/large/root_91.uvl,-1;-1;-1,-4,3.24;3.32;3.00,148887,0.16;0.16;0.16,-3;-3;-3,-4,1.17;1.24;1.22,123266846746577425489212833851912829509514147503604434851317415936,-1;-1;-1,-9
synthesized/all/large/root_92.uvl,-1;-1;-1,-4,3.53;2.82;2.60,104386,0.12;0.11;0.11,-3;-3;-3,-4,1.59;1.52;1.54,24976450743224081161705363964156959879627150711989426437722632531248626884673536000000,-1;-1;-1,-9
synthesized/all/large/root_93.uvl,-1;-1;-1,-4,4.12;5.38;4.59,135665,0.13;0.14;0.13,-3;-3;-3,-4,0.91;0.95;0.82,23055453444591501887213234044594911752663621313761247772014609017339904000000,-1;-1;-1,-9
synthesized/all/large/root_94.uvl,-1;-1;-1,-4,2.98;3.34;2.64,70234,0.13;0.08;0.11,-3;-3;-3,-4,0.27;0.26;0.27,390694,-1;-1;-1,-9
synthesized/all/large/root_95.uvl,-3;-3;-3,-4,5.28;4.14;4.02,378433,0.38;0.38;0.34,-3;-3;-3,-4,1.12;1.15;1.15,394509926006784,-1;-1;-1,-9
synthesized/all/large/root_96.uvl,-1;-1;-1,-4,2.68;2.73;2.80,49971,0.05;0.06;0.05,-3;-3;-3,-4,0.19;0.19;0.19,16647048959438466736092241098453903802197598099210014975358548271409450188800000,-1;-1;-1,-9
synthesized/all/large/root_97.uvl,-1;-1;-1,-4,3.27;3.40;3.22,57086,0.06;0.06;0.06,-3;-3;-3,-4,0.29;0.29;0.29,1910104026579264529398269073029753685172775261842015853067954100057851779847118297968894915690511961609599599165042299294797250254595061653947335181991379842000486400000000,-1;-1;-1,-9
synthesized/all/large/root_98.uvl,-1;-1;-1,-4,3.15;2.74;2.77,77005,0.08;0.08;0.08,-3;-3;-3,-4,-1;-1;-1,-9,-1;-1;-1,-9
synthesized/all/large/root_99.uvl,-3;-3;-3,-4,4.47;3.88;3.84,339994,0.32;0.33;0.32,-3;-3;-3,-4,1.68;1.67;1.85,1406196474139828612543413346751646777906177935323861839525568284790912066781184000,-1;-1;-1,-9
synthesized/all/large/root_9.uvl,-1;-3;-3,-4,-3;3.65;-3,164868,0.16;0.16;0.17,-3;-3;-3,-4,1.65;1.46;1.48,1831056312748398580477049620247011653304773480389332605077618681006279056946349138515721392750592000000,-1;-1;-1,-9
synthesized/all/medium/root_100.uvl,-1;-1;-1,-4,2.43;2.64;2.42,53835,0.07;0.06;0.06,-3;-3;-3,-4,0.16;0.16;0.16,855601152,-1;-1;-1,-9
synthesized/all/medium/root_10.uvl,-3;-3;-3,-4,1.97;2.06;2.06,124769,0.15;0.15;0.12,-3;-3;-3,-4,3.06;3.05;3.08,36049470437085444131475456,-1;-1;-1,-9
synthesized/all/medium/root_11.uvl,-1;-1;-1,-4,2.23;1.89;2.04,36199,0.04;0.04;0.04,-3;-3;-3,-4,0.33;0.28;0.33,164324439477123463249920,-1;-1;-1,-9
synthesized/all/medium/root_12.uvl,-1;-1;-1,-4,1.86;1.87;1.88,15762,0.02;0.02;0.02,-3;-3;-3,-4,0.13;0.05;0.05,2164663517184,-3;-3;-3,-9
synthesized/all/medium/root_13.uvl,-1;-1;-1,-4,1.67;1.83;1.73,17782,0.03;0.02;0.02,-3;-3;-3,-4,0.05;0.05;0.05,13458950261167034388442431485523525829971148800,-3;-3;-3,-9
synthesized/all/medium/root_14.uvl,-1;-1;-1,-4,1.70;1.62;1.73,27687,0.03;0.03;0.03,-3;-3;-3,-4,0.14;0.11;0.10,12955511150346240,-3;-3;-3,-9
synthesized/all/medium/root_15.uvl,-1;-1;-1,-4,2.11;2.15;2.19,60741,0.06;0.06;0.06,-3;-3;-3,-4,0.16;0.22;0.23,24847863276109824,-1;-1;-1,-9
synthesized/all/medium/root_16.uvl,-1;-1;-1,-4,2.22;1.95;1.96,57124,0.06;0.06;0.06,-3;-3;-3,-4,0.15;0.15;0.15,7739670528,-1;-1;-1,-9
synthesized/all/medium/root_17.uvl,-1;-1;-1,-4,1.55;1.64;1.60,28266,0.03;0.03;0.03,-3;-3;-3,-4,0.11;0.11;0.08,2589922867948821046886400,-3;-3;-3,-9
synthesized/all/medium/root_18.uvl,-1;-1;-1,-4,1.75;1.71;1.73,33330,0.04;0.04;0.04,-3;-3;-3,-4,0.08;0.08;0.08,9132174213120,-3;-3;-3,-9
synthesized/all/medium/root_19.uvl,2.43;2.35;2.37,81800,1.87;1.71;1.63,48186,0.05;0.05;0.07,0.13;0.13;0.13,40,0.12;0.12;0.12,40,-1;-1;-1,-9
synthesized/all/medium/root_1.uvl,-1;-1;-1,-4,1.66;1.56;2.14,39630,0.04;0.04;0.04,-3;-3;-3,-4,0.11;0.11;0.11,52075310232895488,-1;-1;-1,-9
synthesized/all/medium/root_20.uvl,-1;-1;-1,-4,1.50;1.49;1.66,11319,0.01;0.01;0.01,-3;-3;-3,-4,0.04;0.04;0.04,8021851454569264181346324971520,-3;-3;-3,-9
synthesized/all/medium/root_21.uvl,-1;-1;-1,-4,1.38;1.65;1.90,20056,0.02;0.02;0.02,-3;-3;-3,-4,0.06;0.06;0.06,246230475079680,-3;-3;-3,-9
synthesized/all/medium/root_22.uvl,-1;-1;-1,-4,1.83;1.73;1.61,15166,0.03;0.03;0.03,-3;-3;-3,-4,0.05;0.05;0.05,217432719360000,-3;-3;-3,-9
synthesized/all/medium/root_23.uvl,-1;-1;-1,-4,1.94;1.71;1.97,21875,0.02;0.02;0.02,-3;-3;-3,-4,0.13;0.12;0.10,2717908992,-3;-3;-3,-9
synthesized/all/medium/root_24.uvl,-1;-1;-1,-4,1.79;1.92;1.65,17791,0.03;0.02;0.05,-3;-3;-3,-4,0.07;0.07;0.07,167148219792988569600,-3;-3;-3,-9
synthesized/all/medium/root_25.uvl,-1;-1;-1,-4,1.60;1.54;1.45,13747,0.02;0.02;0.02,-3;-3;-3,-4,0.05;0.05;0.04,36750495627461354054044457602630966837248000,-3;-3;-3,-9
synthesized/all/medium/root_26.uvl,-1;-1;-1,-4,1.62;1.59;1.66,16346,0.05;0.03;0.03,-3;-3;-3,-4,0.05;0.05;0.10,612290537717760,-3;-3;-3,-9
synthesized/all/medium/root_27.uvl,-3;-3;-3,-4,3.01;2.49;2.73,168534,0.18;0.17;0.17,-3;-3;-3,-4,15.07;14.99;15.40,55070676846080079099118937468804523904150,-1;-1;-1,-9
synthesized/all/medium/root_28.uvl,-1;-1;-1,-4,1.66;1.68;1.73,15050,0.02;0.02;0.02,-3;-3;-3,-4,0.05;0.05;0.08,587068342272,-3;-3;-3,-9
synthesized/all/medium/root_29.uvl,-1;-1;-1,-4,2.01;1.75;1.75,17859,0.02;0.02;0.02,-3;-3;-3,-4,0.06;0.06;0.06,5919605784576000,-3;-3;-3,-9
synthesized/all/medium/root_2.uvl,-1;-1;-1,-4,1.83;1.85;1.85,28166,0.05;0.03;0.03,-3;-3;-3,-4,0.09;0.09;0.10,2107870062231974793050691993600000,-3;-3;-3,-9
synthesized/all/medium/root_30.uvl,-1;-1;-1,-4,1.51;1.51;1.57,44637,0.05;0.05;0.05,-3;-3;-3,-4,0.17;0.16;0.16,16911433728,-1;-1;-1,-9
synthesized/all/medium/root_31.uvl,-1;-1;-1,-4,2.02;1.94;1.93,25394,0.03;0.03;0.03,-3;-3;-3,-4,0.08;0.08;0.08,226507003134081385740540168477081600,-3;-3;-3,-9
synthesized/all/medium/root_32.uvl,-1;-1;-1,-4,1.94;2.27;2.29,29027,0.03;0.06;0.06,-3;-3;-3,-4,0.08;0.08;0.08,584,59.54;54.30;54.38,584
synthesized/all/medium/root_33.uvl,-1;-1;-1,-4,1.52;1.74;1.62,21579,0.02;0.02;0.02,-3;-3;-3,-4,0.06;0.05;0.06,3019898880,-3;-3;-3,-9
synthesized/all/medium/root_34.uvl,-1;-1;-1,-4,1.69;1.61;1.61,18885,0.02;0.05;0.03,-3;-3;-3,-4,0.05;0.05;0.05,192,-3;-3;-3,-9
synthesized/all/medium/root_35.uvl,-1;-1;-1,-4,1.63;1.59;1.68,12446,0.02;0.02;0.01,-3;-3;-3,-4,0.04;0.04;0.04,6794772480,-3;-3;-3,-9
synthesized/all/medium/root_36.uvl,-1;-1;-1,-4,2.12;1.82;1.97,14440,0.02;0.02;0.02,-3;-3;-3,-4,0.07;0.07;0.08,2231,44.05;45.27;38.93,2231
synthesized/all/medium/root_37.uvl,-1;-1;-1,-4,1.97;1.85;1.62,13107,0.02;0.02;0.02,-3;-3;-3,-4,0.04;0.04;0.04,61334006641442651362016487888912384,-3;-3;-3,-9
synthesized/all/medium/root_38.uvl,-1;-1;-1,-4,1.73;2.83;1.99,27528,0.03;0.03;0.03,-3;-3;-3,-4,0.17;0.18;0.14,54948986076658,-1;-1;-1,-9
synthesized/all/medium/root_39.uvl,-1;-1;-1,-4,1.94;1.82;1.76,45210,0.05;0.05;0.05,-3;-3;-3,-4,0.15;0.15;0.15,49914547273728000,-1;-1;-1,-9
synthesized/all/medium/root_3.uvl,-1;-1;-1,-4,1.51;1.70;1.67,26513,0.06;0.06;0.03,-3;-3;-3,-4,0.08;0.08;0.08,4987384743591936,-1;-1;-1,-9
synthesized/all/medium/root_40.uvl,-1;-1;-1,-4,1.66;1.82;1.72,16133,0.02;0.02;0.02,-3;-3;-3,-4,0.05;0.05;0.05,2533274790395904000,-3;-3;-3,-9
synthesized/all/medium/root_41.uvl,-1;-1;-1,-4,3.48;3.54;3.65,464453,0.42;0.41;0.42,-3;-3;-3,-4,1.94;1.95;1.95,56176086478006517760,-1;-1;-1,-9
synthesized/all/medium/root_42.uvl,-1;-1;-1,-4,1.94;2.02;1.98,15847,0.05;0.02;0.02,-3;-3;-3,-4,0.05;0.05;0.05,2106874361599326472800043008000,-3;-3;-3,-9
synthesized/all/medium/root_43.uvl,-1;-1;-1,-4,1.52;1.84;1.59,9867,0.02;0.01;0.01,-3;-3;-3,-4,0.03;0.03;0.03,18725967250606522368,-3;-3;-3,-9
synthesized/all/medium/root_44.uvl,-1;-1;-1,-4,1.83;1.85;1.78,41402,0.04;0.04;0.04,-3;-3;-3,-4,0.09;0.10;0.10,2028908190892032,-3;-3;-3,-9
synthesized/all/medium/root_45.uvl,-1;-1;-1,-4,1.59;1.65;1.68,22151,0.04;0.03;0.02,-3;-3;-3,-4,0.07;0.06;0.06,127401984,-3;-3;-3,-9
synthesized/all/medium/root_46.uvl,-1;-1;-1,-4,2.63;2.59;1.70,10142,0.01;0.02;0.01,-3;-3;-3,-4,0.03;0.03;0.03,12288,-1;-1;-1,-9
synthesized/all/medium/root_47.uvl,-1;-1;-1,-4,1.82;1.91;1.58,26215,0.03;0.03;0.03,-3;-3;-3,-4,0.09;0.09;0.09,333971456,-3;-3;-3,-9
synthesized/all/medium/root_48.uvl,-1;-1;-1,-4,2.13;2.20;2.06,21979,0.02;0.02;0.02,-3;-3;-3,-4,0.10;0.14;0.12,408,-1;-1;-1,-9
synthesized/all/medium/root_49.uvl,-1;-1;-1,-4,1.77;1.62;1.90,40060,0.04;0.05;0.05,-3;-3;-3,-4,0.31;0.27;0.29,4295027211632640000,-1;-1;-1,-9
synthesized/all/medium/root_4.uvl,-1;-1;-1,-4,1.47;1.66;1.94,19916,0.05;0.03;0.03,-3;-3;-3,-4,0.06;0.05;0.05,144,-3;-3;-3,-9
synthesized/all/medium/root_50.uvl,-1;-1;-1,-4,1.92;1.79;2.04,29670,0.03;0.03;0.03,-3;-3;-3,-4,0.08;0.08;0.08,2647916544,-1;-1;-1,-9
synthesized/all/medium/root_51.uvl,-1;-1;-1,-4,2.11;1.98;1.82,16409,0.02;0.02;0.02,-3;-3;-3,-4,0.05;0.05;0.06,1911029760,-1;-1;-1,-9
synthesized/all/medium/root_52.uvl,-1;-1;-1,-4,2.47;2.42;2.47,113934,0.11;0.11;0.11,-3;-3;-3,-4,2.31;2.67;2.70,20712144753070342025074117154596454400,-1;-1;-1,-9
synthesized/all/medium/root_53.uvl,-1;-1;-1,-4,2.05;2.04;2.14,16707,0.02;0.02;0.02,-3;-3;-3,-4,0.09;0.10;0.09,884736,-3;-3;-3,-9
synthesized/all/medium/root_54.uvl,-1;-1;-1,-4,1.84;2.12;1.92,18033,0.02;0.02;0.04,-3;-3;-3,-4,0.05;0.05;0.05,15870570737644339200,-3;-3;-3,-9
synthesized/all/medium/root_55.uvl,-1;-1;-1,-4,1.55;2.39;1.85,15990,0.02;0.02;0.02,-3;-3;-3,-4,0.05;0.05;0.05,3710851743744,-3;-3;-3,-9
synthesized/all/medium/root_56.uvl,-1;-1;-1,-4,1.81;1.63;1.57,15526,0.02;0.02;0.02,-3;-3;-3,-4,0.14;0.14;0.08,94371840,-3;-3;-3,-9
synthesized/all/medium/root_57.uvl,3.52;2.53;2.70,63345,1.99;1.61;1.66,26591,0.04;0.03;0.03,0.13;0.12;0.30,18432,0.07;0.07;0.07,18432,-3;-3;-3,-9
synthesized/all/medium/root_58.uvl,-3;-3;-3,-4,2.90;2.58;2.95,318699,0.29;0.29;0.28,-3;-3;-3,-4,-1;-1;-1,-9,-1;-1;-1,-9
synthesized/all/medium/root_59.uvl,4.26;3.54;4.03,554536,2.25;2.02;1.90,95038,0.09;0.09;0.09,3.18;3.17;3.16,575800100778833879276693005015623,3.01;3.08;3.52,575800100778833879276693005015623,-1;-1;-1,-9
synthesized/all/medium/root_5.uvl,-1;-1;-1,-4,1.40;1.85;1.77,20003,0.02;0.02;0.02,-3;-3;-3,-4,0.06;0.06;0.06,7168,-3;-3;-3,-9
synthesized/all/medium/root_60.uvl,-1;-1;-1,-4,3.00;2.11;1.96,24498,0.03;0.03;0.03,-3;-3;-3,-4,0.09;0.09;0.09,1875596534757912295723879685003673600,-3;-3;-3,-9
synthesized/all/medium/root_61.uvl,-1;-1;-1,-4,1.65;1.55;1.55,14944,0.02;0.02;0.02,-3;-3;-3,-4,0.06;0.10;0.05,629145600,-3;-3;-3,-9
synthesized/all/medium/root_62.uvl,-1;-1;-1,-4,1.82;1.67;1.61,35900,0.04;0.04;0.04,-3;-3;-3,-4,0.11;0.11;0.11,2113446032179200,-1;-1;-1,-9
synthesized/all/medium/root_63.uvl,-3;-3;-3,-4,2.54;3.19;2.90,272707,0.26;0.26;0.25,-3;-3;-3,-4,1.01;1.01;1.18,361316117136414313344092233437020160,-1;-1;-1,-9
synthesized/all/medium/root_64.uvl,-1;-1;-1,-4,1.82;1.82;1.90,14470,0.02;0.02;0.02,-3;-3;-3,-4,0.05;0.05;0.05,256494072527585280,-3;-3;-3,-9
synthesized/all/medium/root_65.uvl,-1;-1;-1,-4,1.84;2.04;2.28,66597,0.06;0.06;0.06,-3;-3;-3,-4,0.16;0.16;0.15,194217246720,-1;-1;-1,-9
synthesized/all/medium/root_66.uvl,-1;-1;-1,-4,1.70;1.56;1.56,14819,0.02;0.02;-9,-3;-3;-3,-4,0.04;0.04;0.05,221184,-3;-3;-3,-9
synthesized/all/medium/root_67.uvl,-1;-1;-1,-4,1.84;1.66;1.64,14755,0.02;0.02;0.02,-3;-3;-3,-4,0.05;0.05;0.05,393216,-3;-3;-3,-9
synthesized/all/medium/root_68.uvl,-1;-1;-1,-4,2.39;2.45;2.42,99473,0.10;0.10;0.10,-3;-3;-3,-4,0.27;0.26;0.26,125725136747920421460999702454947161309184,-1;-1;-1,-9
synthesized/all/medium/root_69.uvl,-1;-1;-1,-4,1.84;2.07;1.77,44262,0.05;0.05;0.05,-3;-3;-3,-4,0.26;0.26;0.26,1242651795328623181824,-1;-1;-1,-9
synthesized/all/medium/root_6.uvl,-3;-3;-3,-4,2.76;2.70;2.52,146001,0.14;0.13;0.14,-3;-3;-3,-4,1.92;1.99;1.99,1822275564908071160890481950934403038257773335850703927136747520,-1;-1;-1,-9
synthesized/all/medium/root_70.uvl,-1;-1;-1,-4,1.81;2.06;1.98,47298,0.05;0.05;0.06,-3;-3;-3,-4,0.11;0.11;0.11,3680501760,-3;-3;-3,-9
synthesized/all/medium/root_71.uvl,-1;-1;-1,-4,1.78;1.44;1.80,18801,0.02;0.02;0.03,-3;-3;-3,-4,0.10;0.06;0.05,3538944,-3;-3;-3,-9
synthesized/all/medium/root_72.uvl,-1;-1;-1,-4,1.45;1.64;1.73,10309,0.01;0.01;0.01,-3;-3;-3,-4,0.04;0.04;0.04,2090977984512,-3;-3;-3,-9
synthesized/all/medium/root_73.uvl,-1;-1;-1,-4,1.92;1.91;1.88,76548,0.07;0.07;0.08,-3;-3;-3,-4,0.22;0.22;0.22,6203686292963894558195712,-1;-1;-1,-9
synthesized/all/medium/root_74.uvl,-1;-1;-1,-4,2.06;2.05;2.21,26685,0.03;0.03;0.03,-3;-3;-3,-4,0.08;0.07;0.08,11678515200,-3;-3;-3,-9
synthesized/all/medium/root_75.uvl,-1;-1;-1,-4,1.87;1.73;1.84,23777,0.03;0.03;0.03,-3;-3;-3,-4,0.07;0.07;0.07,2733560240452279556615700480000,-3;-3;-3,-9
synthesized/all/medium/root_76.uvl,-1;-1;-1,-4,1.95;1.66;1.69,15041,0.02;0.02;0.02,-3;-3;-3,-4,0.05;0.05;0.05,1718309899940659200,-3;-3;-3,-9
synthesized/all/medium/root_77.uvl,-1;-1;-1,-4,1.82;1.92;1.94,15482,0.03;0.03;0.03,-3;-3;-3,-4,0.12;0.05;0.05,1358954496000,-3;-3;-3,-9
synthesized/all/medium/root_78.uvl,-1;-1;-1,-4,1.68;1.48;1.66,15090,0.02;0.02;0.02,-3;-3;-3,-4,0.05;0.05;0.05,77440837327257600,-3;-3;-3,-9
synthesized/all/medium/root_79.uvl,-3;-3;-3,-4,2.91;2.73;2.75,190052,0.19;0.19;0.18,-3;-3;-3,-4,2.83;2.92;2.80,335014781264389331404613195195173641859303508596021341050512662897623040000,-1;-1;-1,-9
synthesized/all/medium/root_7.uvl,-1;-1;-1,-4,1.73;1.74;1.78,20848,0.04;0.04;0.02,-3;-3;-3,-4,0.06;0.06;0.06,6143606784,-3;-3;-3,-9
synthesized/all/medium/root_80.uvl,-1;-1;-1,-4,1.75;1.65;1.87,14260,0.02;0.02;0.02,-3;-3;-3,-4,0.05;0.12;0.07,972777519512027136000,-3;-3;-3,-9
synthesized/all/medium/root_81.uvl,-3;-1;-1,-4,2.78;3.08;2.04,98218,0.09;0.09;0.09,-3;-3;-3,-4,0.34;0.35;0.37,36148270383068154328803657925944934400,-1;-1;-1,-9
synthesized/all/medium/root_82.uvl,-1;-1;-1,-4,1.67;1.84;1.69,32193,0.04;0.05;0.05,-3;-3;-3,-4,0.12;0.09;0.18,201326592,-3;-3;-3,-9
synthesized/all/medium/root_83.uvl,-1;-1;-1,-4,1.63;1.54;1.54,14032,0.02;0.02;0.02,-3;-3;-3,-4,0.04;0.04;0.04,561080783654092800,-3;-3;-3,-9
synthesized/all/medium/root_84.uvl,-1;-1;-1,-4,1.44;1.65;1.46,15271,0.02;0.02;0.02,-3;-3;-3,-4,0.05;0.05;0.05,62411243520,-3;-3;-3,-9
synthesized/all/medium/root_85.uvl,-1;-1;-1,-4,2.14;1.94;1.69,19070,0.02;0.02;0.02,-3;-3;-3,-4,0.06;0.06;0.06,105672301608960,-3;-3;-3,-9
synthesized/all/medium/root_86.uvl,-1;-1;-1,-4,1.61;1.80;2.04,14031,0.02;0.02;0.02,-3;-3;-3,-4,0.05;0.05;0.09,8053063680,-3;-3;-3,-9
synthesized/all/medium/root_87.uvl,-1;-1;-1,-4,1.72;1.63;1.71,19776,0.02;-9;-9,-3;-3;-3,-4,0.06;0.06;0.09,34199209670344704,-3;-3;-3,-4
synthesized/all/medium/root_88.uvl,-1;-1;-1,-4,1.45;1.66;1.44,8579,0.03;0.01;0.01,-3;-3;-3,-4,0.12;0.09;0.09,29686813949952,-3;-3;-3,-9
synthesized/all/medium/root_89.uvl,-1;-1;-1,-4,2.02;1.85;1.85,37323,0.04;0.04;0.04,-3;-3;-3,-4,0.12;0.18;0.15,4453022092492800,-1;-1;-1,-9
synthesized/all/medium/root_8.uvl,-1;-1;-1,-4,2.59;1.89;1.98,13819,0.03;0.03;0.02,-3;-3;-3,-4,0.04;0.04;0.04,31457280,-3;-3;-3,-9
synthesized/all/medium/root_90.uvl,-1;-1;-1,-4,1.50;1.64;1.53,9096,0.01;0.01;0.01,-3;-3;-3,-4,0.03;0.03;0.03,1621295865853378560000,-3;-3;-3,-9
synthesized/all/medium/root_91.uvl,-1;-1;-1,-4,2.00;1.99;1.74,29554,0.06;0.04;0.03,-3;-3;-3,-4,0.10;0.11;0.09,495338913792,-3;-3;-3,-9
synthesized/all/medium/root_92.uvl,-1;-1;-1,-4,1.92;1.97;2.17,106612,0.10;0.11;0.11,-3;-3;-3,-4,1.44;1.44;1.45,7737829830683321401433338675200,-1;-1;-1,-9
synthesized/all/medium/root_93.uvl,-1;-1;-1,-4,1.93;1.94;2.22,34761,0.04;0.04;0.04,-3;-3;-3,-4,0.09;0.08;0.09,25532559953051516928,-3;-3;-3,-9
synthesized/all/medium/root_94.uvl,-1;-1;-1,-4,2.23;2.16;2.12,47273,0.05;0.05;0.05,-3;-3;-3,-4,0.33;0.33;0.34,24698632859501243359905363967294492901376000,-3;-3;-3,-9
synthesized/all/medium/root_95.uvl,-1;-1;-1,-4,1.87;1.73;1.72,17876,0.02;0.02;0.02,-3;-3;-3,-4,0.08;0.09;0.10,2527655362560,-3;-3;-3,-9
synthesized/all/medium/root_96.uvl,-1;-1;-1,-4,2.21;1.88;1.95,44953,0.05;0.04;0.05,-3;-3;-3,-4,0.47;0.47;0.47,490275640999188309410316288,-1;-1;-1,-9
synthesized/all/medium/root_97.uvl,-1;-1;-1,-4,1.79;1.78;1.77,25377,0.03;0.03;0.03,-3;-3;-3,-4,0.08;0.08;0.08,1349501225076692773427478528,-3;-3;-3,-9
synthesized/all/medium/root_98.uvl,-1;-1;-1,-4,1.95;1.87;1.59,22304,0.02;0.02;0.02,-3;-3;-3,-4,0.07;0.07;0.07,2304,-3;-3;-3,-9
synthesized/all/medium/root_99.uvl,-1;-1;-1,-4,1.95;1.96;1.71,44651,0.04;0.05;0.04,-3;-3;-3,-4,0.10;0.11;0.11,40960,-1;-1;-1,-9
synthesized/all/medium/root_9.uvl,-1;-1;-1,-4,1.73;1.48;1.78,19323,0.02;0.02;0.02,-3;-3;-3,-4,0.06;0.06;0.06,11509265759981776404480,-3;-3;-3,-9
synthesized/all/small/root_100.uvl,1.05;0.93;1.04,2672,0.76;0.70;0.71,2099,0.00;0.00;0.00,0.12;0.12;0.12,9,0.01;0.01;0.01,9,0.04;0.04;0.04,9
synthesized/all/small/root_10.uvl,-1;-1;-1,-4,0.86;1.18;0.90,1773,0.00;0.00;0.00,-3;-3;-3,-4,0.01;0.01;0.01,6291456,-3;-3;-3,-9
synthesized/all/small/root_11.uvl,-1;-1;-1,-4,0.99;0.82;0.76,2013,0.00;0.00;0.00,-3;-3;-3,-4,0.01;0.01;0.01,110592,-3;-3;-3,-9
synthesized/all/small/root_12.uvl,-1;-1;-1,-4,0.91;0.91;1.13,5593,0.02;0.02;0.02,-3;-3;-3,-4,0.02;0.02;0.05,96,-3;-3;-3,-9
synthesized/all/small/root_13.uvl,-1;-1;-1,-4,1.21;1.08;0.93,20193,0.02;0.02;0.02,-3;-3;-3,-4,0.29;0.28;0.28,11079430,-1;-1;-1,-9
synthesized/all/small/root_14.uvl,-1;-1;-1,-4,0.92;1.10;0.94,12902,0.01;0.02;0.01,-3;-3;-3,-4,0.13;0.11;0.08,18983936312064,-3;-3;-3,-9
synthesized/all/small/root_15.uvl,-1;-1;-1,-4,0.81;0.74;0.83,1798,0.01;0.04;0.00,-3;-3;-3,-4,0.01;0.01;0.01,40,-3;-3;-3,-9
synthesized/all/small/root_16.uvl,-1;-1;-1,-4,0.96;1.11;0.81,1877,0.00;0.02;0.00,-3;-3;-3,-4,0.01;0.09;0.04,44,-3;-3;-3,-9
synthesized/all/small/root_17.uvl,-1;-1;-1,-4,1.18;1.14;0.88,2694,0.00;0.00;0.00,-3;-3;-3,-4,0.01;0.01;0.01,96,-3;-3;-3,-9
synthesized/all/small/root_18.uvl,-1;-1;-1,-4,0.87;0.92;0.86,3460,0.00;0.00;0.01,-3;-3;-3,-4,0.01;0.01;0.06,1,1.71;1.54;1.49,1
synthesized/all/small/root_19.uvl,-1;-1;-1,-4,0.99;0.90;0.85,11367,0.01;0.01;0.01,-3;-3;-3,-4,0.03;0.03;0.03,142080,-3;-3;-3,-9
synthesized/all/small/root_1.uvl,-1;-1;-1,-4,1.18;1.21;0.86,6633,0.01;0.01;0.01,-3;-3;-3,-4,0.08;0.07;0.06,4096,54.19;54.37;44.49,4096
synthesized/all/small/root_20.uvl,-1;-1;-1,-4,0.83;0.95;0.90,2845,0.00;0.00;0.01,-3;-3;-3,-4,0.01;0.01;0.01,384,-3;-3;-3,-9
synthesized/all/small/root_21.uvl,-1;-1;-1,-4,0.90;0.92;0.80,3527,0.01;0.01;0.01,-3;-3;-3,-4,0.10;0.06;0.07,41472,-3;-3;-3,-9
synthesized/all/small/root_22.uvl,-1;-1;-1,-4,1.22;1.41;1.26,16567,0.02;0.02;0.02,-3;-3;-3,-4,0.10;0.10;0.10,271452,-1;-1;-1,-9
synthesized/all/small/root_23.uvl,-1;-1;-1,-4,1.25;1.06;1.23,22983,0.02;0.02;0.02,-3;-3;-3,-4,0.06;0.06;0.06,5308416,-1;-1;-1,-9
synthesized/all/small/root_24.uvl,-1;-1;-1,-4,0.89;0.90;1.14,8019,0.01;0.01;0.01,-3;-3;-3,-4,0.06;0.07;0.04,3072,-3;-3;-3,-9
synthesized/all/small/root_25.uvl,-1;-1;-1,-4,0.83;1.08;0.82,3142,0.01;0.00;0.00,-3;-3;-3,-4,0.04;0.05;0.01,2,-3;-3;-3,-9
synthesized/all/small/root_26.uvl,1.09;1.05;1.29,40379,0.86;0.81;0.75,10938,0.01;0.01;0.01,0.15;0.14;0.14,77,0.04;0.05;0.04,77,77.75;77.33;69.82,77
synthesized/all/small/root_27.uvl,-1;-1;-1,-4,0.96;0.97;0.93,2958,0.01;0.03;0.01,-3;-3;-3,-4,0.02;0.02;0.01,1,1.81;1.82;1.80,1
synthesized/all/small/root_28.uvl,-1;-1;-1,-4,1.09;0.89;1.12,5124,0.01;0.01;0.01,-3;-3;-3,-4,0.02;0.02;0.02,288,-3;-3;-3,-9
synthesized/all/small/root_29.uvl,-1;-1;-1,-4,0.97;1.31;0.81,2122,0.00;0.00;0.01,-3;-3;-3,-4,0.02;0.01;0.01,131072,-3;-3;-3,-9
synthesized/all/small/root_2.uvl,-1;-1;-1,-4,0.83;1.01;0.85,1785,0.00;0.00;0.00,-3;-3;-3,-4,0.06;0.04;0.07,6144,-3;-3;-3,-9
synthesized/all/small/root_30.uvl,-1;-1;-1,-4,0.98;0.98;1.06,2233,0.04;0.02;0.01,-3;-3;-3,-4,0.01;0.01;0.01,3712,-3;-3;-3,-9
synthesized/all/small/root_31.uvl,1.39;1.06;1.11,19145,0.91;0.81;0.84,6600,0.01;0.01;0.01,0.09;0.09;0.09,1,0.02;0.04;0.06,1,-1;-1;-1,-9
synthesized/all/small/root_32.uvl,-1;-1;-1,-4,0.85;0.85;0.81,2101,0.00;0.00;0.00,-3;-3;-3,-4,0.01;0.06;0.04,24192,-3;-3;-3,-9
synthesized/all/small/root_33.uvl,-1;-1;-1,-4,1.84;1.20;1.33,3588,0.01;0.01;0.01,-3;-3;-3,-4,0.01;0.01;0.01,3840,-3;-3;-3,-9
synthesized/all/small/root_34.uvl,-1;-1;-1,-4,0.80;0.83;0.92,3432,0.01;0.01;0.01,-3;-3;-3,-4,0.01;0.01;0.01,72,-3;-3;-3,-9
synthesized/all/small/root_35.uvl,-1;-1;-1,-4,0.93;1.30;0.91,9084,0.01;0.01;0.01,-3;-3;-3,-4,0.03;0.03;0.03,2160,10.45;11.17;11.18,2160
synthesized/all/small/root_36.uvl,-1;-1;-1,-4,0.76;0.91;0.70,4098,0.01;0.01;0.01,-3;-3;-3,-4,0.02;0.02;0.02,4587520,-3;-3;-3,-9
synthesized/all/small/root_37.uvl,-1;-1;-1,-4,0.84;0.79;0.73,2321,0.00;0.02;0.02,-3;-3;-3,-4,0.02;0.01;0.01,960,-3;-3;-3,-9
synthesized/all/small/root_38.uvl,-1;-1;-1,-4,0.83;1.02;0.87,2321,0.00;0.00;0.00,-3;-3;-3,-4,0.01;0.01;0.01,20736,-3;-3;-3,-9
synthesized/all/small/root_39.uvl,-1;-1;-1,-4,0.92;0.90;0.95,3733,0.01;0.01;0.01,-3;-3;-3,-4,0.02;0.02;0.02,18432,-3;-3;-3,-9
synthesized/all/small/root_3.uvl,-1;-1;-1,-4,1.05;1.01;0.93,5704,0.01;0.01;0.01,-3;-3;-3,-4,0.02;0.02;0.02,8,339.06;470.14;461.96,8
synthesized/all/small/root_40.uvl,-1;-1;-1,-4,0.76;0.84;0.83,1971,0.00;0.00;0.01,-3;-3;-3,-4,0.01;0.01;0.01,128,-3;-3;-3,-9
synthesized/all/small/root_41.uvl,-1;-1;-1,-4,0.81;0.86;0.89,1975,0.01;0.01;0.01,-3;-3;-3,-4,0.01;0.01;0.01,384,-3;-3;-3,-9
synthesized/all/small/root_42.uvl,0.85;0.82;1.47,1620,0.72;0.68;0.87,1340,0.00;0.00;0.00,0.09;0.09;0.09,1,0.01;0.01;0.01,-9,0.03;0.03;0.03,1
synthesized/all/small/root_43.uvl,-1;-1;-1,-4,1.26;1.22;1.10,13102,0.04;0.01;0.02,-3;-3;-3,-4,0.06;0.06;0.06,262278217728,-1;-1;-1,-9
synthesized/all/small/root_44.uvl,-1;-1;-1,-4,1.21;0.94;0.95,3682,0.03;0.02;0.01,-3;-3;-3,-4,0.01;0.01;0.01,2,-3;-3;-3,-9
synthesized/all/small/root_45.uvl,-1;-1;-1,-4,0.79;0.75;0.88,3237,0.00;0.00;0.00,-3;-3;-3,-4,0.02;0.08;0.06,4,12.11;10.89;9.62,4
synthesized/all/small/root_46.uvl,-1;-1;-1,-4,0.72;0.82;0.90,1879,0.00;0.00;0.00,-3;-3;-3,-4,0.01;0.01;0.01,26,0.04;0.05;0.04,26
synthesized/all/small/root_47.uvl,-1;-1;-1,-4,1.16;1.05;1.01,7385,0.01;0.01;0.01,-3;-3;-3,-4,0.11;0.11;0.12,23040,-3;-3;-3,-9
synthesized/all/small/root_48.uvl,-1;-1;-1,-4,0.84;1.23;0.89,2982,0.00;0.00;0.02,-3;-3;-3,-4,0.02;0.02;0.02,2555904,-3;-3;-3,-9
synthesized/all/small/root_49.uvl,-1;-1;-1,-4,0.77;0.73;0.82,2236,0.00;0.00;0.00,-3;-3;-3,-4,0.08;0.09;0.07,48,3.09;3.11;3.28,48
synthesized/all/small/root_4.uvl,-1;-1;-1,-4,1.21;1.42;1.04,9953,0.01;0.01;0.01,-3;-3;-3,-4,0.16;0.13;0.13,633102493160,-1;-1;-1,-9
synthesized/all/small/root_50.uvl,-1;-1;-1,-4,1.06;2.21;0.95,2758,0.00;0.00;0.00,-3;-3;-3,-4,0.08;0.04;0.08,2048,0.03;0.02;0.19,2048
synthesized/all/small/root_51.uvl,-1;-1;-1,-4,0.81;0.81;1.06,3134,0.00;0.00;0.00,-3;-3;-3,-4,0.01;0.01;0.01,8,-3;-3;-3,-9
synthesized/all/small/root_52.uvl,0.87;0.95;1.13,2436,0.69;0.85;0.81,1880,0.00;0.00;0.00,0.09;0.09;0.09,4,0.01;0.01;0.01,4,-3;-3;-3,-9
synthesized/all/small/root_53.uvl,0.88;0.93;1.01,2076,0.81;0.89;0.75,1889,0.02;0.02;0.02,0.08;0.09;0.08,1,0.04;0.02;0.04,1,0.17;0.22;0.03,1
synthesized/all/small/root_54.uvl,1.11;0.94;0.87,4937,0.97;0.97;0.95,4745,0.01;0.01;0.01,0.09;0.09;0.09,2,0.02;0.02;0.01,2,1.03;1.05;1.06,2
synthesized/all/small/root_55.uvl,-1;-1;-1,-4,0.79;0.85;0.79,1570,0.00;0.00;0.00,-3;-3;-3,-4,0.05;0.01;0.01,8,-3;-3;-3,-9
synthesized/all/small/root_56.uvl,-1;-1;-1,-4,0.95;0.92;0.80,2400,0.03;0.00;0.00,-3;-3;-3,-4,0.02;0.05;0.06,110592,-3;-3;-3,-9
synthesized/all/small/root_57.uvl,-1;-1;-1,-4,1.03;0.79;1.02,5254,0.01;0.01;0.01,-3;-3;-3,-4,0.02;0.02;0.02,2304,-3;-3;-3,-9
synthesized/all/small/root_58.uvl,-1;-1;-1,-4,0.83;0.92;0.91,2379,0.00;0.00;0.00,-3;-3;-3,-4,0.02;0.04;0.01,16,-3;-3;-3,-9
synthesized/all/small/root_59.uvl,-1;-1;-1,-4,1.20;0.99;0.93,7646,0.02;0.01;0.01,-3;-3;-3,-4,0.02;0.02;0.02,15,96.95;95.96;95.98,15
synthesized/all/small/root_5.uvl,-1;-1;-1,-4,0.84;0.94;0.86,2417,0.00;0.00;0.01,-3;-3;-3,-4,0.01;0.01;0.01,11059200,-3;-3;-3,-9
synthesized/all/small/root_60.uvl,-1;-1;-1,-4,1.15;1.05;1.24,5847,0.01;0.01;0.01,-3;-3;-3,-4,0.02;0.02;0.02,576,-3;-3;-3,-9
synthesized/all/small/root_61.uvl,-1;-1;-1,-4,0.75;1.34;0.78,2839,0.00;0.00;0.00,-3;-3;-3,-4,0.02;0.02;0.07,1,0.03;0.03;0.03,1
synthesized/all/small/root_62.uvl,-1;-1;-1,-4,0.85;0.99;0.76,2113,0.00;0.00;0.00,-3;-3;-3,-4,0.01;0.01;0.01,138240,-3;-3;-3,-9
synthesized/all/small/root_63.uvl,-1;-1;-1,-4,1.17;0.93;1.25,32974,0.04;0.04;0.04,-3;-3;-3,-4,0.12;0.12;0.12,56,-1;-1;-1,-9
synthesized/all/small/root_64.uvl,1.09;1.26;1.30,2100,0.72;0.73;0.86,1728,0.00;0.00;0.00,0.09;0.09;0.09,4,0.01;0.01;0.01,8,0.13;0.10;0.09,8
synthesized/all/small/root_65.uvl,-1;-1;-1,-4,0.91;0.89;0.83,2949,0.01;0.00;0.00,-3;-3;-3,-4,0.01;0.01;0.01,41472,-3;-3;-3,-9
synthesized/all/small/root_66.uvl,-1;-1;-1,-4,0.96;1.06;1.41,2362,0.00;0.00;0.00,-3;-3;-3,-4,0.01;0.01;0.01,4096,-3;-3;-3,-9
synthesized/all/small/root_67.uvl,-1;-1;-1,-4,0.75;0.75;0.85,1941,0.00;0.00;0.00,-3;-3;-3,-4,0.04;0.06;0.07,8,0.90;0.90;0.98,8
synthesized/all/small/root_68.uvl,-1;-1;-1,-4,0.73;0.77;0.93,1946,0.00;0.00;0.00,-3;-3;-3,-4,0.01;0.05;0.07,166,0.18;0.17;0.19,166
synthesized/all/small/root_69.uvl,0.96;1.07;0.90,5098,0.87;0.93;0.81,3007,0.00;0.01;0.00,0.09;0.09;0.08,1,0.10;0.07;0.11,1,-3;-3;-3,-9
synthesized/all/small/root_6.uvl,-1;-1;-1,-4,0.93;0.90;0.76,2242,0.01;0.01;0.00,-3;-3;-3,-4,0.01;0.01;0.01,6291456,-3;-3;-3,-9
synthesized/all/small/root_70.uvl,-1;-1;-1,-4,0.76;1.16;0.80,6317,0.01;0.02;0.02,-3;-3;-3,-4,0.05;0.02;0.03,8,-3;-3;-3,-9
synthesized/all/small/root_71.uvl,1.45;1.71;1.09,16790,0.78;0.86;0.81,6023,0.01;0.01;0.01,0.12;0.13;0.13,14,0.03;0.03;0.03,14,14.37;14.44;16.38,14
synthesized/all/small/root_72.uvl,-1;-1;-1,-4,0.83;0.98;0.83,1834,0.00;0.00;0.03,-3;-3;-3,-4,0.01;0.01;0.01,24,-3;-3;-3,-9
synthesized/all/small/root_73.uvl,-1;-1;-1,-4,1.01;1.19;2.94,3375,0.00;0.01;0.00,-3;-3;-3,-4,0.01;0.01;0.01,6,-3;-3;-3,-9
synthesized/all/small/root_74.uvl,-1;-1;-1,-4,0.91;0.84;0.82,3044,0.02;0.04;0.01,-3;-3;-3,-4,0.05;0.05;0.01,69120,-3;-3;-3,-9
synthesized/all/small/root_75.uvl,-1;-1;-1,-4,0.95;0.91;0.96,6045,0.01;0.04;0.01,-3;-3;-3,-4,0.02;0.02;0.02,240,-3;-3;-3,-9
synthesized/all/small/root_76.uvl,-1;-1;-1,-4,1.09;1.08;1.21,15404,0.02;0.02;0.02,-3;-3;-3,-4,0.05;0.05;0.05,8960,80.08;82.55;83.42,8960
synthesized/all/small/root_77.uvl,0.92;1.34;2.13,1463,1.04;1.27;0.85,1312,0.00;0.00;0.00,0.09;0.09;0.08,1,0.01;0.01;0.01,1,-3;-3;-3,-9
synthesized/all/small/root_78.uvl,-1;-1;-1,-4,1.01;0.77;1.09,2352,0.00;0.00;0.00,-3;-3;-3,-4,0.01;0.05;0.04,1024,-3;-3;-3,-9
synthesized/all/small/root_79.uvl,-1;-1;-1,-4,0.74;0.75;0.73,1733,0.00;0.00;0.00,-3;-3;-3,-4,0.01;0.01;0.01,256,0.33;0.12;0.12,256
synthesized/all/small/root_7.uvl,-1;-1;-1,-4,1.12;1.13;0.93,2236,0.00;0.00;0.01,-3;-3;-3,-4,0.01;0.01;0.01,336,-3;-3;-3,-9
synthesized/all/small/root_80.uvl,-1;-1;-1,-4,0.90;1.01;0.95,2110,0.00;0.00;0.00,-3;-3;-3,-4,0.01;0.01;0.01,40960,-3;-3;-3,-9
synthesized/all/small/root_81.uvl,-1;-1;-1,-4,0.87;1.00;0.84,2270,0.00;0.00;0.00,-3;-3;-3,-4,0.01;0.01;0.01,32,-3;-3;-3,-9
synthesized/all/small/root_82.uvl,-1;-1;-1,-4,0.97;0.80;0.85,2329,0.00;0.00;0.00,-3;-3;-3,-4,0.01;0.01;0.01,256,0.03;0.03;0.03,256
synthesized/all/small/root_83.uvl,-1;-1;-1,-4,0.78;0.84;0.87,3096,0.00;0.00;0.01,-3;-3;-3,-4,0.01;0.01;0.01,30976,-3;-3;-3,-9
synthesized/all/small/root_84.uvl,-1;-1;-1,-4,0.82;1.21;0.79,4851,0.01;0.01;0.01,-3;-3;-3,-4,0.03;0.02;0.02,72,-3;-3;-3,-9
synthesized/all/small/root_85.uvl,-1;-1;-1,-4,0.78;0.94;0.82,2340,0.01;0.01;0.00,-3;-3;-3,-4,0.01;0.01;0.01,196608,-3;-3;-3,-9
synthesized/all/small/root_86.uvl,-1;-1;-1,-4,0.73;0.77;0.95,2707,0.02;0.00;0.00,-3;-3;-3,-4,0.01;0.02;0.04,36,-3;-3;-3,-9
synthesized/all/small/root_87.uvl,-1;-1;-1,-4,1.23;1.12;1.09,27671,0.03;0.03;0.03,-3;-3;-3,-4,0.15;0.14;0.15,147840,-1;-1;-1,-9
synthesized/all/small/root_88.uvl,-1;-1;-1,-4,0.91;0.79;1.22,2132,0.00;0.00;0.01,-3;-3;-3,-4,0.01;0.01;0.01,7168,-3;-3;-3,-9
synthesized/all/small/root_89.uvl,-1;-1;-1,-4,1.00;0.94;1.01,1783,0.00;0.00;0.00,-3;-3;-3,-4,0.01;0.01;0.11,3456,-3;-3;-3,-9
synthesized/all/small/root_8.uvl,-1;-1;-1,-4,0.99;0.91;0.84,3661,0.00;0.01;0.01,-3;-3;-3,-4,0.01;0.01;0.01,4608,-3;-3;-3,-9
synthesized/all/small/root_90.uvl,0.99;1.00;1.07,4395,0.85;0.80;0.88,2942,0.00;0.00;0.00,0.09;0.09;0.09,3,0.01;0.01;0.01,6,0.37;0.37;0.40,6
synthesized/all/small/root_91.uvl,-1;-1;-1,-4,0.87;0.80;0.76,2466,0.00;0.00;0.00,-3;-3;-3,-4,0.01;0.01;0.01,80,1.65;1.62;1.66,80
synthesized/all/small/root_92.uvl,-1;-1;-1,-4,0.96;1.08;1.02,8394,0.03;0.01;0.01,-3;-3;-3,-4,0.07;0.07;0.07,2152448,-1;-1;-1,-9
synthesized/all/small/root_93.uvl,-1;-1;-1,-4,0.87;0.76;0.83,2116,0.00;0.00;0.00,-3;-3;-3,-4,0.01;0.01;0.01,4718592,-3;-3;-3,-9
synthesized/all/small/root_94.uvl,-1;-1;-1,-4,0.86;0.80;0.86,3649,0.01;0.01;0.01,-3;-3;-3,-4,0.01;0.01;0.01,24,-3;-3;-3,-9
synthesized/all/small/root_95.uvl,-1;-1;-1,-4,0.98;0.86;0.91,4294,0.01;0.01;0.01,-3;-3;-3,-4,0.02;0.02;0.02,1368,-3;-3;-3,-9
synthesized/all/small/root_96.uvl,-1;-1;-1,-4,0.82;0.78;0.78,1888,0.00;0.00;0.04,-3;-3;-3,-4,0.05;0.03;0.04,128,-3;-3;-3,-9
synthesized/all/small/root_97.uvl,-1;-1;-1,-4,1.08;1.04;0.99,3492,0.00;0.03;0.01,-3;-3;-3,-4,0.07;0.02;0.02,24576,-3;-3;-3,-9
synthesized/all/small/root_98.uvl,-1;-1;-1,-4,0.79;0.84;0.71,2747,0.00;0.00;0.00,-3;-3;-3,-4,0.01;0.01;0.01,32,-3;-3;-3,-9
synthesized/all/small/root_99.uvl,-1;-1;-1,-4,1.04;0.98;0.97,19622,0.02;0.02;0.02,-3;-3;-3,-4,0.11;0.13;0.13,2078052953826267648,-1;-1;-1,-9
synthesized/all/small/root_9.uvl,-1;-1;-1,-4,0.93;0.79;0.83,1824,0.00;0.00;0.00,-3;-3;-3,-4,0.01;0.01;0.01,16,-3;-3;-3,-9
synthesized/except_one/aggregate/large/root_100.uvl,112.11;97.16;96.45,310605,2.88;3.13;2.97,113911,0.11;0.11;0.11,0.23;0.23;0.23,1396290214019587302992322175063577667906143874368506838149490540544000000000000,0.46;0.40;0.49,1396290214019587302992322175063577667906143874368506838149490540544000000000000,-1;-1;-1,-9
synthesized/except_one/aggregate/large/root_10.uvl,-1;-1;-1,-4,2.73;2.73;2.73,77536,0.08;0.09;0.09,-3;-3;-3,-4,0.31;0.31;0.31,122500018808885437436685901426071028388339789634961362315426083635200000,-1;-1;-1,-9
synthesized/except_one/aggregate/large/root_11.uvl,5.49;5.09;6.50,559574,3.62;3.62;3.65,195251,0.19;0.19;0.19,0.32;0.31;0.32,87090598853356296826465989793306367754240000000000,0.90;0.70;0.69,87090598853356296826465989793306367754240000000000,-1;-1;-1,-9
synthesized/except_one/aggregate/large/root_12.uvl,5.39;5.31;4.24,359106,3.48;2.89;2.82,121662,0.13;0.13;0.13,0.21;0.21;0.21,42372966438753810345268116622360518924838465643522241331200000000000,0.39;0.42;0.42,42372966438753810345268116622360518924838465643522241331200000000000,-1;-1;-1,-9
synthesized/except_one/aggregate/large/root_13.uvl,-1;-1;-1,-4,2.52;2.47;3.25,53090,0.06;0.06;0.06,-3;-3;-3,-4,0.18;0.18;0.18,30108554673747694458907317039075321446400,-3;-3;-3,-9
synthesized/except_one/aggregate/large/root_14.uvl,4.42;4.56;5.06,189507,2.72;3.31;2.88,84077,0.09;0.08;0.09,0.21;0.21;0.23,13402252908157556099682121958607816119172736430899200000,0.34;0.33;0.33,26804505816315112199364243917215632238345472861798400000,-1;-1;-1,-9
synthesized/except_one/aggregate/large/root_15.uvl,4.73;4.93;4.23,166641,2.83;2.89;2.81,75396,0.08;0.08;0.08,0.25;0.24;0.23,290720017994713991760438165349721629687011347320012800,0.28;0.38;0.30,290720017994713991760438165349721629687011347320012800,-1;-1;-1,-9
synthesized/except_one/aggregate/large/root_16.uvl,22.31;23.36;17.47,1631446,4.11;3.46;3.30,331495,0.31;0.31;0.31,1.13;1.13;1.14,94272114367116946257101483830152804451505341162134548885102085029842101306231193812465637828759388160000000000,-1;-1;-1,-9,-1;-1;-1,-9
synthesized/except_one/aggregate/large/root_17.uvl,14.94;13.97;15.17,2522636,3.76;4.50;6.53,363594,0.33;0.33;0.39,0.98;1.18;0.99,1718089410483730842889599325781504183721134152113192769255614165427408284924719923200000,47.00;43.28;43.59,1718089410483730842889599325781504183721134152113192769255614165427408284924719923200000,-1;-1;-1,-9
synthesized/except_one/aggregate/large/root_18.uvl,-1;-1;-1,-4,3.17;3.06;8.23,117960,0.12;0.12;0.13,-3;-3;-3,-4,1.48;1.49;1.50,17503414290972972289518453331087187938791258406587553095105520323664263886951682909870117252444351611675517262643014423812773986892822924377538701774379884955287225582621387455876624966950843611947038790320370736727392819886675738346127360,-1;-1;-1,-9
synthesized/except_one/aggregate/large/root_19.uvl,-1;-1;-1,-4,11.33;10.94;11.11,1416030,1.30;1.29;1.30,-3;-3;-3,-4,-1;-1;-1,-9,-1;-1;-1,-9
synthesized/except_one/aggregate/large/root_1.uvl,4.77;4.40;4.59,138925,3.14;4.69;2.97,78293,0.08;0.09;0.09,0.15;0.15;0.15,1179212163821681834657909770813440000,0.27;0.36;0.28,1179212163821681834657909770813440000,-3;-3;-3,-9
synthesized/except_one/aggregate/large/root_20.uvl,-1;-1;-1,-4,2.57;2.67;2.39,52978,0.06;0.06;0.06,-3;-3;-3,-4,0.25;0.22;0.23,854485257112035548942928743720969059528100339992177617700824218173480107205380340548684296878422081493656523891209255518208000000,-1;-1;-1,-9
synthesized/except_one/aggregate/large/root_21.uvl,-1;-1;-1,-4,2.72;2.61;2.81,53274,0.06;0.06;0.06,-3;-3;-3,-4,0.22;0.22;0.22,764283445839378653723322628261108980007617355083795602356992565813102801751900160,-3;-3;-3,-9
synthesized/except_one/aggregate/large/root_22.uvl,-1;-1;-1,-4,3.23;3.20;2.44,58790,0.07;0.07;0.07,-3;-3;-3,-4,0.24;0.24;0.31,842019672595560863255154990728792359740373577826420103129682958990127802472854061395048820566673749704704000000,-3;-3;-3,-9
synthesized/except_one/aggregate/large/root_23.uvl,7.46;7.27;6.33,988716,3.26;3.17;3.89,246364,0.24;0.24;0.25,0.28;0.28;0.30,21802773095500627001212139625595671674880,0.69;0.70;0.69,21802773095500627001212139625595671674880,-1;-1;-1,-9
synthesized/except_one/aggregate/large/root_24.uvl,-1;-1;-1,-4,2.95;2.86;3.35,74382,0.09;0.09;0.08,-3;-3;-3,-4,0.25;0.25;0.24,22850814718870473029416441066600372524597730778970905544869926120980480000000,-3;-3;-3,-9
synthesized/except_one/aggregate/large/root_25.uvl,-1;-1;-1,-4,2.85;3.05;3.12,109356,0.11;0.11;0.11,-3;-3;-3,-4,0.49;0.42;0.37,51968906605924845363899790262272000,-1;-1;-1,-9
synthesized/except_one/aggregate/large/root_26.uvl,4.58;3.58;3.37,111880,2.91;2.98;2.84,72995,0.08;0.07;0.07,0.15;0.14;0.14,5435817984,0.21;0.26;0.21,5435817984,-3;-3;-3,-9
synthesized/except_one/aggregate/large/root_27.uvl,18.96;16.33;15.94,2281489,4.77;6.47;6.40,480600,0.51;0.52;0.45,1.91;1.91;1.91,488200299455641500356422033092236021702864445233307739617467359656046408853618688000000,-1;-1;-1,-9,-1;-1;-1,-9
synthesized/except_one/aggregate/large/root_28.uvl,-1;-1;-1,-4,3.13;2.69;2.79,71832,0.08;0.08;0.08,-3;-3;-3,-4,0.31;0.30;0.27,95221873536229042201411977071520622183911795135537108368266100736000000,-1;-1;-1,-9
synthesized/except_one/aggregate/large/root_29.uvl,118.66;45.91;50.87,3558931,4.02;4.11;3.69,286321,0.28;0.26;0.26,6.91;6.90;7.01,595554125158223181500430021090524603072061580769501649573509424195872566658069088240157048114968725155453810385168105472000000000000,12.50;13.28;12.03,595554125158223181500430021090524603072061580769501649573509424195872566658069088240157048114968725155453810385168105472000000000000,-1;-1;-1,-9
synthesized/except_one/aggregate/large/root_2.uvl,-1;-1;-1,-4,2.76;2.53;3.18,65810,0.07;0.07;0.07,-3;-3;-3,-4,0.23;0.22;0.22,174167954958852269727093301607871001838783339620611391488000000,-3;-3;-3,-9
synthesized/except_one/aggregate/large/root_30.uvl,-1;-1;-1,-4,2.72;2.54;2.91,71357,0.08;0.08;0.08,-3;-3;-3,-4,0.30;0.29;0.26,5603683727484955530673299548066287715971832825947532022934985214727955622364970169139200000,-1;-1;-1,-9
synthesized/except_one/aggregate/large/root_31.uvl,6.56;7.08;7.03,691813,3.66;4.06;3.24,259218,0.25;0.25;0.24,0.22;0.21;0.39,2989297056892405325593932049227448320000,0.75;0.74;0.74,2989297056892405325593932049227448320000,-1;-1;-1,-9
synthesized/except_one/aggregate/large/root_32.uvl,261.24;196.19;305.82,16496522,12.20;11.24;10.23,1866077,1.89;1.64;1.67,1.44;1.42;1.42,7977312109907041829381455318759725872981265177483722752061784074400116097259929600,4.69;4.68;4.76,7977312109907041829381455318759725872981265177483722752061784074400116097259929600,-1;-1;-1,-9
synthesized/except_one/aggregate/large/root_33.uvl,-1;-1;-1,-4,3.11;2.85;2.93,92606,0.11;0.10;0.09,-3;-3;-3,-4,0.37;0.37;0.36,91734864797067710060085588806218775883484941545476644056609922900453055198878341529600000000,-1;-1;-1,-9
synthesized/except_one/aggregate/large/root_34.uvl,-1;-1;-1,-4,4.32;4.11;4.19,466516,0.43;0.43;0.43,-3;-3;-3,-4,1.20;1.17;1.17,5130618628001385249857342495784960000,-1;-1;-1,-9
synthesized/except_one/aggregate/large/root_35.uvl,64.62;62.08;59.52,123874,2.82;3.15;2.93,73404,0.08;0.07;0.07,0.15;0.16;0.16,7499656648099704640523559360056524800000,0.31;0.25;0.23,7499656648099704640523559360056524800000,-3;-3;-3,-9
synthesized/except_one/aggregate/large/root_36.uvl,73.46;74.51;77.37,499663,3.08;2.96;2.85,181809,0.17;0.17;0.18,0.23;0.23;0.22,576044050009814422874266860056017784191057920000000,0.49;0.50;0.49,576044050009814422874266860056017784191057920000000,-1;-1;-1,-9
synthesized/except_one/aggregate/large/root_37.uvl,-3;-3;-3,-4,4.92;4.94;6.27,624068,0.57;0.56;0.57,-3;-3;-3,-4,1.84;1.87;1.92,5784307118738760613780980759711962003690340750362639593480588130682551446536192000,-1;-1;-1,-9
synthesized/except_one/aggregate/large/root_38.uvl,9.17;11.88;11.64,1486016,4.82;4.22;4.23,374949,0.35;0.34;0.34,0.34;0.35;0.35,1240935152794325549042193777595792962355200,1.69;1.61;1.92,1240935152794325549042193777595792962355200,-1;-1;-1,-9
synthesized/except_one/aggregate/large/root_39.uvl,18.60;17.47;16.92,3841770,4.33;4.89;4.16,645874,0.59;0.59;0.57,7.80;8.03;7.77,815503899123300563614590566400,4.73;5.21;4.79,815503899123300563614590566400,-1;-1;-1,-9
synthesized/except_one/aggregate/large/root_3.uvl,4.06;4.02;4.82,190161,2.66;2.61;5.80,92500,0.09;0.09;0.09,0.40;0.19;0.18,664300741121973136529415665332890107904,0.35;0.33;0.35,664300741121973136529415665332890107904,-1;-1;-1,-9
synthesized/except_one/aggregate/large/root_40.uvl,-1;-1;-1,-4,3.41;3.25;3.55,248364,0.24;0.25;0.25,-3;-3;-3,-4,5.15;5.07;4.77,16159254914477286420984600595563408179795948024293281643799976938177638753604184851751855963934753657309700577849052629615365255888679451055926964925477555476176162579808256,-1;-1;-1,-9
synthesized/except_one/aggregate/large/root_41.uvl,60.55;53.42;46.76,430364,2.87;2.77;3.20,85792,0.09;0.09;0.09,0.95;0.96;0.96,237445064104998771613124014309886927293888860495067121618780160000000000,0.40;0.38;0.34,237445064104998771613124014309886927293888860495067121618780160000000000,-3;-3;-3,-9
synthesized/except_one/aggregate/large/root_42.uvl,5.33;5.32;4.15,218728,2.93;2.89;2.74,99487,0.14;0.13;0.13,0.23;0.21;0.20,80205579367789551210047028894343470449071113623725670400,0.38;0.35;0.36,80205579367789551210047028894343470449071113623725670400,-1;-1;-1,-9
synthesized/except_one/aggregate/large/root_43.uvl,-3;-3;-3,-4,2.66;2.69;2.64,52889,0.10;0.06;0.08,-3;-3;-3,-4,0.19;0.20;0.20,12261003347973206396766731956661728051200000,-3;-3;-3,-9
synthesized/except_one/aggregate/large/root_44.uvl,11.31;11.25;10.91,972857,2.97;3.26;2.96,165261,0.16;0.16;0.16,0.20;0.20;0.19,706783666520457216,0.46;0.42;0.51,706783666520457216,-1;-1;-1,-9
synthesized/except_one/aggregate/large/root_45.uvl,4.04;4.62;4.66,129806,3.21;2.90;3.10,80023,0.08;0.08;0.08,0.24;0.24;0.24,6042064679661577355093338090092657753230868445382212300584654597426739223324664110724878301259358565040128000000,0.31;0.32;0.34,12084129359323154710186676180185315506461736890764424601169309194853478446649328221449756602518717130080256000000,-1;-1;-1,-9
synthesized/except_one/aggregate/large/root_46.uvl,18.14;10.21;9.33,332666,3.15;2.95;3.18,137820,0.13;0.14;0.16,0.11;0.11;0.11,2,0.37;0.39;0.41,2,-1;-1;-1,-9
synthesized/except_one/aggregate/large/root_47.uvl,4.56;4.15;4.22,259217,3.08;3.05;3.39,125957,0.13;0.13;0.12,0.18;0.18;0.35,11469338455846208473150406000640000,0.40;0.41;0.39,22938676911692416946300812001280000,-1;-1;-1,-9
synthesized/except_one/aggregate/large/root_48.uvl,5.75;5.51;5.77,599601,3.09;3.87;3.21,217591,0.22;0.24;0.21,0.26;0.25;0.26,26922932252912621721773258016030720,0.77;0.77;0.91,26922932252912621721773258016030720,-1;-1;-1,-9
synthesized/except_one/aggregate/large/root_49.uvl,-3;-3;-3,-4,5.09;4.76;4.88,709690,0.67;0.66;0.67,-3;-3;-3,-4,14.63;14.96;12.44,1003121715341741314751191385467717044245887138273221389684953652090617244300790453964531412031533197204072798617600,-1;-1;-1,-9
synthesized/except_one/aggregate/large/root_4.uvl,90.55;90.62;97.62,1130699,5.76;4.93;4.95,546479,0.50;0.50;0.51,-1;-1;-1,-9,-1;-1;-1,-9,-1;-1;-1,-9
synthesized/except_one/aggregate/large/root_50.uvl,-3;-3;-3,-4,3.09;2.85;2.82,103995,0.11;0.11;0.11,-3;-3;-3,-4,0.38;0.41;0.34,3295454442667201158253693008828954645648899553574848137274894172312043520,-1;-1;-1,-9
synthesized/except_one/aggregate/large/root_51.uvl,14.96;18.38;18.22,321656,2.77;2.87;3.95,112965,0.11;0.12;0.13,0.35;0.33;0.15,85887811584,0.32;0.36;0.34,85887811584,-1;-1;-1,-9
synthesized/except_one/aggregate/large/root_52.uvl,-3;-3;-3,-4,2.79;2.59;2.67,72100,0.07;0.08;0.08,-3;-3;-3,-4,0.52;0.52;0.52,9869927788097821176230682948414985531430946886212426058964530191497257345201361844389667694362180749953805813022720000000,-1;-1;-1,-9
synthesized/except_one/aggregate/large/root_53.uvl,4.73;4.82;5.39,486528,3.57;3.07;3.21,138675,0.15;0.14;0.14,0.53;0.54;0.53,1003785377757196348088752186209160062165005107200,0.62;0.61;0.63,1003785377757196348088752186209160062165005107200,-1;-1;-1,-9
synthesized/except_one/aggregate/large/root_54.uvl,-1;-1;-1,-4,2.74;2.76;2.80,103546,0.10;0.12;0.12,-3;-3;-3,-4,1.63;1.67;1.74,21511029288969456153504808,-1;-1;-1,-9
synthesized/except_one/aggregate/large/root_55.uvl,7.44;7.73;7.29,708494,3.51;3.32;3.18,185422,0.26;0.21;0.18,0.65;0.67;0.66,9167266875506678954741291837455124222729352695925354226873455410133799914608141490366740881735680000000,3.70;3.62;3.63,18334533751013357909482583674910248445458705391850708453746910820267599829216282980733481763471360000000,-1;-1;-1,-9
synthesized/except_one/aggregate/large/root_56.uvl,-3;-3;-3,-4,2.64;2.75;2.52,70645,0.07;0.07;0.08,-3;-3;-3,-4,0.27;0.26;0.24,56614381577270504412571238400,-1;-1;-1,-9
synthesized/except_one/aggregate/large/root_57.uvl,8.07;6.64;6.82,361151,3.42;3.39;3.01,123820,0.12;0.13;0.14,0.46;0.50;0.49,2005340554249170940791816532350029427680743511238995199110736394793779200000,0.64;0.62;0.64,2005340554249170940791816532350029427680743511238995199110736394793779200000,-1;-1;-1,-9
synthesized/except_one/aggregate/large/root_58.uvl,-1;-1;-1,-4,4.56;4.73;6.60,478265,0.48;0.46;0.45,-3;-3;-3,-4,-1;-1;-1,-9,-1;-1;-1,-9
synthesized/except_one/aggregate/large/root_59.uvl,6.02;4.65;4.67,527778,3.01;3.12;2.92,133534,0.14;0.13;0.13,0.17;0.17;0.17,41688771888717371431075184640000,0.37;0.41;0.38,41688771888717371431075184640000,-1;-1;-1,-9
synthesized/except_one/aggregate/large/root_5.uvl,90.15;89.69;90.81,266848,2.80;3.19;3.06,116485,0.13;0.12;0.12,0.22;0.22;0.22,13486060065455964004009437058417962918468154126437156655918903310561700741120000,0.46;0.45;0.49,13486060065455964004009437058417962918468154126437156655918903310561700741120000,-1;-1;-1,-9
synthesized/except_one/aggregate/large/root_60.uvl,-1;-1;-1,-4,4.58;4.74;4.58,519509,0.48;0.49;0.50,-3;-3;-3,-4,5.81;9.82;5.88,6549681969655914286799073746878464000,-1;-1;-1,-9
synthesized/except_one/aggregate/large/root_61.uvl,11.95;11.91;12.03,196939,2.62;2.49;2.78,81176,0.08;0.09;0.08,0.20;0.20;0.20,5079922648736517785446091989340909735504384443112372373615261253632000,0.30;0.30;0.38,5079922648736517785446091989340909735504384443112372373615261253632000,-1;-1;-1,-9
synthesized/except_one/aggregate/large/root_62.uvl,3.85;3.92;4.14,233741,3.02;2.72;2.76,104365,0.11;0.11;0.11,0.21;0.21;0.21,15968098168079876888918650209397929063556841472000000,0.33;0.33;0.39,15968098168079876888918650209397929063556841472000000,-1;-1;-1,-9
synthesized/except_one/aggregate/large/root_63.uvl,-1;-1;-1,-4,5.43;5.63;5.59,415606,0.43;0.41;0.41,-3;-3;-3,-4,-1;-1;-1,-9,-1;-1;-1,-9
synthesized/except_one/aggregate/large/root_64.uvl,5.73;4.59;5.45,388536,3.07;2.74;3.62,125450,0.12;0.13;0.13,0.39;0.39;0.59,15589346934475376863328504765433913505275574767324716946048408681300623360000,0.63;0.64;0.63,15589346934475376863328504765433913505275574767324716946048408681300623360000,-1;-1;-1,-9
synthesized/except_one/aggregate/large/root_65.uvl,7.04;5.75;5.78,658357,3.25;3.42;3.51,249848,0.24;0.24;0.25,0.51;0.51;0.51,527280767650812100905093975530512592863147257686057287680000000,1.86;2.83;2.24,527280767650812100905093975530512592863147257686057287680000000,-1;-1;-1,-9
synthesized/except_one/aggregate/large/root_66.uvl,13.69;16.90;14.83,2930268,4.67;4.70;4.46,541346,0.50;0.50;0.49,0.43;0.44;0.43,752497831216830333909884277629255802331562175128557683134693376000000000,1.72;1.99;1.91,752497831216830333909884277629255802331562175128557683134693376000000000,-1;-1;-1,-9
synthesized/except_one/aggregate/large/root_67.uvl,-1;-1;-1,-4,3.11;2.75;2.92,75291,0.08;0.08;0.08,-3;-3;-3,-4,0.81;0.86;0.87,3187726508833751683278984570647684504927673648694062533127319487027809539720125263107657455050882090355516439136978383307985193757796629101154431161611734667090722816000000000,-3;-3;-3,-9
synthesized/except_one/aggregate/large/root_68.uvl,8.19;8.16;8.68,737514,3.43;3.61;3.29,210203,0.22;0.22;0.22,0.77;0.77;0.86,46700450128710649640887246241461240386725998811627747463816806400000,36.00;33.47;33.58,46700450128710649640887246241461240386725998811627747463816806400000,-1;-1;-1,-9
synthesized/except_one/aggregate/large/root_69.uvl,20.35;20.11;22.00,3370065,4.32;5.17;4.40,564794,0.53;0.53;0.69,2.19;2.15;2.16,18569759830140880613926818947526249529615253455446736896000000,2.66;2.39;2.51,18569759830140880613926818947526249529615253455446736896000000,-1;-1;-1,-9
synthesized/except_one/aggregate/large/root_6.uvl,9.56;11.41;11.65,250000,2.61;2.71;2.72,97068,0.09;0.10;0.10,0.15;0.14;0.15,18119393280000,0.27;0.29;0.28,18119393280000,-1;-1;-1,-9
synthesized/except_one/aggregate/large/root_70.uvl,4.37;4.42;4.47,142791,3.27;3.04;2.79,86771,0.09;0.09;0.09,0.17;0.17;0.17,95327650792237619478528000,0.26;0.34;0.26,95327650792237619478528000,-3;-3;-3,-9
synthesized/except_one/aggregate/large/root_71.uvl,23.83;29.96;28.05,4020212,5.58;4.72;4.82,644066,0.57;0.55;0.55,0.35;0.36;0.35,14286412729355678392066809462502981632,1.41;1.44;1.43,14286412729355678392066809462502981632,-1;-1;-1,-9
synthesized/except_one/aggregate/large/root_72.uvl,136.13;146.13;114.17,8136561,11.98;12.52;14.71,1794622,1.64;1.64;1.69,6.38;6.42;6.37,1169593299026503858122789077570312151349035611792512184760557144563917699438195849420915341035022550131166071175705835118591123554488487479526658578749711833839925029044571504559673938241114957295024650384583619083125931744235707972887723225998402546273754856140274689993338781696000000000000,8.64;8.62;10.38,4678373196106015432491156310281248605396142447170048739042228578255670797752783397683661364140090200524664284702823340474364494217953949918106634314998847335359700116178286018238695752964459829180098601538334476332503726976942831891550892903993610185095019424561098759973355126784000000000000,-1;-1;-1,-9
synthesized/except_one/aggregate/large/root_73.uvl,26.33;29.41;24.57,156681,2.50;2.77;3.00,73769,0.08;0.08;0.08,0.21;0.21;0.22,299322152237782702567321897400404269800459312981606400000000000,0.25;0.33;0.27,299322152237782702567321897400404269800459312981606400000000000,-1;-1;-1,-9
synthesized/except_one/aggregate/large/root_74.uvl,4.07;4.08;4.07,293021,2.99;3.28;3.16,167223,0.16;0.16;0.16,0.17;0.16;0.16,36808334434999997789506633728,0.45;0.45;0.45,36808334434999997789506633728,-1;-1;-1,-9
synthesized/except_one/aggregate/large/root_75.uvl,-1;-1;-1,-4,2.93;3.65;3.18,140210,0.15;0.14;0.15,-3;-3;-3,-4,0.61;0.65;0.62,31612343035266573738276109195349216277725863687118697044233871461335008752435200000000,-1;-1;-1,-9
synthesized/except_one/aggregate/large/root_76.uvl,4.68;4.59;5.00,535822,2.95;2.95;2.92,130051,0.13;0.13;0.13,0.24;0.25;0.25,820400192784878186199179174323083964041239075818662441071885687048896512000000,0.55;0.51;0.46,3281600771139512744796716697292335856164956303274649764287542748195586048000000,-1;-1;-1,-9
synthesized/except_one/aggregate/large/root_77.uvl,-1;-1;-1,-4,2.46;2.67;2.56,75812,0.08;0.08;0.08,-3;-3;-3,-4,0.23;0.26;0.24,82512725799658868345971267602494171036829438030267425606424207341507481976379658538048678994811468951735513983002517871720852725221397768689787237482112759704536046655065659801600,-3;-3;-3,-9
synthesized/except_one/aggregate/large/root_78.uvl,3.11;3.13;3.04,82121,2.57;2.90;3.06,66372,0.08;0.07;0.07,0.15;0.15;0.15,10821159546097532683477756894248960,0.22;0.21;0.22,21642319092195065366955513788497920,-1;-1;-1,-9
synthesized/except_one/aggregate/large/root_79.uvl,182.13;265.99;332.37,10079394,6.32;6.26;7.24,857570,0.83;0.79;0.79,0.82;0.65;0.65,27745054054030119448776738699158224896,1.99;2.07;1.99,27745054054030119448776738699158224896,-1;-1;-1,-9
synthesized/except_one/aggregate/large/root_7.uvl,5.72;6.59;5.34,339439,3.73;3.35;3.22,132961,0.14;0.19;0.16,0.24;0.24;0.43,270326038977865954230242506393513594936776765036785049444286464000000000,0.41;0.42;0.41,270326038977865954230242506393513594936776765036785049444286464000000000,-3;-3;-3,-9
synthesized/except_one/aggregate/large/root_80.uvl,3.77;3.85;4.92,170942,3.20;3.00;3.84,79963,0.09;0.09;0.09,0.16;0.17;0.37,94775934833717167835584188577260503040,0.30;0.29;0.29,94775934833717167835584188577260503040,-3;-3;-3,-9
synthesized/except_one/aggregate/large/root_81.uvl,-1;-1;-1,-4,2.41;2.40;2.51,44766,0.05;0.05;0.05,-3;-3;-3,-4,0.18;0.18;0.19,7190656791989041817688513149391139738655550027276584412781955270025045800101583521898262941150230341903974400000,-3;-3;-3,-9
synthesized/except_one/aggregate/large/root_82.uvl,15.11;14.81;15.54,3034619,5.01;4.95;6.81,538640,0.50;0.49;0.50,0.75;0.73;0.72,4484188887742367167826799152503831270888323014823791486302554441331507200,4.05;4.23;4.20,4484188887742367167826799152503831270888323014823791486302554441331507200,-1;-1;-1,-9
synthesized/except_one/aggregate/large/root_83.uvl,14.03;14.44;11.72,1214420,3.44;3.45;3.68,294266,0.29;0.28;0.28,1.21;1.21;1.19,671205177788744264221680551861611645172973175577863174937968607526202095458844672000,1.97;1.96;1.92,671205177788744264221680551861611645172973175577863174937968607526202095458844672000,-1;-1;-1,-9
synthesized/except_one/aggregate/large/root_84.uvl,13.25;14.29;15.95,333621,3.55;3.06;2.96,113041,0.11;0.12;0.12,0.42;0.41;0.21,490727809704481556432178663845995216896000,0.51;0.49;0.45,490727809704481556432178663845995216896000,-3;-3;-3,-9
synthesized/except_one/aggregate/large/root_85.uvl,14.68;11.30;11.26,682425,3.22;3.16;3.09,175720,0.17;0.17;0.18,0.68;0.73;0.69,20827951183785040990039694965593629920891247105490407939427532800,2.64;3.19;2.62,41655902367570081980079389931187259841782494210980815878855065600,-1;-1;-1,-9
synthesized/except_one/aggregate/large/root_86.uvl,41.71;33.06;28.71,8307722,6.30;4.82;4.75,736812,0.65;0.63;0.65,0.67;0.63;0.65,139307713939584880291947708667071037440000,1.63;1.64;1.66,139307713939584880291947708667071037440000,-1;-1;-1,-9
synthesized/except_one/aggregate/large/root_87.uvl,19.63;25.27;24.14,1932522,7.22;7.27;7.31,886453,0.85;0.86;0.84,0.32;0.33;0.31,2672207631802371758884867288369586884811371315200000000,3.76;3.77;3.67,2672207631802371758884867288369586884811371315200000000,-1;-1;-1,-9
synthesized/except_one/aggregate/large/root_88.uvl,-1;-1;-1,-4,2.92;3.02;3.30,60534,0.07;0.07;0.06,-3;-3;-3,-4,0.22;0.21;0.33,78210091145725283378668862154861064645392733092148716594287108611588734838068450966841136666950070254794225255143596483165584436903652608588519287202873893640389725700818787643510037937617317637753143296000,-3;-3;-3,-9
synthesized/except_one/aggregate/large/root_89.uvl,-1;-1;-1,-4,2.53;3.07;2.74,64311,0.07;0.07;0.07,-3;-3;-3,-4,0.37;0.24;0.24,66544812883136288483447596278451984428536250351825321245297300471808000000000,-3;-3;-3,-9
synthesized/except_one/aggregate/large/root_8.uvl,92.20;73.85;71.48,219348,2.87;2.80;3.63,120794,0.12;0.12;0.12,0.18;0.19;0.19,4724881046167921895241659560455808596178314149631098880000,0.44;0.46;0.45,4724881046167921895241659560455808596178314149631098880000,-1;-1;-1,-9
synthesized/except_one/aggregate/large/root_90.uvl,3.42;3.49;3.67,112218,2.72;2.86;2.82,70609,0.08;0.07;0.08,0.20;0.36;0.19,114368569692029026908120428182310387943001825103505535616871167483811860368588800000000,0.27;0.25;0.25,114368569692029026908120428182310387943001825103505535616871167483811860368588800000000,-3;-3;-3,-9
synthesized/except_one/aggregate/large/root_91.uvl,4.34;5.25;5.19,219906,3.18;3.07;2.86,83183,0.09;0.09;0.09,0.24;0.24;0.24,1074752396277595436447592363938355121131356160000000,0.32;0.31;0.32,1074752396277595436447592363938355121131356160000000,-3;-3;-3,-9
synthesized/except_one/aggregate/large/root_92.uvl,24.97;21.33;25.67,2807451,4.91;4.68;4.74,585517,0.55;0.55;0.55,17.96;17.89;18.01,338135111502381759986774154578390557131658821168334935637410813199076552011501941175146403483090944000000,-1;-1;-1,-9,-1;-1;-1,-9
synthesized/except_one/aggregate/large/root_93.uvl,14.04;14.04;10.28,1915733,9.05;3.56;3.95,294265,0.28;0.28;0.28,0.41;0.40;0.40,10335913522782141524426057638512464322799212236793446400000,1.27;1.36;1.30,10335913522782141524426057638512464322799212236793446400000,-1;-1;-1,-9
synthesized/except_one/aggregate/large/root_94.uvl,-1;-1;-1,-4,2.68;2.88;3.01,55806,0.06;0.06;0.06,-3;-3;-3,-4,0.20;0.17;0.20,33652810265409993477980160,-3;-3;-3,-9
synthesized/except_one/aggregate/large/root_95.uvl,29.32;26.50;25.19,8743159,3.52;3.40;3.42,297223,0.27;0.29;0.29,-1;-1;-1,-9,117.47;115.99;121.37,25506420955379929379566046870572456492492243599360000000000,-1;-1;-1,-9
synthesized/except_one/aggregate/large/root_96.uvl,12.32;7.48;7.50,422186,3.16;3.73;3.40,132946,0.14;0.14;0.15,0.23;0.23;0.23,90093273655761147590127201687046663070510992455209950899353861385879552000000000,0.55;0.54;0.54,90093273655761147590127201687046663070510992455209950899353861385879552000000000,-1;-1;-1,-9
synthesized/except_one/aggregate/large/root_97.uvl,252.08;270.01;335.34,397755,3.58;3.08;3.00,148123,0.15;0.15;0.15,0.52;0.33;0.33,3109432431495640404292133375372565667525979936643889101065106612911248397125048925821285171200000,0.55;0.53;0.53,3109432431495640404292133375372565667525979936643889101065106612911248397125048925821285171200000,-1;-1;-1,-9
synthesized/except_one/aggregate/large/root_98.uvl,210.38;208.03;256.88,130401,2.79;2.87;2.75,73979,0.09;0.09;0.08,0.23;0.22;0.53,239727195845330776977382763987726430588935135762799829254522399035613952081920000,0.32;0.35;0.35,239727195845330776977382763987726430588935135762799829254522399035613952081920000,-1;-1;-1,-9
synthesized/except_one/aggregate/large/root_99.uvl,-1;-1;-1,-4,2.68;2.48;2.75,85522,0.09;0.12;0.12,-3;-3;-3,-4,0.29;0.29;0.28,2007451741307609004796718438331800473197724102328687001600000000,-1;-1;-1,-9
synthesized/except_one/aggregate/large/root_9.uvl,4.63;4.81;4.35,261803,2.71;2.74;2.80,94269,0.10;0.10;0.10,0.20;0.20;0.20,525762600966886819698499329228747571200,0.34;0.33;0.32,525762600966886819698499329228747571200,-1;-1;-1,-9
synthesized/except_one/aggregate/medium/root_100.uvl,-1;-1;-1,-4,1.57;1.68;1.67,21145,0.02;0.03;0.02,-3;-3;-3,-4,0.13;0.13;0.20,1662552,-1;-1;-1,-9
synthesized/except_one/aggregate/medium/root_10.uvl,3.30;3.80;3.39,217938,1.73;2.06;1.98,61143,0.07;0.07;0.06,0.23;0.22;0.22,15836556526442727744397639680,0.77;0.77;0.76,31673113052885455488795279360,-1;-1;-1,-9
synthesized/except_one/aggregate/medium/root_11.uvl,15.59;15.75;14.73,1883506,2.65;2.66;2.80,255152,0.26;0.25;0.25,2.86;2.81;2.77,6589450317739522128702204302737076625396383079630397869455289876480,4.88;4.71;4.72,6589450317739522128702204302737076625396383079630397869455289876480,-1;-1;-1,-9
synthesized/except_one/aggregate/medium/root_12.uvl,2.65;2.66;2.92,114002,2.09;2.07;1.92,29622,0.04;0.03;0.04,0.41;0.23;0.22,17782193460170069510531382436355584819200,0.20;0.20;0.20,35564386920340139021062764872711169638400,-1;-1;-1,-9
synthesized/except_one/aggregate/medium/root_13.uvl,1.82;1.75;1.95,18807,1.67;1.41;1.46,15483,0.02;0.02;0.02,0.12;0.12;0.12,163840,0.18;0.05;0.05,163840,-3;-3;-3,-9
synthesized/except_one/aggregate/medium/root_14.uvl,2.37;2.33;2.26,24406,1.72;1.47;1.73,14253,0.02;0.02;0.02,0.13;0.14;0.13,10388009937367203840000,0.05;0.05;0.05,10388009937367203840000,-3;-3;-3,-9
synthesized/except_one/aggregate/medium/root_15.uvl,-1;-1;-1,-4,1.80;1.69;9.62,28281,0.03;0.03;0.03,-3;-3;-3,-4,0.11;0.11;0.10,70565528231693674890954406500205854720,-3;-3;-3,-9
synthesized/except_one/aggregate/medium/root_16.uvl,2.43;2.40;2.18,76815,2.22;1.87;1.94,39444,0.04;0.04;0.04,0.15;0.15;0.15,316631412270610513920000,0.26;0.23;0.23,316631412270610513920000,-1;-1;-1,-9
synthesized/except_one/aggregate/medium/root_17.uvl,2.18;2.37;2.32,80705,1.93;3.48;1.97,28200,0.03;0.03;0.03,0.14;0.14;0.14,5559701089863469180649472,0.09;0.10;0.10,5559701089863469180649472,-3;-3;-3,-9
synthesized/except_one/aggregate/medium/root_18.uvl,-3;-3;-3,-4,1.80;2.00;1.87,77737,0.08;0.08;0.08,-3;-3;-3,-4,0.84;0.84;0.84,242875613116313969344233059875653512701232014258989195203539107840,-1;-1;-1,-9
synthesized/except_one/aggregate/medium/root_19.uvl,-1;-1;-1,-4,1.81;1.71;1.64,13820,0.02;0.02;0.02,-3;-3;-3,-4,0.04;0.04;0.04,168458880545954547808272824401920,-3;-3;-3,-9
synthesized/except_one/aggregate/medium/root_1.uvl,4.07;4.42;5.18,79464,1.74;1.60;1.73,31118,0.04;0.03;0.03,0.12;0.13;0.29,768,0.08;0.08;0.07,768,-3;-3;-3,-9
synthesized/except_one/aggregate/medium/root_20.uvl,2.11;2.18;2.28,16167,1.90;1.82;1.68,11644,0.02;0.02;0.02,0.13;0.13;0.12,1811939328,0.04;0.06;0.04,1811939328,-3;-3;-3,-9
synthesized/except_one/aggregate/medium/root_21.uvl,-3;-3;-3,-4,2.06;1.58;1.70,31191,0.03;0.04;0.04,-3;-3;-3,-4,0.08;0.09;0.09,23883390684113465579490299109254470041600000000,-3;-3;-3,-9
synthesized/except_one/aggregate/medium/root_22.uvl,-3;-3;-3,-4,1.47;1.47;1.37,14974,0.02;0.03;0.02,-3;-3;-3,-4,0.04;0.04;0.05,4259840,-1;-1;-1,-9
synthesized/except_one/aggregate/medium/root_23.uvl,2.04;1.92;2.03,138947,1.61;1.72;1.75,42408,0.06;0.04;0.04,0.16;0.16;0.32,35,0.26;0.17;0.16,35,-1;-1;-1,-9
synthesized/except_one/aggregate/medium/root_24.uvl,2.68;2.41;2.83,122018,2.13;2.08;2.08,42898,0.04;0.04;0.04,0.16;0.17;0.17,8618200836926865408000,0.28;0.24;0.30,8618200836926865408000,-1;-1;-1,-9
synthesized/except_one/aggregate/medium/root_25.uvl,2.46;2.58;2.62,49098,1.74;1.59;1.95,30944,0.03;0.03;0.04,0.13;0.13;0.12,18481781145600,0.08;0.07;0.07,18481781145600,-3;-3;-3,-9
synthesized/except_one/aggregate/medium/root_26.uvl,2.06;1.99;2.14,39159,1.82;1.49;1.63,17474,0.02;0.02;0.02,0.12;0.12;0.12,452984832,0.05;0.05;0.05,452984832,-3;-3;-3,-9
synthesized/except_one/aggregate/medium/root_27.uvl,2.26;1.98;2.13,42531,1.74;1.67;1.67,20725,0.02;0.02;0.02,0.13;0.13;0.13,4831838208000,0.07;0.07;0.07,4831838208000,-3;-3;-3,-9
synthesized/except_one/aggregate/medium/root_28.uvl,-1;-1;-1,-4,1.78;1.44;1.92,9634,0.01;0.01;0.02,-3;-3;-3,-4,0.03;0.04;0.04,1286905519599274206292484183556096000,-3;-3;-3,-9
synthesized/except_one/aggregate/medium/root_29.uvl,-1;-1;-1,-4,1.74;1.59;2.27,9786,0.01;0.01;0.01,-3;-3;-3,-4,0.04;0.04;0.04,2422518022318009178367188367360927989760,-3;-3;-3,-9
synthesized/except_one/aggregate/medium/root_2.uvl,2.08;65.19;2.29,74403,1.77;1.67;1.74,33052,0.04;0.04;0.04,0.16;0.16;0.16,33075423640577177026560,0.19;0.18;0.16,33075423640577177026560,-1;-1;-1,-9
synthesized/except_one/aggregate/medium/root_30.uvl,2.35;2.46;1.92,19029,1.70;1.73;1.60,15536,0.04;0.02;0.02,0.13;0.13;0.13,39243593096720547840,0.05;0.06;0.06,39243593096720547840,-3;-3;-3,-9
synthesized/except_one/aggregate/medium/root_31.uvl,2.20;2.21;2.36,50681,1.71;1.72;1.68,22439,0.03;0.03;0.03,0.12;0.12;0.12,78643200,0.06;0.06;0.07,78643200,-3;-3;-3,-9
synthesized/except_one/aggregate/medium/root_32.uvl,1.94;1.80;1.93,13312,1.71;1.88;1.53,12757,0.02;0.08;0.02,0.13;0.13;0.12,3428827011219456,0.04;0.04;0.04,6857654022438912,-3;-3;-3,-9
synthesized/except_one/aggregate/medium/root_33.uvl,3.13;3.27;3.03,120186,1.73;1.74;1.78,39511,0.04;0.04;0.05,0.13;0.41;0.13,23040,0.09;0.09;0.09,23040,-1;-1;-1,-9
synthesized/except_one/aggregate/medium/root_34.uvl,1.82;1.88;1.74,10942,1.66;1.64;1.62,9584,0.01;0.03;0.01,0.13;0.13;0.13,1120639702477855260672,0.03;0.04;0.03,4482558809911421042688,-3;-3;-3,-9
synthesized/except_one/aggregate/medium/root_35.uvl,2.11;1.96;1.98,51687,1.84;2.14;1.66,33488,0.08;0.04;0.04,0.15;0.13;0.14,26718132554956800,0.19;0.23;0.09,26718132554956800,-1;-1;-1,-9
synthesized/except_one/aggregate/medium/root_36.uvl,2.05;1.94;2.05,25488,1.66;1.73;1.58,16141,0.02;0.02;-9,0.14;0.14;0.14,43459808461719324327936,0.05;0.06;0.05,86919616923438648655872,-3;-3;-3,-9
synthesized/except_one/aggregate/medium/root_37.uvl,12.48;12.38;12.95,37628,1.76;1.61;1.58,17077,0.02;0.02;0.02,0.13;0.13;0.30,2720,0.05;0.05;0.05,2720,-1;-1;-1,-9
synthesized/except_one/aggregate/medium/root_38.uvl,3.80;3.94;3.77,292639,2.12;1.92;1.96,101405,0.09;0.09;0.10,0.21;0.21;0.21,35714846134384682828254655985745920,0.34;0.34;0.34,35714846134384682828254655985745920,-1;-1;-1,-9
synthesized/except_one/aggregate/medium/root_39.uvl,1.91;1.94;1.70,12102,1.53;1.59;1.52,11514,0.02;0.02;0.02,0.12;0.12;0.12,27430616089755648,0.04;0.04;0.04,27430616089755648,-3;-3;-3,-9
synthesized/except_one/aggregate/medium/root_3.uvl,1.83;1.75;1.89,14282,1.42;1.37;1.55,11115,0.02;0.01;0.01,0.29;0.14;0.13,3215829919334400,0.04;0.04;0.04,6431659838668800,-3;-3;-3,-9
synthesized/except_one/aggregate/medium/root_40.uvl,2.63;2.84;2.54,225749,1.71;1.83;1.69,41728,0.04;0.04;0.04,0.17;0.18;0.21,8891658836272742400,0.13;0.13;0.13,8891658836272742400,-1;-1;-1,-9
synthesized/except_one/aggregate/medium/root_41.uvl,2.72;2.32;2.34,54910,1.54;2.18;1.86,47351,0.05;0.05;0.05,0.30;0.30;0.32,9714187927107490325713576179793920,0.12;0.13;0.13,9714187927107490325713576179793920,-3;-3;-3,-9
synthesized/except_one/aggregate/medium/root_42.uvl,2.11;1.82;1.85,15057,1.69;1.56;1.88,12885,0.02;0.02;0.02,0.30;0.12;0.12,51380224,0.04;0.04;0.04,51380224,-3;-3;-3,-9
synthesized/except_one/aggregate/medium/root_43.uvl,204.55;214.70;309.16,5394713,4.70;4.61;4.54,471499,0.47;0.48;0.45,11.71;11.67;11.34,13812576091256674483831609384468230438912000,6.37;6.25;9.17,13812576091256674483831609384468230438912000,-1;-1;-1,-9
synthesized/except_one/aggregate/medium/root_44.uvl,1.83;1.80;1.69,39905,1.49;1.92;1.53,31692,0.04;0.03;0.03,0.13;0.14;0.13,36993761280,0.18;0.09;0.08,36993761280,-1;-1;-1,-9
synthesized/except_one/aggregate/medium/root_45.uvl,2.58;2.57;2.51,154656,1.69;1.70;1.80,41493,0.05;0.04;0.04,0.42;0.22;0.23,1135563882477615114128732648262837731328,0.23;0.23;0.23,1135563882477615114128732648262837731328,-1;-1;-1,-9
synthesized/except_one/aggregate/medium/root_46.uvl,-1;-1;-1,-4,1.58;1.45;1.47,9685,0.01;0.01;0.01,-3;-3;-3,-4,0.16;0.04;0.03,556185182556496140038701685145600,-3;-3;-3,-9
synthesized/except_one/aggregate/medium/root_47.uvl,2.26;2.10;2.10,37874,1.57;1.59;1.44,18948,0.03;0.03;0.03,0.09;0.09;0.09,3072,0.05;0.05;0.06,3072,-3;-3;-3,-9
synthesized/except_one/aggregate/medium/root_48.uvl,4.87;4.86;4.58,1022357,1.85;2.28;2.14,160727,0.15;0.15;0.15,4.25;4.23;4.22,17791574264990,0.82;0.86;0.86,17791574264990,-1;-1;-1,-9
synthesized/except_one/aggregate/medium/root_49.uvl,1.75;2.05;1.97,24852,1.60;1.69;1.51,18776,0.02;0.02;0.03,0.29;0.12;0.12,497664,0.05;0.13;0.05,497664,-3;-3;-3,-9
synthesized/except_one/aggregate/medium/root_4.uvl,1.80;1.94;1.77,32243,1.70;1.49;1.83,17351,0.02;0.02;0.02,0.12;0.12;0.12,31078383353856,0.05;0.05;0.05,31078383353856,-3;-3;-3,-9
synthesized/except_one/aggregate/medium/root_50.uvl,4.08;4.08;4.02,14477,2.17;1.86;1.92,12951,0.02;0.02;0.02,0.12;0.28;0.13,32831241283530915840,0.04;0.04;0.04,32831241283530915840,-3;-3;-3,-9
synthesized/except_one/aggregate/medium/root_51.uvl,2.67;2.56;2.52,134342,1.89;1.93;1.90,42203,0.04;0.04;0.04,0.14;0.14;0.13,890604418498560,0.11;0.11;0.11,890604418498560,-3;-3;-3,-9
synthesized/except_one/aggregate/medium/root_52.uvl,-1;-1;-1,-4,1.74;1.64;1.51,21264,0.02;0.04;0.05,-3;-3;-3,-4,0.06;0.06;0.05,327680,-1;-1;-1,-9
synthesized/except_one/aggregate/medium/root_53.uvl,2.23;2.03;2.10,44493,1.78;1.68;1.53,18132,0.02;0.02;0.02,0.15;0.15;0.14,60041060352,0.09;0.05;0.05,60041060352,-3;-3;-3,-9
synthesized/except_one/aggregate/medium/root_54.uvl,1.81;2.37;2.14,26213,1.47;1.45;1.42,14361,0.05;0.05;0.05,0.13;0.13;0.13,753008640,0.12;0.05;0.04,753008640,-3;-3;-3,-9
synthesized/except_one/aggregate/medium/root_55.uvl,-3;-3;-3,-4,1.41;1.66;1.62,10374,0.01;0.01;0.01,-3;-3;-3,-4,0.04;0.04;0.14,1150634318014778831011863488102400000,-3;-3;-3,-9
synthesized/except_one/aggregate/medium/root_56.uvl,5.33;5.31;5.17,834994,2.07;1.90;2.00,125422,0.12;0.12;0.12,0.93;0.93;0.93,88227904534584312883366059835392,0.63;0.63;0.65,88227904534584312883366059835392,-1;-1;-1,-9
synthesized/except_one/aggregate/medium/root_57.uvl,5.14;4.74;4.94,134015,2.01;2.29;2.03,88264,0.10;0.10;0.09,0.17;0.17;0.17,43918933803990505670803730012411072588344792140742656000,0.26;0.25;0.25,43918933803990505670803730012411072588344792140742656000,-1;-1;-1,-9
synthesized/except_one/aggregate/medium/root_58.uvl,93.26;90.08;97.25,50946,1.76;1.45;1.71,20911,0.03;0.02;0.02,0.16;0.15;0.15,2351959869397967831040000,0.08;0.09;0.08,2351959869397967831040000,-1;-1;-1,-9
synthesized/except_one/aggregate/medium/root_59.uvl,1.76;1.90;2.35,23513,1.76;1.98;2.14,13708,0.02;0.02;0.02,0.13;0.13;0.13,345804996870144000,0.04;0.04;0.04,345804996870144000,-3;-3;-3,-9
synthesized/except_one/aggregate/medium/root_5.uvl,1.94;2.04;1.90,32453,1.77;1.58;1.55,19812,0.02;0.02;0.03,0.13;0.13;0.13,7705271992320,0.11;0.13;0.06,7705271992320,-3;-3;-3,-9
synthesized/except_one/aggregate/medium/root_60.uvl,5.56;5.23;5.38,11420,1.63;1.68;1.65,9395,0.01;0.01;0.01,0.12;0.12;0.12,3932160,0.03;0.03;0.03,3932160,-3;-3;-3,-9
synthesized/except_one/aggregate/medium/root_61.uvl,1.87;1.92;2.03,23994,1.57;1.89;1.76,16558,0.02;0.02;0.02,0.12;0.12;0.12,3623878656,0.05;0.05;0.05,3623878656,-3;-3;-3,-9
synthesized/except_one/aggregate/medium/root_62.uvl,1.48;1.72;1.65,16998,1.82;1.76;1.60,12342,0.01;0.02;0.01,0.13;0.12;0.12,46656,0.04;0.04;0.09,46656,-3;-3;-3,-9
synthesized/except_one/aggregate/medium/root_63.uvl,4.92;4.85;4.86,571701,2.21;2.17;2.33,109724,0.10;0.11;0.11,0.17;0.32;0.19,9618614692872192,0.32;0.26;0.24,9618614692872192,-1;-1;-1,-9
synthesized/except_one/aggregate/medium/root_64.uvl,2.40;2.35;2.46,90996,1.77;1.84;1.74,38275,0.04;0.04;0.04,0.14;0.14;0.14,4403012567040,0.16;0.10;0.11,4403012567040,-3;-3;-3,-9
synthesized/except_one/aggregate/medium/root_65.uvl,2.08;2.36;2.01,51825,1.86;1.82;2.09,46159,0.05;0.05;0.05,0.19;0.20;0.20,422899037479026819072,1.77;1.66;1.68,422899037479026819072,-1;-1;-1,-9
synthesized/except_one/aggregate/medium/root_66.uvl,1.49;1.58;1.62,22084,1.68;1.51;1.62,13880,0.02;0.02;0.02,0.13;0.13;0.13,9,0.05;0.05;0.05,9,-1;-1;-1,-9
synthesized/except_one/aggregate/medium/root_67.uvl,66.65;65.32;68.57,32585,1.73;1.93;1.47,26254,0.03;0.03;0.03,0.14;0.13;0.14,1721302583005985680392192,0.07;0.08;0.07,1721302583005985680392192,-3;-3;-3,-9
synthesized/except_one/aggregate/medium/root_68.uvl,-1;-1;-1,-4,1.69;1.47;1.55,24216,0.03;0.03;0.03,-3;-3;-3,-4,0.13;0.15;0.14,92116247798642299007412641175485374563090432000,-1;-1;-1,-9
synthesized/except_one/aggregate/medium/root_69.uvl,2.53;2.55;2.79,42791,1.69;1.75;1.75,20481,0.02;0.03;0.03,0.12;0.12;0.12,23215472640,0.06;0.06;0.06,23215472640,-3;-3;-3,-9
synthesized/except_one/aggregate/medium/root_6.uvl,3.84;3.72;3.63,323424,2.13;2.05;2.21,76667,0.07;0.08;0.08,0.36;0.36;0.36,674067253672670393702026890260250624000,0.63;0.64;0.63,674067253672670393702026890260250624000,-1;-1;-1,-9
synthesized/except_one/aggregate/medium/root_70.uvl,34.53;32.36;33.88,363639,1.87;2.16;1.88,83004,0.08;0.08;0.09,0.28;0.28;0.28,155232417939820904448,0.29;0.29;0.29,155232417939820904448,-1;-1;-1,-9
synthesized/except_one/aggregate/medium/root_71.uvl,50.31;43.05;56.65,2827604,5.34;5.00;4.97,583296,0.57;0.55;0.56,11.36;11.33;12.89,29926161169816149571990811152023810764415122463464868204361748141935466211164495075906500709364793344000,23.17;24.14;23.52,29926161169816149571990811152023810764415122463464868204361748141935466211164495075906500709364793344000,-1;-1;-1,-9
synthesized/except_one/aggregate/medium/root_72.uvl,2.81;2.56;2.51,122882,1.60;1.61;1.81,37706,0.04;0.04;0.04,0.29;0.13;0.13,10820843684757504,0.09;0.09;0.09,43283374739030016,-3;-3;-3,-9
synthesized/except_one/aggregate/medium/root_73.uvl,1.67;1.80;1.80,13851,1.77;1.76;1.33,10312,0.01;0.01;0.02,0.13;0.13;0.13,1739461754880,0.05;0.04;0.03,3478923509760,-3;-3;-3,-9
synthesized/except_one/aggregate/medium/root_74.uvl,85.42;95.89;92.28,21456,1.43;1.65;1.46,13082,0.02;0.02;0.01,0.12;0.12;0.12,41472,0.04;0.10;0.04,41472,-3;-3;-3,-9
synthesized/except_one/aggregate/medium/root_75.uvl,-3;-3;-3,-4,1.69;1.67;1.51,12389,0.02;0.03;0.02,-3;-3;-3,-4,0.12;0.13;0.04,896658402423729787024665935699697991680,-3;-3;-3,-9
synthesized/except_one/aggregate/medium/root_76.uvl,2.83;2.83;2.85,273504,1.91;2.12;1.92,72477,0.12;0.11;0.07,0.20;0.20;0.20,77733873362190478816051200,0.21;0.21;0.21,77733873362190478816051200,-1;-1;-1,-9
synthesized/except_one/aggregate/medium/root_77.uvl,7.11;6.03;5.96,1309045,2.17;2.26;2.33,129704,0.12;0.13;0.13,0.39;0.22;0.21,177179443200,0.45;0.48;0.46,177179443200,-1;-1;-1,-9
synthesized/except_one/aggregate/medium/root_78.uvl,3.78;3.17;3.06,308170,2.12;1.86;1.90,89674,0.12;0.09;0.09,0.32;0.32;0.32,1416342061552094986949885952,0.78;0.70;0.69,1416342061552094986949885952,-1;-1;-1,-9
synthesized/except_one/aggregate/medium/root_79.uvl,1.76;2.17;1.98,34387,1.82;1.58;1.61,19716,0.02;0.02;0.05,0.12;0.12;0.12,122880,0.09;0.07;0.08,245760,-3;-3;-3,-9
synthesized/except_one/aggregate/medium/root_7.uvl,576.20;549.00;540.15,21737,1.80;1.59;1.50,13090,0.02;0.02;0.02,0.39;0.12;0.12,384,0.10;0.04;0.04,384,-3;-3;-3,-9
synthesized/except_one/aggregate/medium/root_80.uvl,3.40;3.37;3.40,337338,2.14;1.99;1.64,53979,0.05;0.05;0.05,0.51;0.51;0.50,1540587561718225305600000,0.23;0.24;0.22,1540587561718225305600000,-3;-3;-3,-9
synthesized/except_one/aggregate/medium/root_81.uvl,-1;-1;-1,-4,1.62;1.55;1.60,14531,0.03;0.03;0.03,-3;-3;-3,-4,0.05;0.05;0.05,2530447082819915916262992582279168,-3;-3;-3,-4
synthesized/except_one/aggregate/medium/root_82.uvl,2.50;2.62;2.60,37581,1.45;1.51;1.61,20948,0.02;0.02;0.02,0.13;0.32;0.14,53832089295912960,0.16;0.09;0.07,107664178591825920,-3;-3;-3,-9
synthesized/except_one/aggregate/medium/root_83.uvl,17.39;16.42;14.29,12275817,2.42;2.49;2.51,242914,0.21;0.22;0.21,0.82;0.99;0.98,1280885339877558863537582899200,0.49;0.49;0.51,1280885339877558863537582899200,-1;-1;-1,-9
synthesized/except_one/aggregate/medium/root_84.uvl,1.83;1.75;1.76,24147,1.55;2.22;1.66,14308,0.02;0.02;0.07,0.13;0.13;0.13,209876932362240,0.05;0.05;0.05,209876932362240,-3;-3;-3,-9
synthesized/except_one/aggregate/medium/root_85.uvl,7.38;7.40;7.30,46601,1.84;1.54;1.68,22358,0.06;0.06;0.05,0.13;0.13;0.13,7172259840,0.07;0.07;0.07,7172259840,-3;-3;-3,-9
synthesized/except_one/aggregate/medium/root_86.uvl,1.75;1.76;1.87,24095,1.82;1.92;1.70,17490,0.02;0.02;0.02,0.13;0.13;0.13,7916483719987200,0.05;0.13;0.05,7916483719987200,-3;-3;-3,-9
synthesized/except_one/aggregate/medium/root_87.uvl,-1;-1;-1,-4,1.48;1.55;1.47,14430,0.02;0.02;0.02,-3;-3;-3,-4,0.04;0.04;0.04,8,-1;-1;-1,-9
synthesized/except_one/aggregate/medium/root_88.uvl,1.92;1.93;2.03,20839,1.63;1.52;1.78,13203,0.02;0.02;0.02,0.13;0.13;0.13,26050179241082880,0.05;0.05;0.05,26050179241082880,-3;-3;-3,-9
synthesized/except_one/aggregate/medium/root_89.uvl,2.14;1.97;2.01,29386,1.69;8.23;2.12,21809,0.03;0.02;0.02,0.15;0.15;0.15,4234458299515070630445711360,0.07;0.12;0.16,4234458299515070630445711360,-3;-3;-3,-9
synthesized/except_one/aggregate/medium/root_8.uvl,1.88;2.10;1.98,24585,1.87;1.73;1.66,20051,0.02;0.02;0.02,0.13;0.13;0.13,15616,0.07;0.06;0.06,15616,-1;-1;-1,-9
synthesized/except_one/aggregate/medium/root_90.uvl,1.72;1.74;1.93,27394,1.59;1.76;1.64,16393,0.02;0.02;0.02,0.13;0.13;0.12,30198988800,0.05;0.05;0.05,30198988800,-3;-3;-3,-9
synthesized/except_one/aggregate/medium/root_91.uvl,1.92;1.83;1.89,29919,1.80;1.81;24.60,17103,0.02;0.02;0.02,0.13;0.13;0.13,1724513255424,0.07;0.06;0.06,1724513255424,-1;-1;-1,-9
synthesized/except_one/aggregate/medium/root_92.uvl,2.14;2.24;2.09,41647,1.98;1.51;1.59,20353,0.02;0.03;0.05,0.12;0.12;0.13,619173642240,0.06;0.06;0.06,619173642240,-3;-3;-3,-9
synthesized/except_one/aggregate/medium/root_93.uvl,1.74;1.85;1.95,56919,1.51;1.59;1.58,22794,0.03;0.03;0.03,0.12;0.13;0.13,56623104,0.08;0.09;0.06,56623104,-1;-1;-1,-9
synthesized/except_one/aggregate/medium/root_94.uvl,9.39;11.24;11.42,2308764,2.13;2.39;2.22,226282,0.22;0.22;0.21,11.17;11.16;11.08,1435378498363004587868160,10.45;10.42;10.29,1435378498363004587868160,-1;-1;-1,-9
synthesized/except_one/aggregate/medium/root_95.uvl,-1;-1;-1,-4,1.69;1.81;1.71,12903,0.02;0.02;0.02,-3;-3;-3,-4,0.04;0.04;0.04,8,-1;-1;-1,-9
synthesized/except_one/aggregate/medium/root_96.uvl,-1;-1;-1,-4,1.55;1.62;1.59,10529,0.01;0.01;0.01,-3;-3;-3,-4,0.03;0.04;0.03,413626715626227684350669881344,-3;-3;-3,-9
synthesized/except_one/aggregate/medium/root_97.uvl,-1;-1;-1,-4,3.33;1.94;1.62,12723,0.02;0.02;0.02,-3;-3;-3,-4,0.04;0.04;0.04,29426519965238820864,-3;-3;-3,-9
synthesized/except_one/aggregate/medium/root_98.uvl,214.85;254.81;246.30,21918,1.57;1.97;2.37,14331,0.02;0.02;0.02,0.15;0.12;0.12,703687441776640,0.05;0.05;0.05,703687441776640,-3;-3;-3,-9
synthesized/except_one/aggregate/medium/root_99.uvl,2.02;1.94;2.16,60386,1.54;1.50;1.91,22703,0.03;0.03;0.03,0.37;0.36;0.15,101200725257748480,0.11;0.11;0.11,101200725257748480,-1;-1;-1,-9
synthesized/except_one/aggregate/medium/root_9.uvl,2.53;2.62;2.45,61784,1.53;1.87;1.86,32162,0.03;0.03;0.03,0.12;0.12;0.15,1280,0.08;0.12;0.11,1280,-3;-3;-3,-9
synthesized/except_one/aggregate/small/root_100.uvl,1.01;1.11;0.71,1942,0.78;0.67;0.73,1423,0.00;0.02;0.03,0.21;0.23;0.22,80,0.01;0.01;0.01,80,0.03;0.03;0.13,80
synthesized/except_one/aggregate/small/root_10.uvl,0.92;0.97;0.88,2058,0.80;0.92;0.83,2122,0.01;0.00;0.00,0.27;0.12;0.12,6144,0.01;0.01;0.01,6144,-3;-3;-3,-9
synthesized/except_one/aggregate/small/root_11.uvl,1.16;1.34;0.99,19106,0.87;0.99;0.89,8237,0.01;0.01;0.01,0.12;0.12;0.12,4464,0.02;0.03;0.02,8928,-3;-3;-3,-9
synthesized/except_one/aggregate/small/root_12.uvl,0.87;0.89;0.85,1968,0.76;0.78;0.79,1879,0.00;0.00;0.00,0.09;0.13;0.09,3,0.01;0.08;0.09,3,-3;-3;-3,-9
synthesized/except_one/aggregate/small/root_13.uvl,0.85;0.88;0.86,2312,0.79;0.79;0.76,2192,0.00;0.00;0.00,0.13;0.13;0.13,884736,0.01;0.01;0.02,884736,-3;-3;-3,-9
synthesized/except_one/aggregate/small/root_14.uvl,1.45;1.39;1.36,45143,0.92;0.90;0.90,10013,0.01;0.01;0.01,0.31;0.31;0.14,41287680,0.06;0.05;0.05,41287680,-3;-3;-3,-9
synthesized/except_one/aggregate/small/root_15.uvl,22.89;22.83;37.55,123336,1.18;1.14;1.06,49661,0.05;0.05;0.05,0.20;0.20;0.19,9538899255722400,0.47;0.48;0.46,19077798511444800,4.54;6.31;5.64,19077798511444800
synthesized/except_one/aggregate/small/root_16.uvl,0.96;0.89;0.80,1829,0.76;0.74;0.74,1564,0.00;0.01;0.01,0.09;0.32;0.08,8,0.01;0.04;0.01,8,-3;-3;-3,-9
synthesized/except_one/aggregate/small/root_17.uvl,1.17;1.17;1.35,5308,1.19;0.72;0.79,3519,0.00;0.00;0.01,0.32;0.12;0.12,384,0.01;0.15;0.01,384,-3;-3;-3,-9
synthesized/except_one/aggregate/small/root_18.uvl,0.97;1.02;0.92,6705,0.76;0.99;0.81,4616,0.01;0.01;0.01,0.13;0.13;0.25,16809984,0.03;0.03;0.03,16809984,0.29;0.10;0.08,16809984
synthesized/except_one/aggregate/small/root_19.uvl,0.98;1.07;0.84,15610,0.79;0.78;0.78,5747,0.01;0.01;0.01,0.09;0.09;0.10,32,0.02;0.02;0.02,32,30.51;35.10;35.57,32
synthesized/except_one/aggregate/small/root_1.uvl,0.92;0.91;0.93,2140,0.77;0.79;0.86,1941,0.00;0.00;0.00,0.13;0.13;0.12,104857600,0.01;0.01;0.01,104857600,-3;-3;-3,-9
synthesized/except_one/aggregate/small/root_20.uvl,0.82;0.82;0.80,2195,0.68;0.70;0.67,2110,0.00;0.00;0.00,0.30;0.31;0.33,7,0.01;0.01;0.01,7,0.06;0.33;0.26,7
synthesized/except_one/aggregate/small/root_21.uvl,1.01;0.84;1.11,5659,0.75;0.74;0.74,3248,0.01;0.01;0.00,0.12;0.12;0.12,18432,0.01;0.05;0.07,18432,-3;-3;-3,-9
synthesized/except_one/aggregate/small/root_22.uvl,0.83;0.83;0.83,1857,0.73;0.70;0.75,1578,0.00;0.00;0.00,0.10;0.09;0.09,12,0.04;0.01;0.01,12,0.03;0.03;0.03,12
synthesized/except_one/aggregate/small/root_23.uvl,1.32;1.57;1.55,28304,0.94;0.87;0.91,7922,0.03;0.04;0.01,0.37;0.37;0.37,77686037681503505717599295680,0.07;0.08;0.09,77686037681503505717599295680,40.91;39.75;46.60,77686037681503505301054160896
synthesized/except_one/aggregate/small/root_24.uvl,1.31;1.14;0.80,2294,0.67;1.08;0.70,1770,0.00;0.00;0.00,0.21;0.21;0.20,2,0.01;0.01;0.07,2,0.10;0.12;0.13,2
synthesized/except_one/aggregate/small/root_25.uvl,0.86;0.87;1.35,2154,0.72;0.74;0.75,1573,0.00;0.01;0.01,0.09;0.09;0.08,1280,0.01;0.01;0.10,1280,-3;-3;-3,-9
synthesized/except_one/aggregate/small/root_26.uvl,0.92;0.91;1.01,5070,0.81;0.88;0.81,2854,0.00;0.00;0.00,0.12;0.12;0.12,46080,0.01;0.01;0.01,46080,-3;-3;-3,-9
synthesized/except_one/aggregate/small/root_27.uvl,0.80;0.83;0.82,2576,0.85;0.83;0.70,1915,0.00;0.00;0.00,0.09;0.09;0.09,8,0.08;0.04;0.01,8,-3;-3;-3,-9
synthesized/except_one/aggregate/small/root_28.uvl,0.95;0.95;4.20,11151,0.80;0.79;0.76,5633,0.01;0.01;0.01,0.13;0.30;0.31,69451776,0.03;0.03;0.03,69451776,0.16;0.33;0.10,69451776
synthesized/except_one/aggregate/small/root_29.uvl,0.94;0.94;1.12,2952,0.82;0.82;0.78,2623,0.00;0.00;0.00,0.12;0.11;0.12,3072,0.01;0.01;0.01,6144,-3;-3;-3,-9
synthesized/except_one/aggregate/small/root_2.uvl,1.20;1.60;1.26,13816,0.80;0.82;1.01,8124,0.01;0.01;0.01,0.13;0.12;0.13,75497472,0.03;0.03;0.03,150994944,0.06;0.06;0.06,150994944
synthesized/except_one/aggregate/small/root_30.uvl,0.95;1.03;0.98,5825,0.88;0.79;0.90,5104,0.01;0.01;0.01,0.09;0.09;0.09,8,0.02;0.02;0.02,8,8.65;10.05;9.52,8
synthesized/except_one/aggregate/small/root_31.uvl,1.47;1.25;1.20,18770,1.22;0.77;0.78,6336,0.01;0.01;0.01,0.13;0.13;0.13,24,0.04;0.03;0.03,24,0.44;0.46;0.43,24
synthesized/except_one/aggregate/small/root_32.uvl,0.93;0.92;0.85,1696,0.76;0.76;0.75,1693,0.00;0.00;0.00,0.10;0.08;0.12,24,0.01;0.01;0.01,24,-3;-3;-3,-9
synthesized/except_one/aggregate/small/root_33.uvl,-1;-1;-1,-4,0.99;1.00;1.05,18419,0.02;0.02;0.02,-3;-3;-3,-4,0.12;0.12;0.11,12729215476158429614340833280,0.47;0.41;0.43,12729215476158429989546491904
synthesized/except_one/aggregate/small/root_34.uvl,1.02;1.15;1.10,14424,0.87;0.89;0.85,6778,0.01;0.01;0.01,0.14;0.14;0.13,448,0.04;0.04;0.04,448,-3;-3;-3,-9
synthesized/except_one/aggregate/small/root_35.uvl,0.90;0.90;0.99,2166,0.77;0.76;0.77,2166,0.00;0.01;0.00,0.12;0.12;0.12,124416,0.01;0.01;0.01,124416,-3;-3;-3,-9
synthesized/except_one/aggregate/small/root_36.uvl,0.86;0.87;0.90,1992,0.78;1.11;0.79,1874,0.00;0.00;0.00,0.11;0.14;0.11,1536,0.01;0.01;0.01,1536,-3;-3;-3,-9
synthesized/except_one/aggregate/small/root_37.uvl,0.84;0.82;0.85,1870,0.93;0.76;0.69,1809,0.01;0.00;0.00,0.09;0.09;0.08,32,0.04;0.01;0.01,32,-3;-3;-3,-9
synthesized/except_one/aggregate/small/root_38.uvl,0.90;0.92;0.98,2128,0.77;0.77;0.98,2001,0.00;0.00;0.00,0.11;0.12;0.12,32,0.01;0.01;0.01,32,-3;-3;-3,-9
synthesized/except_one/aggregate/small/root_39.uvl,0.94;0.97;0.97,2177,0.77;1.13;0.83,2109,0.00;0.00;0.00,0.12;0.12;0.12,288,0.01;0.01;0.01,288,-3;-3;-3,-9
synthesized/except_one/aggregate/small/root_3.uvl,1.32;1.70;1.35,14007,0.86;0.87;0.83,6241,0.04;0.04;0.01,0.12;0.12;0.12,96,0.02;0.02;0.02,96,-3;-3;-3,-9
synthesized/except_one/aggregate/small/root_40.uvl,0.89;0.87;0.86,2453,0.72;0.75;0.74,1918,0.00;0.00;0.00,0.12;0.12;0.12,113246208,0.01;0.01;0.01,113246208,-3;-3;-3,-9
synthesized/except_one/aggregate/small/root_41.uvl,1.02;1.06;0.86,2072,0.79;0.78;0.78,2085,0.01;0.01;0.01,0.09;0.08;0.09,4,0.03;0.02;0.01,8,-3;-3;-3,-9
synthesized/except_one/aggregate/small/root_42.uvl,0.89;0.90;0.89,1495,0.76;0.74;0.72,1474,0.00;0.00;0.00,0.09;0.09;0.09,256,0.01;0.01;0.08,256,-3;-3;-3,-9
synthesized/except_one/aggregate/small/root_43.uvl,0.78;1.07;0.68,1798,0.70;0.68;0.69,1343,0.00;0.00;0.00,0.09;0.09;0.09,1,0.01;0.01;0.01,1,0.13;0.03;0.06,1
synthesized/except_one/aggregate/small/root_44.uvl,1.08;0.98;0.96,10001,0.92;0.92;0.92,9868,0.01;0.01;0.01,0.12;0.12;0.12,72057594037927936,0.03;0.03;0.03,72057594037927936,0.23;0.22;0.21,72057594037927936
synthesized/except_one/aggregate/small/root_45.uvl,0.85;0.86;0.89,2071,0.83;0.75;0.78,1756,0.00;0.04;0.04,0.09;0.09;0.09,4,0.01;0.01;0.01,4,-3;-3;-3,-9
synthesized/except_one/aggregate/small/root_46.uvl,0.84;1.17;0.85,1950,0.77;0.93;0.76,1852,0.00;0.00;0.00,0.09;0.09;0.09,16,0.01;0.01;0.01,16,-3;-3;-3,-9
synthesized/except_one/aggregate/small/root_47.uvl,0.97;0.94;1.06,3484,0.84;0.79;0.82,2906,0.00;0.00;0.00,0.12;0.12;0.12,1920,0.01;0.01;0.01,1920,0.03;0.19;0.05,1920
synthesized/except_one/aggregate/small/root_48.uvl,0.93;0.98;1.07,3610,1.04;0.84;0.79,2955,0.01;0.00;0.00,0.12;0.11;0.12,96,0.01;0.01;0.01,96,-3;-3;-3,-9
synthesized/except_one/aggregate/small/root_49.uvl,0.89;1.05;1.03,4023,0.81;0.79;0.82,4005,0.01;0.01;0.01,0.11;0.12;0.28,3145728,0.01;0.01;0.04,3145728,-3;-3;-3,-9
synthesized/except_one/aggregate/small/root_4.uvl,0.91;0.87;0.89,1676,0.75;0.74;0.75,1570,0.00;0.00;0.00,0.12;0.12;0.12,983040,0.01;0.01;0.01,983040,-3;-3;-3,-9
synthesized/except_one/aggregate/small/root_50.uvl,0.90;0.92;0.95,3176,0.78;0.80;0.80,2536,0.01;0.01;0.00,0.09;0.09;0.09,4096,0.01;0.01;0.01,4096,0.03;0.02;0.02,4096
synthesized/except_one/aggregate/small/root_51.uvl,-1;-1;-1,-4,0.85;0.77;1.01,5662,0.01;0.01;0.01,-3;-3;-3,-4,0.02;0.02;0.02,66060417024,-3;-3;-3,-9
synthesized/except_one/aggregate/small/root_52.uvl,-3;-3;-3,-4,0.75;0.76;0.73,2680,0.00;0.00;0.00,-3;-3;-3,-4,0.01;0.01;0.01,229376,-3;-3;-3,-9
synthesized/except_one/aggregate/small/root_53.uvl,0.81;0.94;0.84,2129,0.76;0.74;0.75,1905,0.00;0.00;0.00,0.09;0.09;0.09,8,0.01;0.02;0.01,8,-3;-3;-3,-9
synthesized/except_one/aggregate/small/root_54.uvl,1.01;0.90;0.85,1693,0.75;0.72;0.77,1646,0.00;0.00;0.00,0.09;0.10;0.09,1024,0.01;0.01;0.01,1024,-3;-3;-3,-9
synthesized/except_one/aggregate/small/root_55.uvl,0.92;0.95;1.05,5804,0.77;1.01;0.84,5698,0.01;0.01;0.01,0.12;0.12;0.12,2791309312,0.02;0.02;0.02,2791309312,0.72;0.26;0.24,2791309312
synthesized/except_one/aggregate/small/root_56.uvl,0.93;0.86;0.83,1801,0.79;0.76;1.04,1632,0.00;0.00;0.00,0.11;0.28;0.33,30720,0.01;0.01;0.01,30720,-3;-3;-3,-9
synthesized/except_one/aggregate/small/root_57.uvl,1.50;1.53;1.48,31895,0.96;0.91;1.16,12152,0.02;0.01;0.02,0.13;0.13;0.13,774144,0.04;0.07;0.04,774144,-3;-3;-3,-9
synthesized/except_one/aggregate/small/root_58.uvl,1.07;1.03;1.03,13494,0.94;0.97;0.86,7721,0.01;0.01;0.01,0.13;0.13;0.12,5569536,0.02;0.02;0.02,5569536,-3;-3;-3,-9
synthesized/except_one/aggregate/small/root_59.uvl,0.97;0.96;0.92,5760,0.78;0.85;0.82,5398,0.01;0.01;0.01,0.12;0.12;0.13,1603,0.03;0.03;0.03,1603,0.21;0.21;0.09,1603
synthesized/except_one/aggregate/small/root_5.uvl,3.37;0.86;1.60,2310,0.77;0.88;0.75,1943,0.00;0.00;0.00,0.11;0.12;0.12,1152,0.01;0.01;0.01,1152,-3;-3;-3,-9
synthesized/except_one/aggregate/small/root_60.uvl,1.13;1.15;1.09,13279,0.82;0.87;0.79,6435,0.01;0.01;0.01,0.16;0.16;0.16,6262402074628,0.04;0.04;0.04,6262402074628,0.23;0.21;0.07,6262402074628
synthesized/except_one/aggregate/small/root_61.uvl,0.90;0.97;0.92,7044,0.78;0.75;0.82,3512,0.01;0.01;0.00,0.13;0.13;0.12,35840,0.02;0.02;0.01,35840,-3;-3;-3,-9
synthesized/except_one/aggregate/small/root_62.uvl,0.84;0.82;0.88,1924,0.76;0.83;0.74,1673,0.00;0.00;0.00,0.09;0.19;0.09,8,0.01;0.01;0.01,8,-3;-3;-3,-9
synthesized/except_one/aggregate/small/root_63.uvl,0.86;0.86;1.27,1743,0.77;0.94;0.70,1708,0.00;0.00;0.00,0.12;0.12;0.12,256,0.01;0.01;0.01,256,-3;-3;-3,-9
synthesized/except_one/aggregate/small/root_64.uvl,1.03;1.07;1.02,19355,0.87;0.82;0.84,8163,0.01;0.01;0.01,0.13;0.12;0.12,10240,0.07;0.03;0.03,10240,-3;-3;-3,-9
synthesized/except_one/aggregate/small/root_65.uvl,0.99;0.99;0.93,7615,0.97;0.83;0.91,7571,0.01;0.01;0.02,0.13;0.13;0.14,163074540500,0.03;0.03;0.03,163074540500,-3;-3;-3,-9
synthesized/except_one/aggregate/small/root_66.uvl,0.92;0.92;0.88,1778,0.77;0.79;0.78,1703,0.00;0.00;0.00,0.13;0.12;0.12,288,0.01;0.01;0.01,288,-3;-3;-3,-9
synthesized/except_one/aggregate/small/root_67.uvl,0.92;0.77;0.89,1865,0.67;0.66;0.64,1656,0.00;0.02;0.00,0.09;0.09;0.08,1,0.01;0.01;0.01,2,-3;-3;-3,-9
synthesized/except_one/aggregate/small/root_68.uvl,1.04;1.02;1.00,5089,0.82;0.82;0.80,3646,0.01;0.01;0.00,0.12;0.12;0.12,164,0.03;0.01;0.01,164,-3;-3;-3,-9
synthesized/except_one/aggregate/small/root_69.uvl,1.18;1.24;1.05,4529,0.78;0.80;0.91,3886,0.01;0.01;0.00,0.09;0.09;0.09,1,0.06;0.01;0.01,1,0.05;0.06;0.03,1
synthesized/except_one/aggregate/small/root_6.uvl,1.11;1.16;1.20,44509,0.85;0.84;0.85,12432,0.03;0.02;0.01,0.34;0.13;0.13,108,0.06;0.05;0.05,108,6.19;6.20;5.80,108
synthesized/except_one/aggregate/small/root_70.uvl,0.82;0.77;0.83,2511,0.74;0.72;0.68,1900,0.02;0.00;0.02,0.28;0.12;0.12,256,0.01;0.01;0.01,256,-3;-3;-3,-9
synthesized/except_one/aggregate/small/root_71.uvl,0.91;0.89;1.04,3767,0.82;0.84;0.78,3752,0.01;0.03;0.01,0.12;0.12;0.28,442368,0.01;0.02;0.02,442368,-3;-3;-3,-9
synthesized/except_one/aggregate/small/root_72.uvl,1.38;1.34;1.52,24460,0.96;0.96;0.97,11554,0.01;0.01;0.01,0.15;0.15;0.15,16842752,0.06;0.06;0.06,16842752,0.61;0.65;0.63,16842752
synthesized/except_one/aggregate/small/root_73.uvl,0.78;0.82;0.81,1963,0.70;0.68;0.70,1760,0.00;0.00;0.00,0.09;0.09;0.09,2,0.01;0.01;0.01,2,0.03;0.03;0.03,2
synthesized/except_one/aggregate/small/root_74.uvl,1.18;1.17;1.14,54897,0.92;0.90;0.92,29244,0.03;0.03;0.03,0.09;0.23;0.09,1,0.06;0.06;0.05,1,1.83;1.38;1.58,1
synthesized/except_one/aggregate/small/root_75.uvl,0.89;0.86;1.04,1963,0.79;0.76;1.02,1802,0.00;0.00;0.00,0.12;0.12;0.12,12,0.01;0.01;0.01,12,-3;-3;-3,-9
synthesized/except_one/aggregate/small/root_76.uvl,0.85;0.88;0.88,1510,0.73;0.66;0.74,1319,0.00;0.00;0.00,0.09;0.09;0.09,4,0.01;0.01;0.01,4,0.03;0.03;0.23,4
synthesized/except_one/aggregate/small/root_77.uvl,1.29;1.44;1.38,14021,1.04;0.87;0.85,8624,0.01;0.01;0.01,0.12;0.12;0.12,539136,0.06;0.03;0.03,539136,-3;-3;-3,-9
synthesized/except_one/aggregate/small/root_78.uvl,0.81;0.80;0.81,4257,0.72;0.70;0.81,2882,0.00;0.00;0.00,0.09;0.08;0.09,4,0.01;0.05;0.01,4,0.03;0.03;0.27,4
synthesized/except_one/aggregate/small/root_79.uvl,6.41;6.50;6.16,7814,0.99;0.82;0.72,3227,0.00;0.00;0.00,0.14;0.14;0.14,22167552000,0.01;0.01;0.01,22167552000,0.04;0.04;0.04,22167552000
synthesized/except_one/aggregate/small/root_7.uvl,0.80;0.86;0.83,1932,0.69;0.74;1.05,1841,0.00;0.00;0.00,0.12;0.12;0.12,10240,0.02;0.01;0.01,10240,-3;-3;-3,-9
synthesized/except_one/aggregate/small/root_80.uvl,0.99;0.90;1.17,14110,0.74;0.73;0.74,4517,0.01;0.01;0.01,0.12;0.12;0.12,120,0.02;0.02;0.02,120,-3;-3;-3,-9
synthesized/except_one/aggregate/small/root_81.uvl,1.02;0.97;0.91,2407,0.74;0.73;0.74,1897,0.00;0.00;0.00,0.12;0.12;0.28,18,0.02;0.11;0.02,36,-1;-1;-1,-9
synthesized/except_one/aggregate/small/root_82.uvl,1.38;1.58;1.46,22109,0.82;0.80;1.30,9758,0.01;0.01;0.01,0.13;0.13;0.13,37512,0.04;0.04;0.04,37512,-3;-3;-3,-9
synthesized/except_one/aggregate/small/root_83.uvl,1.08;1.24;1.03,10990,0.80;0.90;0.79,9544,0.01;0.01;0.01,0.09;0.09;0.09,1,0.03;0.03;0.03,1,0.33;0.37;0.36,1
synthesized/except_one/aggregate/small/root_84.uvl,1.55;1.63;1.44,39673,0.90;0.95;0.90,11733,0.01;0.01;0.02,0.13;0.13;0.13,1794048,0.04;0.11;0.04,1794048,84.34;98.99;97.95,1794048
synthesized/except_one/aggregate/small/root_85.uvl,1.12;1.10;0.91,4962,0.80;0.77;0.86,3116,0.01;0.00;0.00,0.29;0.12;0.12,245760,0.01;0.01;0.01,245760,-3;-3;-3,-9
synthesized/except_one/aggregate/small/root_86.uvl,2.16;2.09;2.01,129617,1.08;1.36;1.13,42878,0.04;0.05;0.05,0.16;0.43;0.16,96,0.22;0.22;0.22,96,-1;-1;-1,-9
synthesized/except_one/aggregate/small/root_87.uvl,1.29;1.49;1.34,2755,0.80;0.75;0.76,2022,0.00;0.00;0.00,0.12;0.12;0.12,11520,0.01;0.01;0.01,11520,-3;-3;-3,-9
synthesized/except_one/aggregate/small/root_88.uvl,0.96;0.91;1.15,4275,0.80;0.78;0.83,4097,0.01;0.01;0.01,0.12;0.12;0.12,7680,0.01;0.01;0.02,7680,-3;-3;-3,-9
synthesized/except_one/aggregate/small/root_89.uvl,0.86;0.82;0.88,2165,0.92;0.76;0.75,1934,0.00;0.00;0.00,0.10;0.08;0.09,1,0.01;0.01;0.01,1,0.03;0.03;0.04,1
synthesized/except_one/aggregate/small/root_8.uvl,0.98;0.95;1.12,2015,0.81;0.78;0.78,2019,0.00;0.00;0.01,0.19;0.21;0.21,1280,0.01;0.01;0.01,1280,-3;-3;-3,-9
synthesized/except_one/aggregate/small/root_90.uvl,1.04;0.99;0.98,13844,0.82;0.73;0.79,7465,0.01;0.01;0.01,0.08;0.09;0.09,2,0.11;0.02;0.02,2,0.21;0.17;0.21,2
synthesized/except_one/aggregate/small/root_91.uvl,0.93;0.88;0.84,1954,0.86;0.77;0.80,1496,0.00;0.00;0.01,0.12;0.12;0.12,98304,0.01;0.01;0.01,98304,-3;-3;-3,-9
synthesized/except_one/aggregate/small/root_92.uvl,0.92;0.90;0.91,4942,0.86;0.85;0.86,4902,0.01;0.01;0.01,0.12;0.12;0.13,193273528320,0.02;0.02;0.02,193273528320,-3;-3;-3,-9
synthesized/except_one/aggregate/small/root_93.uvl,1.12;0.89;0.89,5461,0.78;0.76;1.27,3957,0.01;0.01;0.01,0.28;0.31;0.30,64,0.02;0.01;0.02,64,-3;-3;-3,-9
synthesized/except_one/aggregate/small/root_94.uvl,1.05;0.99;1.42,3356,0.80;0.83;0.83,2536,0.00;0.01;0.00,0.12;0.27;0.31,9216,0.01;0.01;0.01,18432,-3;-3;-3,-9
synthesized/except_one/aggregate/small/root_95.uvl,2.50;2.48;2.88,3068,0.79;0.75;0.78,1973,0.00;0.00;0.00,0.12;0.12;0.12,2048,0.01;0.01;0.01,2048,-3;-3;-3,-9
synthesized/except_one/aggregate/small/root_96.uvl,1.07;1.03;0.95,5834,0.80;0.79;0.78,4068,0.01;0.01;0.01,0.12;0.17;0.12,1536,0.02;0.02;0.02,1536,-3;-3;-3,-9
synthesized/except_one/aggregate/small/root_97.uvl,0.93;0.95;0.94,8238,0.79;0.80;0.84,4040,0.05;0.04;0.03,0.12;0.12;0.12,32,0.01;0.01;0.01,32,-3;-3;-3,-9
synthesized/except_one/aggregate/small/root_98.uvl,1.04;1.03;1.07,16508,0.83;0.95;0.84,9252,0.01;0.01;0.01,0.32;0.13;0.13,92744,0.04;0.04;0.04,92744,12.63;10.98;9.98,92744
synthesized/except_one/aggregate/small/root_99.uvl,0.93;0.94;1.02,3696,0.83;0.83;0.83,3667,0.01;0.01;0.01,0.12;0.12;0.29,192,0.01;0.01;0.01,192,-3;-3;-3,-9
synthesized/except_one/aggregate/small/root_9.uvl,0.88;1.03;0.85,1694,0.77;0.94;0.77,1744,0.00;0.00;0.00,0.12;0.12;0.12,3072,0.01;0.01;0.02,3072,-3;-3;-3,-9
synthesized/except_one/expression/large/root_100.uvl,-3;-3;-1,-4,3.46;4.90;4.27,277096,0.26;0.27;0.26,-3;-3;-3,-4,0.77;0.77;0.72,21322988006260337982924583882430094173237229616758736822468608000000,-1;-1;-1,-9
synthesized/except_one/expression/large/root_10.uvl,-1;-1;-1,-4,2.96;2.81;2.84,102633,0.11;0.10;0.10,-3;-3;-3,-4,0.37;0.37;0.37,136020681669315527563358395919907841912934916826462336599660477242628373694671703644816476733440000000,-1;-1;-1,-9
synthesized/except_one/expression/large/root_11.uvl,-1;-1;-1,-4,3.17;3.13;3.05,135909,0.13;0.13;0.14,-3;-3;-3,-4,0.41;0.41;0.40,8620929678883293162146918661914602720802538713848535108812800000,-1;-1;-1,-9
synthesized/except_one/expression/large/root_12.uvl,-1;-1;-3,-4,6.68;2.87;3.41,139320,0.14;0.14;0.14,-3;-3;-3,-4,0.43;0.42;0.42,544480936219613289412556893002135241027266335351394238396551967801344000000000,-1;-1;-1,-9
synthesized/except_one/expression/large/root_13.uvl,-1;-1;-1,-4,5.86;2.99;4.47,105353,0.11;0.11;0.11,-3;-3;-3,-4,0.50;0.50;0.51,35583541056901636004171023996355245874763907686349095766281172201375147614251367495728780333391053479462584631527519634394590593381208739020800,-1;-1;-1,-9
synthesized/except_one/expression/large/root_14.uvl,-3;-3;-3,-4,5.53;4.36;5.13,459049,0.44;0.43;0.42,-3;-3;-3,-4,2.12;2.13;2.11,165420136588955435145939712836931971860263679427514704121036800,-1;-1;-1,-9
synthesized/except_one/expression/large/root_15.uvl,-1;-1;-1,-4,3.19;3.29;3.00,120823,0.12;0.12;0.12,-3;-3;-3,-4,0.38;0.39;0.39,2405234140801185794715748326858831359305426079421760494829182023368704000000,-1;-1;-1,-9
synthesized/except_one/expression/large/root_16.uvl,-1;-1;-1,-4,3.20;2.79;2.85,100318,0.10;0.10;0.10,-3;-3;-3,-4,0.29;0.29;0.30,2161727821137838080,-1;-1;-1,-9
synthesized/except_one/expression/large/root_17.uvl,-3;-3;-3,-4,3.67;4.50;5.06,390185,0.35;0.35;0.35,-3;-3;-3,-4,23.46;23.68;23.31,17108771851823198063933722306297467738531243077913949471575748745625600000,-1;-1;-1,-9
synthesized/except_one/expression/large/root_18.uvl,-1;-1;-1,-4,3.10;3.04;2.96,98547,0.10;0.15;0.11,-3;-3;-3,-4,0.28;0.28;0.29,2842093839245162883865914859459706880,-1;-1;-1,-9
synthesized/except_one/expression/large/root_19.uvl,-3;-3;-3,-4,4.06;5.24;4.13,510030,0.46;0.48;0.47,-3;-3;-3,-4,1.14;1.13;1.18,57030791983456382171013795639459840000000000000,-1;-1;-1,-9
synthesized/except_one/expression/large/root_1.uvl,-1;-1;-1,-4,2.96;3.50;3.48,218757,0.22;0.22;0.23,-3;-3;-3,-4,0.58;0.58;0.58,512,-1;-1;-1,-9
synthesized/except_one/expression/large/root_20.uvl,-3;-3;-3,-4,4.30;4.47;4.47,665290,0.63;0.61;0.59,-3;-3;-3,-4,5.33;5.37;5.38,30871997055476840342730857065450282563971806147788325001782886400000000,-1;-1;-1,-9
synthesized/except_one/expression/large/root_21.uvl,-1;-1;-1,-4,-3;-3;-3,-4,-3;-3;-3,-3;-3;-3,-4,-3;-3;-3,-4,-3;-3;-3,-4
synthesized/except_one/expression/large/root_22.uvl,-1;-1;-1,-4,2.68;2.69;3.05,68171,0.07;0.07;0.07,-3;-3;-3,-4,1.51;1.52;1.52,825346098,-1;-1;-1,-9
synthesized/except_one/expression/large/root_23.uvl,-3;-1;-3,-4,4.34;-3;3.40,357264,0.32;0.32;0.32,-3;-3;-3,-4,1.26;1.28;1.24,238906495107701007729490806512136872550912648806400000,-1;-1;-1,-9
synthesized/except_one/expression/large/root_24.uvl,-1;-1;-1,-4,2.84;2.91;3.16,80570,0.08;0.08;0.08,-3;-3;-3,-4,0.24;0.24;0.25,60398038703497052572615978196385855254045139582855413760000000,-3;-3;-3,-9
synthesized/except_one/expression/large/root_25.uvl,-3;-3;-3,-4,3.73;4.32;4.21,342022,0.31;0.31;0.31,-3;-3;-3,-4,-1;-1;-1,-9,-1;-1;-1,-9
synthesized/except_one/expression/large/root_26.uvl,-1;-1;-1,-4,2.88;2.85;2.93,90179,0.09;0.09;0.09,-3;-3;-3,-4,0.24;0.25;0.24,1019215872,-1;-1;-1,-9
synthesized/except_one/expression/large/root_27.uvl,-3;-3;-3,-4,-3;-3;-3,-4,-3;-3;-3,-3;-3;-3,-4,-3;-3;-3,-4,-3;-3;-3,-4
synthesized/except_one/expression/large/root_28.uvl,-3;-3;-3,-4,-3;-3;-3,-4,-3;-3;-3,-3;-3;-3,-4,-3;-3;-3,-4,-3;-3;-3,-4
synthesized/except_one/expression/large/root_29.uvl,19.31;12.19;18.06,921311,4.41;3.92;3.55,312191,0.29;0.29;0.30,0.20;0.19;0.20,1362938815749104735858196480,0.79;0.73;0.81,1362938815749104735858196480,-1;-1;-1,-9
synthesized/except_one/expression/large/root_2.uvl,4.97;6.89;6.78,553462,3.64;2.60;3.39,155707,0.15;0.18;0.15,0.35;0.37;0.36,180,1.63;1.59;1.67,180,-1;-1;-1,-9
synthesized/except_one/expression/large/root_30.uvl,8.32;8.17;7.90,233766,3.34;2.41;2.81,71938,0.07;0.07;0.08,0.21;0.21;0.21,779485,0.30;0.28;0.28,779485,-1;-1;-1,-9
synthesized/except_one/expression/large/root_31.uvl,-1;-1;-1,-4,2.75;2.93;3.15,62958,0.07;0.06;0.07,-3;-3;-3,-4,0.21;0.23;0.21,2959420615620577504609912575482501623587989533865386274979840000,-3;-3;-3,-9
synthesized/except_one/expression/large/root_32.uvl,-1;-1;-1,-4,13.65;17.74;15.57,2387204,2.17;2.11;2.07,-3;-3;-3,-4,10.65;10.70;11.42,51671394354530447539364709674287787335540872553341182972377309593443907119169765027585625404430332421967584243482774994944,-1;-1;-1,-9
synthesized/except_one/expression/large/root_33.uvl,-1;-1;-1,-4,3.51;2.85;2.75,94105,0.09;0.09;0.09,-3;-3;-3,-4,0.32;0.32;0.31,17684854882208488946109074244159665157717517915948502922392588401173222385875847056879255552000,-1;-1;-1,-9
synthesized/except_one/expression/large/root_34.uvl,-3;-3;-3,-4,4.95;4.17;4.81,404089,0.36;0.37;0.35,-3;-3;-3,-4,1.05;1.05;1.03,497612118424175770647828001700431215879782400,-1;-1;-1,-9
synthesized/except_one/expression/large/root_35.uvl,-1;-1;-1,-4,3.03;3.27;2.71,106642,0.11;0.11;0.11,-3;-3;-3,-4,12.90;12.91;13.00,27153597086419351573281089342776696685449290238304502584269315801966326673099514194902798870513761203724052125853393812163795655317775028335554645196800000,-1;-1;-1,-9
synthesized/except_one/expression/large/root_36.uvl,-1;-1;-1,-4,3.58;3.45;5.88,202619,0.19;0.19;0.19,-3;-3;-3,-4,0.75;0.74;0.75,31252751292401347483612968681614866085778319596864348055150956380160,-1;-1;-1,-9
synthesized/except_one/expression/large/root_37.uvl,-1;-1;-1,-4,2.85;2.50;2.95,67400,0.09;0.09;0.07,-3;-3;-3,-4,0.24;0.23;0.23,14965920775199977283052478301995008000,-1;-1;-1,-9
synthesized/except_one/expression/large/root_38.uvl,-3;-3;-3,-4,-3;4.44;4.25,312437,0.29;0.29;0.30,-3;-3;-3,-4,1.06;1.13;1.07,571060670691594552359890491748349116416000,-1;-1;-1,-9
synthesized/except_one/expression/large/root_39.uvl,-1;-1;-1,-4,2.95;3.16;3.33,144999,0.14;0.14;0.14,-3;-3;-3,-4,0.44;0.41;0.41,36762733180371817715466240,-1;-1;-1,-9
synthesized/except_one/expression/large/root_3.uvl,-1;-1;-1,-4,3.20;2.81;2.69,88445,0.09;0.09;0.12,-3;-3;-3,-4,0.26;0.26;0.25,1084775105807242273464981136440907062910648320,-3;-3;-3,-9
synthesized/except_one/expression/large/root_40.uvl,-1;-1;-1,-4,3.21;2.56;2.92,93057,0.09;0.09;0.09,-3;-3;-3,-4,0.32;0.28;0.28,19501757322417364008960000,-1;-1;-1,-9
synthesized/except_one/expression/large/root_41.uvl,-1;-1;-1,-4,2.96;2.95;3.24,82710,0.08;0.08;0.08,-3;-3;-3,-4,0.26;0.26;0.26,340726074153691507431464964753026236833162131230267452633907200000,-1;-1;-1,-9
synthesized/except_one/expression/large/root_42.uvl,-1;-1;-1,-4,2.97;3.13;3.01,140909,0.14;0.13;0.13,-3;-3;-3,-4,0.38;0.44;0.42,15544469648051032138443246174933437472917422080000,-1;-1;-1,-9
synthesized/except_one/expression/large/root_43.uvl,-1;-1;-1,-4,2.92;3.08;3.16,78266,0.08;0.08;0.08,-3;-3;-3,-4,0.29;0.27;0.29,16886034099577706040468970707961774080000,-1;-1;-1,-9
synthesized/except_one/expression/large/root_44.uvl,-1;-1;-1,-4,3.97;4.57;3.59,140248,0.14;0.13;0.14,-3;-3;-3,-4,0.41;0.41;0.39,22002382159006924800,-1;-1;-1,-9
synthesized/except_one/expression/large/root_45.uvl,-1;-1;-1,-4,4.29;4.19;3.21,89483,0.09;0.10;0.09,-3;-3;-3,-4,0.28;0.30;0.28,62263218553430240905756931230012329559183271226312588224794271684508438391780379019034195686064128000000000,-3;-3;-3,-9
synthesized/except_one/expression/large/root_46.uvl,9.34;11.36;8.90,256419,2.75;2.69;2.67,123334,0.12;0.13;0.12,0.13;0.10;0.11,32,0.32;0.34;0.32,32,-1;-1;-1,-9
synthesized/except_one/expression/large/root_47.uvl,-1;-1;-1,-4,2.90;3.16;3.13,64284,0.07;0.07;0.08,-3;-3;-3,-4,0.23;0.22;0.24,115298777607558263031412573756008015097543803273216,-3;-3;-3,-9
synthesized/except_one/expression/large/root_48.uvl,-1;-1;-1,-4,4.46;2.63;7.84,66396,0.07;0.07;0.08,-3;-3;-3,-4,0.26;0.29;0.25,1833827063209058079979690941367560762151071271913739597271509538416953339937002201631214231569919906626412129902280593426800446050231898890829824000,-3;-3;-3,-9
synthesized/except_one/expression/large/root_49.uvl,9.83;9.71;9.86,2587023,4.39;3.54;3.21,325309,0.31;0.31;0.31,0.26;0.25;0.29,40,0.75;0.75;0.76,40,-1;-1;-1,-9
synthesized/except_one/expression/large/root_4.uvl,-1;-1;-1,-4,3.66;3.37;3.21,197597,0.19;0.19;0.19,-3;-3;-3,-4,0.57;0.57;0.57,299738592068193669774922633643951080153939340876685351321600,-1;-1;-1,-9
synthesized/except_one/expression/large/root_50.uvl,-3;-3;-3,-4,4.29;3.29;3.45,245446,0.24;0.24;0.24,-3;-3;-3,-4,1.24;1.24;1.26,14713218110894895363749797390829162515283312640000,-1;-1;-1,-9
synthesized/except_one/expression/large/root_51.uvl,-1;-1;-1,-4,3.24;3.84;3.27,117092,0.12;0.12;0.12,-3;-3;-3,-4,0.42;0.39;0.44,7505635447632641852059384706063487570699878400000,-1;-1;-1,-9
synthesized/except_one/expression/large/root_52.uvl,134.02;144.86;134.27,2228401,4.06;3.69;3.29,272508,0.26;0.27;0.36,0.26;0.43;0.45,799617,0.66;0.66;0.66,799617,-1;-1;-1,-9
synthesized/except_one/expression/large/root_53.uvl,-1;-1;-1,-4,2.94;2.73;3.01,69257,0.08;0.08;0.08,-3;-3;-3,-4,0.23;0.22;0.22,2392219510431461135798561773977600,-3;-3;-3,-9
synthesized/except_one/expression/large/root_54.uvl,-1;-1;-1,-4,3.03;3.11;3.06,93892,0.09;0.09;0.09,-3;-3;-3,-4,0.27;0.26;0.26,583313270939331040771152169028028436165204837111707788448739877638250760758508741874404131497574400000,-3;-3;-3,-9
synthesized/except_one/expression/large/root_55.uvl,-1;-1;-1,-4,4.29;3.23;4.13,207360,0.19;0.19;0.19,-3;-3;-3,-4,0.50;0.49;0.50,17280,-1;-1;-1,-9
synthesized/except_one/expression/large/root_56.uvl,12.33;9.18;13.43,304652,2.69;3.26;2.72,83294,0.09;0.08;0.09,0.14;0.15;0.32,12288,0.24;0.27;0.24,12288,-1;-1;-1,-9
synthesized/except_one/expression/large/root_57.uvl,76.64;71.56;86.76,4156327,6.82;6.16;6.60,695638,0.63;0.63;0.63,13.65;13.69;13.67,2313989342109346163648596378730612968587264000,14.52;14.49;14.59,4627978684218692327297192757461225937174528000,-1;-1;-1,-9
synthesized/except_one/expression/large/root_58.uvl,-3;-3;-3,-4,-3;-3;-3,-4,-3;-3;-3,-3;-3;-3,-4,-3;-3;-3,-4,-3;-3;-3,-4
synthesized/except_one/expression/large/root_59.uvl,-1;-1;-1,-4,3.14;2.68;3.24,67828,0.07;0.07;0.07,-3;-3;-3,-4,0.24;0.25;0.25,86107978671094179206131069990541834668858677874955019716533420032000000,-1;-1;-1,-9
synthesized/except_one/expression/large/root_5.uvl,-1;-1;-1,-4,3.63;3.09;3.73,102245,0.10;0.10;0.10,-3;-3;-3,-4,0.37;0.35;0.33,102861916907975086613372362257468628278435920272837856185699627708710912000000,-1;-1;-1,-9
synthesized/except_one/expression/large/root_60.uvl,-1;-1;-1,-4,2.92;3.63;2.82,100477,0.14;0.14;0.11,-3;-3;-3,-4,0.28;0.28;0.28,341992096703447040,-3;-3;-3,-9
synthesized/except_one/expression/large/root_61.uvl,27.86;38.64;38.00,3560075,4.49;3.84;3.54,360809,0.47;0.36;0.37,0.40;0.41;0.41,238779977468916989952,0.90;0.87;0.86,238779977468916989952,-1;-1;-1,-9
synthesized/except_one/expression/large/root_62.uvl,-1;-1;-1,-4,2.95;2.73;3.26,107318,0.11;0.11;0.11,-3;-3;-3,-4,0.35;0.36;0.37,7111884447123698001099967004488329615900672000000000,-1;-1;-1,-9
synthesized/except_one/expression/large/root_63.uvl,-3;-3;-3,-4,-3;-3;-3,-4,-3;-3;-3,-3;-3;-3,-4,-3;-3;-3,-4,-3;-3;-3,-4
synthesized/except_one/expression/large/root_64.uvl,-1;-1;-1,-4,2.81;2.89;2.72,68881,0.07;0.07;0.07,-3;-3;-3,-4,0.26;0.26;0.27,485431122659871612192392161004275198950780174336000,-3;-3;-3,-9
synthesized/except_one/expression/large/root_65.uvl,-1;-1;-1,-4,2.73;2.65;2.74,128976,0.13;0.13;0.12,-3;-3;-3,-4,0.42;0.40;0.42,403279816556189054485917447264770457600,-1;-1;-1,-9
synthesized/except_one/expression/large/root_66.uvl,-3;-3;-3,-4,4.63;-3;5.01,598615,0.54;0.54;0.54,-3;-3;-3,-4,2.14;2.15;2.13,75455043681476456947239741650578423476809081332759808106823680000000000000,-1;-1;-1,-9
synthesized/except_one/expression/large/root_67.uvl,-1;-1;-1,-4,3.56;3.00;2.75,82466,0.08;0.08;0.08,-3;-3;-3,-4,0.25;0.24;0.24,52562987058104750081961387805250928071521795203186579038677761728717246351952707031035119187412145063365465967623213910975427935600706314703072133120000,-3;-3;-3,-9
synthesized/except_one/expression/large/root_68.uvl,-1;-1;-1,-4,3.36;3.09;3.15,184491,0.18;0.18;0.18,-3;-3;-3,-4,1.15;1.05;0.90,2312902333568174830797577924273766400,-1;-1;-1,-9
synthesized/except_one/expression/large/root_69.uvl,-1;-1;-1,-4,2.76;2.72;2.83,95305,0.09;0.09;0.09,-3;-3;-3,-4,0.30;0.30;0.30,9300555794981965004868027371728930747711488000,-1;-1;-1,-9
synthesized/except_one/expression/large/root_6.uvl,-3;-3;-3,-4,-3;-3;-3,-4,-3;-3;-3,-3;-3;-3,-4,-3;-3;-3,-4,-3;-3;-3,-4
synthesized/except_one/expression/large/root_70.uvl,-1;-1;-1,-4,2.73;2.63;2.82,79982,0.08;0.08;0.08,-3;-3;-3,-4,0.27;0.30;0.29,292417415021790710736213553202609026536407093333260519436184075632640,-1;-1;-1,-9
synthesized/except_one/expression/large/root_71.uvl,-3;-3;-1,-4,4.65;4.51;4.19,416659,0.47;0.37;0.37,-3;-3;-3,-4,1.00;0.98;1.00,240318962084392576121825434533888000,-1;-1;-1,-9
synthesized/except_one/expression/large/root_72.uvl,-3;-3;-3,-4,-3;3.33;4.05,220080,0.21;0.21;0.21,-3;-3;-3,-4,1.12;1.10;1.27,260087025367942454261530421813940369285104497563266011794169283025014101700536432988649864119302555592294400000000,-1;-1;-1,-9
synthesized/except_one/expression/large/root_73.uvl,-3;-3;-3,-4,5.49;4.61;9.45,309758,0.29;0.29;0.29,-3;-3;-3,-4,1.22;1.20;1.27,216135476134344731262485651820165085115018199634338227534233815251681280,-1;-1;-1,-9
synthesized/except_one/expression/large/root_74.uvl,-1;-1;-1,-4,-3;-3;-3,-4,-3;-3;-3,-3;-3;-3,-4,-3;-3;-3,-4,-3;-3;-3,-4
synthesized/except_one/expression/large/root_75.uvl,-3;-3;-3,-4,-3;-3;-3,-4,-3;-3;-3,-3;-3;-3,-4,-3;-3;-3,-4,-3;-3;-3,-4
synthesized/except_one/expression/large/root_76.uvl,-1;-1;-1,-4,3.49;3.64;3.09,130255,0.13;0.13;0.13,-3;-3;-3,-4,0.43;0.42;0.42,565779401109525854042912797041082592230041082932658241130360471552000000,-1;-1;-1,-9
synthesized/except_one/expression/large/root_77.uvl,-1;-1;-1,-4,3.15;2.87;2.55,82390,0.11;0.09;0.08,-3;-3;-3,-4,0.25;0.25;0.25,393859635367691737710729363456000,-3;-3;-3,-9
synthesized/except_one/expression/large/root_78.uvl,-1;-1;-1,-4,2.44;2.50;3.04,69484,0.07;0.07;0.07,-3;-3;-3,-4,0.22;0.20;0.24,524711935837864848488868861437804544000,-3;-3;-3,-9
synthesized/except_one/expression/large/root_79.uvl,-1;-1;-1,-4,3.04;3.10;3.28,71188,0.07;0.07;0.07,-3;-3;-3,-4,0.22;0.23;0.22,412515426061301918044429946637805995128421449614334361600000,-3;-3;-3,-9
synthesized/except_one/expression/large/root_7.uvl,-1;-1;-1,-4,3.27;3.62;3.65,164543,0.15;0.16;0.15,-3;-3;-3,-4,0.47;0.57;0.49,1005184963380990582073463443174152400502384406754004462752235520000,-1;-1;-1,-9
synthesized/except_one/expression/large/root_80.uvl,-1;-1;-1,-4,3.45;3.42;3.05,95760,0.09;0.10;0.09,-3;-3;-3,-4,0.31;0.32;0.31,56799627690866697339155804645848835639423124111360,-3;-3;-3,-9
synthesized/except_one/expression/large/root_81.uvl,-1;-1;-1,-4,3.16;4.25;4.05,252813,0.23;0.24;0.25,-3;-3;-3,-4,0.65;0.66;0.65,11596411699200,-1;-1;-1,-9
synthesized/except_one/expression/large/root_82.uvl,-3;-1;-1,-4,4.66;5.08;3.88,451990,0.42;0.42;0.44,-3;-3;-3,-4,1.26;1.26;1.29,18798445626366626031724185066159733107883644026880000,-1;-1;-1,-9
synthesized/except_one/expression/large/root_83.uvl,-3;-3;-3,-4,-3;4.13;4.29,255536,0.26;0.24;0.24,-3;-3;-3,-4,1.44;1.53;1.49,2525841315492641602443527757816112015881016850334151172453240080024356440933452597583413248000,-1;-1;-1,-9
synthesized/except_one/expression/large/root_84.uvl,-3;-3;-3,-4,6.26;-3;-3,530048,0.50;0.50;0.50,-3;-3;-3,-4,1.43;1.46;1.44,13784026770239743795727481735247598047130025984000,-1;-1;-1,-9
synthesized/except_one/expression/large/root_85.uvl,14.81;10.97;8.69,1189401,3.03;3.77;4.10,247879,0.24;0.25;0.24,0.20;0.21;0.20,9909043200,0.73;0.60;0.62,9909043200,-1;-1;-1,-9
synthesized/except_one/expression/large/root_86.uvl,-3;-3;-3,-4,-3;-3;5.65,363393,0.35;0.35;0.36,-3;-3;-3,-4,1.46;1.63;1.51,2670512456133941994311049763488327380397052573777727649759960483485434118611784331497160730496257228800,-1;-1;-1,-9
synthesized/except_one/expression/large/root_87.uvl,-1;-1;-1,-4,2.54;2.67;2.73,82216,0.08;0.09;0.09,-3;-3;-3,-4,0.27;0.25;0.25,126918898049015247605007301343323820919791476680095397052416000000,-3;-3;-3,-9
synthesized/except_one/expression/large/root_88.uvl,-1;-1;-1,-4,3.34;4.49;4.73,248435,0.25;0.24;0.25,-3;-3;-3,-4,0.83;0.83;0.84,6539401352277183072563605568162868756480,-1;-1;-1,-9
synthesized/except_one/expression/large/root_89.uvl,-1;-1;-1,-4,2.99;3.19;2.86,103455,0.14;0.18;0.12,-3;-3;-3,-4,0.33;0.33;0.33,28102179624363523806618348586377449793877471539146406306219294720000000000,-1;-1;-1,-9
synthesized/except_one/expression/large/root_8.uvl,-1;-1;-1,-4,2.91;3.54;2.75,108775,0.12;0.12;0.11,-3;-3;-3,-4,0.39;0.40;0.39,708468088668451568521316233652019266320658200916516960993280000000,-3;-3;-3,-9
synthesized/except_one/expression/large/root_90.uvl,-1;-1;-1,-4,3.20;3.13;2.63,70626,0.07;0.07;0.07,-3;-3;-3,-4,0.22;0.23;0.23,63770671611999590188504919138433180242873457564675418042835823320315077853184000000,-3;-3;-3,-9
synthesized/except_one/expression/large/root_91.uvl,-1;-1;-1,-4,2.90;2.97;2.75,103721,0.10;0.10;0.10,-3;-3;-3,-4,0.36;0.37;0.39,1576711082134623260516055956006088915780894720000000,-3;-3;-3,-9
synthesized/except_one/expression/large/root_92.uvl,-3;-3;-3,-4,-3;-3;-3,-4,-3;-3;-3,-3;-3;-3,-4,-3;-3;-3,-4,-3;-3;-3,-4
synthesized/except_one/expression/large/root_93.uvl,-1;-1;-1,-4,3.48;3.77;3.18,237826,0.26;0.26;0.22,-3;-3;-3,-4,0.55;0.56;0.55,188743680,-1;-1;-1,-9
synthesized/except_one/expression/large/root_94.uvl,-1;-1;-1,-4,2.66;2.71;2.99,66447,0.08;0.09;0.08,-3;-3;-3,-4,121.28;120.93;122.97,124081778699525269922283,-1;-1;-1,-9
synthesized/except_one/expression/large/root_95.uvl,-1;-1;-1,-4,3.05;4.97;2.73,100800,0.10;0.10;0.11,-3;-3;-3,-4,0.33;0.33;0.30,232614124722547420827746304000,-1;-1;-1,-9
synthesized/except_one/expression/large/root_96.uvl,-1;-1;-1,-4,3.25;3.80;3.81,150866,0.15;0.15;0.15,-3;-3;-3,-4,0.46;0.46;0.50,2936485105849518028949185753022512236005182614977929531348746240000000000,-1;-1;-1,-9
synthesized/except_one/expression/large/root_97.uvl,-1;-1;-1,-4,2.77;3.47;3.05,101496,0.10;0.10;0.10,-3;-3;-3,-4,0.34;0.34;0.32,5391916068215502722495557965763477353582855995117749588698519608784667293536747520000000000000,-1;-1;-1,-9
synthesized/except_one/expression/large/root_98.uvl,-1;-1;-1,-4,6.39;6.14;3.04,65426,0.07;0.07;0.07,-3;-3;-3,-4,0.22;0.23;0.24,344590534029141838752869174779327364951629898541493631914076674670309966901011035458212426012148780540545753675467351444684800,-3;-3;-3,-9
synthesized/except_one/expression/large/root_99.uvl,-1;-1;-1,-4,3.14;3.38;3.14,207288,0.20;0.20;0.20,-3;-3;-3,-4,0.84;0.77;0.79,5131496380910045769927254893040820199244430500356926996480000000000,-1;-1;-1,-9
synthesized/except_one/expression/large/root_9.uvl,-1;-1;-1,-4,2.73;3.26;2.60,91144,0.10;0.09;0.10,-3;-3;-3,-4,0.49;0.53;0.49,428650277022633956470425010933431911055360000,-1;-1;-1,-9
synthesized/except_one/expression/medium/root_100.uvl,1.53;2.13;1.72,16168,1.48;1.42;1.43,10492,0.01;0.01;0.01,0.09;0.09;0.09,6,0.04;0.04;0.04,6,-1;-1;-1,-9
synthesized/except_one/expression/medium/root_10.uvl,-3;-3;-1,-4,1.87;2.07;1.73,68280,0.07;0.07;0.07,-3;-3;-3,-4,12.10;12.11;16.01,498992383395771427222638133248,-1;-1;-1,-9
synthesized/except_one/expression/medium/root_11.uvl,-3;-3;-3,-4,2.82;-3;2.49,236123,0.23;0.22;0.23,-3;-3;-3,-4,4.77;4.64;4.90,16173743874735494637076905123362500892294274659805890680003883079254243624878080000,-1;-1;-1,-9
synthesized/except_one/expression/medium/root_12.uvl,-1;-1;-1,-4,1.56;1.76;1.57,24632,0.03;0.03;0.03,-3;-3;-3,-4,0.08;0.09;0.09,303327941177314796598712074240,-3;-3;-3,-9
synthesized/except_one/expression/medium/root_13.uvl,-1;-1;-1,-4,2.06;1.61;1.69,18560,0.02;0.02;0.02,-3;-3;-3,-4,0.05;0.05;0.05,20480,-3;-3;-3,-9
synthesized/except_one/expression/medium/root_14.uvl,-1;-1;-1,-4,2.14;1.96;2.33,168790,0.15;0.15;0.16,-3;-3;-3,-4,0.36;0.33;0.43,14332723200,-1;-1;-1,-9
synthesized/except_one/expression/medium/root_15.uvl,-1;-1;-1,-4,1.90;1.53;1.44,19987,0.02;0.02;0.02,-3;-3;-3,-4,0.07;0.11;0.07,4569308021080157693699381214203284881722572800,-3;-3;-3,-9
synthesized/except_one/expression/medium/root_16.uvl,-1;-1;-1,-4,1.77;1.93;1.61,45409,0.06;0.05;0.05,-3;-3;-3,-4,0.12;0.12;0.12,3379635032791449600,-1;-1;-1,-9
synthesized/except_one/expression/medium/root_17.uvl,-1;-1;-1,-4,1.52;2.03;1.90,25455,0.04;0.03;0.03,-3;-3;-3,-4,0.07;0.16;0.16,391596337633861742289223680,-3;-1;-1,-9
synthesized/except_one/expression/medium/root_18.uvl,-1;-1;-1,-4,2.25;1.82;1.89,39570,0.04;0.04;0.04,-3;-3;-3,-4,0.10;0.10;0.10,162587852036678615040,-3;-3;-3,-9
synthesized/except_one/expression/medium/root_19.uvl,-1;-1;-1,-4,1.41;1.72;1.70,16305,0.02;0.02;0.02,-3;-3;-3,-4,0.05;0.05;0.05,438695001421756634917377146880000,-3;-3;-3,-9
synthesized/except_one/expression/medium/root_1.uvl,-1;-1;-1,-4,1.83;1.75;1.75,53175,0.06;0.05;0.05,-3;-3;-3,-4,0.13;0.15;0.15,183458856960,-3;-3;-3,-9
synthesized/except_one/expression/medium/root_20.uvl,-1;-1;-1,-4,1.36;1.39;1.59,10590,0.01;0.01;0.01,-3;-3;-3,-4,0.04;0.03;0.04,109707264,-3;-3;-3,-9
synthesized/except_one/expression/medium/root_21.uvl,-1;-1;-1,-4,1.54;1.72;1.66,25013,0.03;0.03;0.03,-3;-3;-3,-4,0.08;0.08;0.08,2690849336616171859247332002165165674987520,-3;-3;-3,-9
synthesized/except_one/expression/medium/root_22.uvl,-3;-3;-3,-4,1.28;1.36;1.23,13075,0.01;0.02;0.02,-3;-3;-3,-4,0.04;0.04;0.04,3072,-1;-1;-3,-9
synthesized/except_one/expression/medium/root_23.uvl,2.28;1.91;1.94,88632,1.65;2.02;3.03,38476,0.04;0.04;0.04,0.33;0.33;0.36,192,0.15;0.15;0.15,192,-1;-1;-1,-9
synthesized/except_one/expression/medium/root_24.uvl,-1;-1;-1,-4,2.00;2.93;2.46,63387,0.06;0.06;0.06,-3;-3;-3,-4,0.39;0.39;0.47,18368716131532800000,-1;-1;-1,-9
synthesized/except_one/expression/medium/root_25.uvl,-1;-1;-1,-4,1.60;1.68;1.55,32838,0.03;0.04;0.03,-3;-3;-3,-4,0.08;0.07;0.08,10749542400,-3;-3;-3,-9
synthesized/except_one/expression/medium/root_26.uvl,-1;-1;-1,-4,1.37;1.66;1.52,18704,0.02;0.02;0.02,-3;-3;-3,-4,0.05;0.05;0.05,27525120,-3;-3;-3,-9
synthesized/except_one/expression/medium/root_27.uvl,-1;-1;-1,-4,1.45;1.86;1.47,17778,0.02;0.02;0.02,-3;-3;-3,-4,0.05;0.05;0.05,18119393280,-3;-3;-3,-9
synthesized/except_one/expression/medium/root_28.uvl,-1;-1;-1,-4,1.54;1.44;1.65,10668,0.02;0.02;0.02,-3;-3;-3,-4,0.04;0.04;0.04,22711106459231336047192390944008699904000,-3;-3;-3,-9
synthesized/except_one/expression/medium/root_29.uvl,-1;-1;-1,-4,1.57;1.66;1.67,12660,0.02;0.02;0.02,-3;-3;-3,-4,0.04;0.04;0.04,11705057280,-3;-3;-3,-9
synthesized/except_one/expression/medium/root_2.uvl,-1;-1;-1,-4,1.51;1.52;1.34,16709,0.02;0.02;0.02,-3;-3;-3,-4,0.05;0.04;0.05,32,-3;-3;-3,-9
synthesized/except_one/expression/medium/root_30.uvl,1.43;1.45;1.52,16536,1.87;1.48;1.56,12227,0.02;0.01;0.02,0.09;0.09;0.09,2,0.03;0.03;0.03,2,-3;-3;-3,-9
synthesized/except_one/expression/medium/root_31.uvl,-1;-1;-1,-4,1.96;1.89;1.59,19904,0.02;0.02;0.02,-3;-3;-3,-4,0.06;0.06;0.06,15288238080,-3;-3;-3,-9
synthesized/except_one/expression/medium/root_32.uvl,-1;-1;-1,-4,1.94;2.09;1.62,51303,0.05;0.05;0.05,-3;-3;-3,-4,0.12;0.11;0.15,4608,-3;-3;-3,-9
synthesized/except_one/expression/medium/root_33.uvl,3.03;3.13;3.38,104837,1.51;1.49;1.41,35416,0.06;0.05;0.03,0.29;0.29;0.29,192,0.09;0.09;0.09,192,-1;-1;-1,-9
synthesized/except_one/expression/medium/root_34.uvl,-1;-1;-1,-4,1.77;1.48;1.67,10659,0.02;0.01;0.04,-3;-3;-3,-4,0.04;0.04;0.04,180347394745958400,-3;-3;-3,-9
synthesized/except_one/expression/medium/root_35.uvl,-1;-1;-1,-4,2.54;1.74;2.15,44828,0.06;0.04;0.04,-3;-3;-3,-4,0.11;0.11;0.11,182395784908505088,-1;-1;-1,-9
synthesized/except_one/expression/medium/root_36.uvl,-1;-1;-1,-4,1.56;1.72;1.77,18260,0.02;0.02;0.02,-3;-3;-3,-4,0.05;0.05;0.05,11963995700985057068974080,-3;-3;-3,-9
synthesized/except_one/expression/medium/root_37.uvl,10.40;10.40;12.89,44920,1.37;1.69;1.66,17894,0.02;0.02;0.02,0.09;0.09;0.09,2,0.05;0.05;0.05,2,-1;-1;-1,-9
synthesized/except_one/expression/medium/root_38.uvl,-1;-1;-1,-4,2.10;1.79;1.97,72816,0.07;0.07;0.07,-3;-3;-3,-4,0.27;0.17;0.16,6842395937058701967360000,-1;-1;-1,-9
synthesized/except_one/expression/medium/root_39.uvl,-1;-1;-1,-4,1.71;1.91;1.86,26705,0.03;0.03;0.03,-3;-3;-3,-4,0.14;0.08;0.07,652298158080,-3;-3;-3,-9
synthesized/except_one/expression/medium/root_3.uvl,-1;-1;-1,-4,1.79;1.51;1.71,14898,0.02;0.02;0.02,-3;-3;-3,-4,0.04;0.04;0.05,24461180928,-3;-3;-3,-9
synthesized/except_one/expression/medium/root_40.uvl,-1;-1;-1,-4,1.66;1.72;1.57,54513,0.06;0.06;0.06,-3;-3;-3,-4,0.15;0.15;0.15,213698991882240000,-1;-1;-1,-9
synthesized/except_one/expression/medium/root_41.uvl,-1;-1;-1,-4,1.67;1.63;1.67,47990,0.05;0.05;0.05,-3;-3;-3,-4,0.12;0.12;0.12,7636291462103040,-1;-1;-1,-9
synthesized/except_one/expression/medium/root_42.uvl,-1;-1;-1,-4,2.06;1.55;1.67,14883,0.02;0.02;0.02,-3;-3;-3,-4,0.04;0.04;0.04,1658880,-3;-3;-3,-9
synthesized/except_one/expression/medium/root_43.uvl,-3;-3;-3,-4,-3;-3;-3,-4,-3;-3;-3,-3;-3;-3,-4,-3;-3;-3,-4,-3;-3;-3,-4
synthesized/except_one/expression/medium/root_44.uvl,-1;-1;-1,-4,1.81;1.88;1.86,34112,0.04;0.04;0.04,-3;-3;-3,-4,0.09;0.09;0.09,4026531840,-1;-1;-1,-9
synthesized/except_one/expression/medium/root_45.uvl,-1;-1;-1,-4,2.20;1.93;1.78,45566,0.05;0.04;0.04,-3;-3;-3,-4,0.43;0.42;0.41,1250829368301619166561513458258201804800,-1;-1;-1,-9
synthesized/except_one/expression/medium/root_46.uvl,-1;-1;-1,-4,1.50;2.09;1.41,11077,0.02;0.02;0.01,-3;-3;-3,-4,0.04;0.04;0.04,89102245001269435726481178859929600,-3;-3;-3,-9
synthesized/except_one/expression/medium/root_47.uvl,-1;-1;-1,-4,1.55;1.64;1.38,19444,0.02;0.02;0.02,-3;-3;-3,-4,0.05;0.05;0.05,3840,-3;-3;-3,-9
synthesized/except_one/expression/medium/root_48.uvl,-1;-1;-1,-4,2.15;2.00;1.83,139237,0.13;0.13;0.13,-3;-3;-3,-4,0.33;0.32;0.33,1158,-1;-1;-1,-9
synthesized/except_one/expression/medium/root_49.uvl,-1;-1;-1,-4,1.76;1.59;1.58,22672,0.03;0.02;0.02,-3;-3;-3,-4,0.06;0.06;0.06,2293760,-3;-3;-3,-9
synthesized/except_one/expression/medium/root_4.uvl,-1;-1;-1,-4,5.95;10.81;1.60,16347,0.02;0.02;0.03,-3;-3;-3,-4,0.09;0.06;0.05,4373223936595329024,-3;-3;-3,-9
synthesized/except_one/expression/medium/root_50.uvl,-1;-1;-1,-4,1.72;1.39;2.48,15951,0.02;0.02;0.02,-3;-3;-3,-4,0.05;0.06;0.05,32311778088111493349376,-3;-3;-3,-9
synthesized/except_one/expression/medium/root_51.uvl,-1;-1;-1,-4,2.03;1.94;1.98,36239,0.04;0.04;0.04,-3;-3;-3,-4,0.20;0.21;0.21,255144708510832159358976,-1;-1;-1,-9
synthesized/except_one/expression/medium/root_52.uvl,-1;-1;-1,-4,1.58;1.58;1.90,18234,0.02;0.05;0.04,-3;-3;-3,-4,0.05;0.05;0.05,11796480,-1;-1;-1,-9
synthesized/except_one/expression/medium/root_53.uvl,-1;-1;-1,-4,1.84;1.48;1.40,23948,0.02;0.03;0.02,-3;-3;-3,-4,0.06;0.06;0.06,1161216,-3;-3;-3,-9
synthesized/except_one/expression/medium/root_54.uvl,-1;-1;-1,-4,1.60;1.69;1.42,14990,0.02;0.02;0.02,-3;-3;-3,-4,0.05;0.05;0.05,966839500800,-3;-3;-3,-9
synthesized/except_one/expression/medium/root_55.uvl,-1;-1;-1,-4,1.38;1.73;1.49,10894,0.01;0.01;0.01,-3;-3;-3,-4,0.03;0.03;0.03,2250129333006678602867644154511360,-3;-3;-3,-9
synthesized/except_one/expression/medium/root_56.uvl,-1;-1;-1,-4,2.37;2.34;2.26,187154,0.17;0.17;0.17,-3;-3;-3,-4,5.13;5.04;5.52,145442607513294088068558168784896000000,-1;-1;-1,-9
synthesized/except_one/expression/medium/root_57.uvl,-1;-1;-1,-4,2.16;2.16;2.03,102619,0.10;0.10;0.10,-3;-3;-3,-4,0.30;0.27;0.27,62016461371341034966200022204439756537856000000,-1;-1;-1,-9
synthesized/except_one/expression/medium/root_58.uvl,-1;-1;-1,-4,1.78;1.88;1.63,25416,0.03;0.03;0.03,-3;-3;-3,-4,0.10;0.11;0.12,1625824080354872412182937600,-3;-3;-3,-9
synthesized/except_one/expression/medium/root_59.uvl,2.07;2.15;2.37,93275,1.81;1.28;1.39,26454,0.03;0.03;0.03,0.17;0.19;0.31,1607,0.09;0.09;0.11,1607,-1;-1;-1,-9
synthesized/except_one/expression/medium/root_5.uvl,-1;-1;-1,-4,1.54;1.97;1.58,24011,0.03;0.03;0.03,-3;-3;-3,-4,0.06;0.07;0.07,12897239040,-1;-1;-1,-9
synthesized/except_one/expression/medium/root_60.uvl,-1;-1;-1,-4,1.39;1.64;1.61,9702,0.01;0.01;0.01,-3;-3;-3,-4,0.03;0.03;0.03,1474560,-3;-3;-3,-9
synthesized/except_one/expression/medium/root_61.uvl,1.87;1.95;1.86,36968,1.83;1.69;1.73,31071,0.04;0.03;0.03,0.30;0.13;0.13,133120,0.17;0.08;0.07,133120,-3;-3;-3,-9
synthesized/except_one/expression/medium/root_62.uvl,-1;-1;-1,-4,1.66;1.69;1.73,16307,0.02;0.02;0.02,-3;-3;-3,-4,0.05;0.06;0.08,137560849025414316687360,-3;-3;-3,-9
synthesized/except_one/expression/medium/root_63.uvl,-3;-3;-3,-4,2.36;2.34;2.38,99318,0.09;0.09;0.09,-3;-3;-3,-4,0.33;0.28;0.32,13850464223232,-1;-1;-1,-9
synthesized/except_one/expression/medium/root_64.uvl,-1;-1;-1,-4,2.01;1.80;1.99,50732,0.05;0.05;0.06,-3;-3;-3,-4,0.13;0.12;0.13,70756230758400,-3;-3;-3,-9
synthesized/except_one/expression/medium/root_65.uvl,-1;-1;-1,-4,1.83;1.54;1.60,38690,0.04;0.04;0.04,-3;-3;-3,-4,0.10;0.10;0.11,1077074718621696,-1;-1;-1,-9
synthesized/except_one/expression/medium/root_66.uvl,1.58;2.03;1.65,20733,1.29;1.28;1.46,13821,0.02;0.02;0.02,0.09;0.09;0.09,1,0.05;0.05;0.05,-9,-1;-1;-1,-9
synthesized/except_one/expression/medium/root_67.uvl,-1;-1;-1,-4,1.53;1.51;1.66,21118,0.02;0.03;0.02,-3;-3;-3,-4,0.06;0.06;0.06,856044390343665254400,-3;-3;-3,-9
synthesized/except_one/expression/medium/root_68.uvl,-1;-1;-1,-4,2.03;2.00;2.19,33011,0.04;0.04;0.04,-3;-3;-3,-4,0.20;0.21;0.21,1172447079750866034050138468531366753451638784000,-1;-1;-1,-9
synthesized/except_one/expression/medium/root_69.uvl,-1;-1;-1,-4,1.48;2.02;1.62,24419,0.03;0.03;0.02,-3;-3;-3,-4,0.08;0.06;0.07,36238786560,-3;-3;-3,-9
synthesized/except_one/expression/medium/root_6.uvl,-1;-1;-1,-4,1.70;2.21;2.07,101134,0.09;0.09;0.09,-3;-3;-3,-4,0.49;0.53;0.52,48043048151417104428428904812689489920,-1;-1;-1,-9
synthesized/except_one/expression/medium/root_70.uvl,-1;-1;-1,-4,2.09;1.95;1.58,87827,0.09;0.08;0.08,-3;-3;-3,-4,0.36;0.36;0.38,218144414409113274245185536,-1;-1;-1,-9
synthesized/except_one/expression/medium/root_71.uvl,-3;-3;-3,-4,-3;-3;-3,-4,-3;-3;-3,-3;-3;-3,-4,-3;-3;-3,-4,-3;-3;-3,-4
synthesized/except_one/expression/medium/root_72.uvl,-1;-1;-1,-4,1.58;1.73;1.69,32667,0.07;0.06;0.03,-3;-3;-3,-4,0.08;0.08;0.08,127401984,-1;-1;-1,-9
synthesized/except_one/expression/medium/root_73.uvl,-1;-1;-1,-4,1.77;1.85;1.89,58374,0.06;0.06;0.06,-3;-3;-3,-4,1.94;1.82;1.93,6030677513830399649999595189043200000,-1;-1;-1,-9
synthesized/except_one/expression/medium/root_74.uvl,-1;-1;-1,-4,1.40;1.68;1.50,14322,0.02;0.02;0.02,-3;-3;-3,-4,0.04;0.04;0.04,18432,-1;-1;-1,-9
synthesized/except_one/expression/medium/root_75.uvl,-1;-1;-1,-4,1.71;1.71;1.62,33197,0.03;0.03;0.04,-3;-3;-3,-4,0.07;0.08;0.08,2867200,-3;-3;-3,-9
synthesized/except_one/expression/medium/root_76.uvl,-1;-1;-1,-4,1.66;1.73;1.93,62056,0.07;0.06;0.07,-3;-3;-3,-4,0.62;0.60;0.58,645197737753977508430317171749395245930905600,-1;-1;-1,-9
synthesized/except_one/expression/medium/root_77.uvl,-1;-1;-1,-4,2.04;1.95;2.03,85085,0.09;0.08;0.08,-3;-3;-3,-4,0.51;0.44;0.44,2014351353446400,-1;-1;-1,-9
synthesized/except_one/expression/medium/root_78.uvl,-3;-3;-3,-4,1.93;1.71;1.74,84457,0.09;0.08;0.08,-3;-3;-3,-4,0.66;0.67;0.67,8034433567144046604469514797056,-1;-1;-1,-9
synthesized/except_one/expression/medium/root_79.uvl,-1;-1;-1,-4,1.77;1.51;1.49,20819,0.02;0.02;0.02,-3;-3;-3,-4,0.06;0.06;0.06,510117543936,-3;-3;-3,-9
synthesized/except_one/expression/medium/root_7.uvl,-1;-1;-1,-4,1.84;1.72;1.63,26882,0.03;0.03;0.03,-3;-3;-3,-4,0.12;0.08;0.08,30997208471961600000,-3;-3;-3,-9
synthesized/except_one/expression/medium/root_80.uvl,-1;-1;-1,-4,1.98;1.73;1.90,34263,0.03;0.03;0.04,-3;-3;-3,-4,0.11;0.11;0.11,1943274167994812825862144000,-3;-3;-3,-9
synthesized/except_one/expression/medium/root_81.uvl,-1;-1;-1,-4,1.61;1.58;1.42,16663,0.02;0.02;0.02,-3;-3;-3,-4,0.05;0.05;0.05,2772351862699137701073289910157312,-3;-3;-3,-9
synthesized/except_one/expression/medium/root_82.uvl,-1;-1;-1,-4,1.71;1.43;1.56,19830,0.03;0.03;0.03,-3;-3;-3,-4,0.09;0.08;0.05,1724034232352768,-3;-3;-3,-9
synthesized/except_one/expression/medium/root_83.uvl,-1;-1;-1,-4,1.80;1.86;1.76,42292,0.04;0.04;0.04,-3;-3;-3,-4,0.13;0.14;0.14,62063801277404990417141760,-1;-1;-1,-9
synthesized/except_one/expression/medium/root_84.uvl,-1;-1;-1,-4,1.71;6.35;1.84,13258,0.02;0.02;0.02,-3;-3;-3,-4,0.04;0.05;0.04,3181941725425827840,-3;-3;-3,-9
synthesized/except_one/expression/medium/root_85.uvl,-1;-1;-1,-4,1.77;1.88;1.78,16261,0.02;0.02;0.02,-3;-3;-3,-4,0.05;0.05;0.05,98304,-3;-3;-3,-9
synthesized/except_one/expression/medium/root_86.uvl,-1;-1;-1,-4,1.67;1.69;1.66,16984,0.04;0.04;0.04,-3;-3;-3,-4,0.05;0.05;0.05,10687253021982720,-3;-3;-3,-9
synthesized/except_one/expression/medium/root_87.uvl,-1;-1;-1,-4,1.48;1.39;1.63,14268,0.02;0.02;0.02,-3;-3;-3,-4,0.12;0.04;0.05,8192,170.25;179.02;164.41,8192
synthesized/except_one/expression/medium/root_88.uvl,-1;-1;-1,-4,1.78;2.86;1.81,14684,0.02;0.02;0.02,-3;-3;-3,-4,0.04;0.04;0.06,44236800,-3;-3;-3,-9
synthesized/except_one/expression/medium/root_89.uvl,-1;-1;-1,-4,1.90;2.07;1.98,22410,0.04;0.02;0.04,-3;-3;-3,-4,0.12;0.07;0.07,12779145361594006355407011840,-3;-3;-3,-9
synthesized/except_one/expression/medium/root_8.uvl,-1;-1;-1,-4,1.65;1.53;1.56,20274,0.02;0.02;0.02,-3;-3;-3,-4,0.05;0.06;0.07,63360,-3;-3;-3,-9
synthesized/except_one/expression/medium/root_90.uvl,-1;-1;-1,-4,1.42;1.60;1.66,11816,0.02;0.01;0.01,-3;-3;-3,-4,0.15;0.15;0.15,34728221,-1;-1;-1,-9
synthesized/except_one/expression/medium/root_91.uvl,-1;-1;-1,-4,1.64;1.99;2.09,18508,0.02;0.02;0.02,-3;-3;-3,-4,0.06;0.14;0.06,6575165433446400,-3;-3;-3,-9
synthesized/except_one/expression/medium/root_92.uvl,-1;-1;-1,-4,2.14;1.74;1.70,23466,0.04;0.03;0.03,-3;-3;-3,-4,0.13;0.06;0.06,28054039182704640,-3;-3;-3,-9
synthesized/except_one/expression/medium/root_93.uvl,-1;-1;-1,-4,1.94;1.99;2.07,29411,0.03;0.03;0.03,-3;-3;-3,-4,0.13;0.07;0.08,27572576256,-3;-3;-3,-9
synthesized/except_one/expression/medium/root_94.uvl,-1;-1;-1,-4,1.68;1.55;1.50,23196,0.02;0.02;0.03,-3;-3;-3,-4,0.07;0.07;0.07,287663487713280,-3;-3;-3,-9
synthesized/except_one/expression/medium/root_95.uvl,-1;-1;-1,-4,2.23;1.77;1.35,11776,0.01;0.02;0.01,-3;-3;-3,-4,0.04;0.04;0.04,17179869184,-3;-3;-3,-9
synthesized/except_one/expression/medium/root_96.uvl,-1;-1;-1,-4,1.53;1.67;1.62,11042,0.01;0.01;0.01,-3;-3;-3,-4,0.04;0.04;0.04,4482558809911421042688000,-3;-3;-3,-9
synthesized/except_one/expression/medium/root_97.uvl,-1;-1;-1,-4,1.60;1.59;1.71,19652,0.02;0.02;0.02,-3;-3;-3,-4,0.06;0.05;0.05,6442450944,-3;-3;-3,-9
synthesized/except_one/expression/medium/root_98.uvl,-1;-1;-1,-4,1.48;1.56;1.55,15675,0.02;0.02;0.02,-3;-3;-3,-4,0.06;0.05;0.06,56032027345139269632000,-3;-3;-3,-9
synthesized/except_one/expression/medium/root_99.uvl,-1;-1;-1,-4,1.94;1.96;1.78,27374,0.03;0.03;0.03,-3;-3;-3,-4,0.10;0.14;0.12,22804955136000,-3;-3;-3,-9
synthesized/except_one/expression/medium/root_9.uvl,2.43;2.44;2.62,82996,1.56;1.72;1.56,38552,0.04;0.04;0.04,0.12;0.13;0.12,6,0.09;0.09;0.09,6,-1;-1;-1,-9
synthesized/except_one/expression/small/root_100.uvl,-1;-1;-1,-4,0.75;0.68;0.73,1822,0.00;0.00;0.00,-3;-3;-3,-4,0.01;0.01;0.06,1,0.43;0.48;0.23,1
synthesized/except_one/expression/small/root_10.uvl,-1;-1;-1,-4,0.80;0.75;0.79,2123,0.00;0.00;0.00,-3;-3;-3,-4,0.01;0.01;0.01,192,-3;-3;-3,-9
synthesized/except_one/expression/small/root_11.uvl,-1;-1;-1,-4,0.92;0.81;0.80,6162,0.01;0.01;0.01,-3;-3;-3,-4,0.02;0.02;0.02,108,-3;-3;-3,-9
synthesized/except_one/expression/small/root_12.uvl,-1;-1;-1,-4,1.05;0.76;0.74,1730,0.00;0.00;0.00,-3;-3;-3,-4,0.01;0.01;0.02,4,-3;-3;-3,-9
synthesized/except_one/expression/small/root_13.uvl,-1;-1;-1,-4,0.93;0.77;0.84,2538,0.00;0.00;0.00,-3;-3;-3,-4,0.01;0.01;0.01,55296,-3;-3;-3,-9
synthesized/except_one/expression/small/root_14.uvl,-1;-1;-1,-4,0.85;1.12;1.16,11348,0.01;0.01;0.01,-3;-3;-3,-4,0.03;0.03;0.04,851705856,12.26;12.39;12.29,851705856
synthesized/except_one/expression/small/root_15.uvl,-1;-1;-1,-4,1.56;1.18;0.99,44011,0.04;0.04;0.05,-3;-3;-3,-4,0.35;0.34;0.38,101950,-1;-1;-1,-9
synthesized/except_one/expression/small/root_16.uvl,-1;-1;-1,-4,0.72;0.71;0.78,1822,0.00;0.00;0.00,-3;-3;-3,-4,0.01;0.01;0.01,256,-3;-3;-3,-9
synthesized/except_one/expression/small/root_17.uvl,-1;-1;-1,-4,0.79;0.88;0.88,4756,0.03;0.02;0.03,-3;-3;-3,-4,0.02;0.02;0.02,128,-3;-3;-3,-9
synthesized/except_one/expression/small/root_18.uvl,-1;-1;-1,-4,0.77;1.91;0.86,4129,0.01;0.01;0.01,-3;-3;-3,-4,0.03;0.03;0.03,114149661,21.30;21.91;24.03,114149661
synthesized/except_one/expression/small/root_19.uvl,-1;-1;-1,-4,1.07;0.77;0.93,4672,0.01;0.01;0.01,-3;-3;-3,-4,0.02;0.02;0.02,1,15.49;14.77;14.07,1
synthesized/except_one/expression/small/root_1.uvl,-1;-1;-1,-4,0.79;1.03;0.92,2170,0.00;0.00;0.01,-3;-3;-3,-4,0.02;0.01;0.01,6184752906240,-3;-3;-3,-9
synthesized/except_one/expression/small/root_20.uvl,0.79;0.81;0.91,2566,0.81;0.69;0.63,2481,0.00;0.00;0.00,0.12;0.12;0.14,10,0.02;0.02;0.02,10,0.11;0.25;0.13,10
synthesized/except_one/expression/small/root_21.uvl,-1;-1;-1,-4,0.85;1.18;0.83,3781,0.01;0.01;0.01,-3;-3;-3,-4,0.02;0.02;0.02,322560,-3;-3;-3,-9
synthesized/except_one/expression/small/root_22.uvl,-1;-1;-1,-4,0.86;0.72;0.87,1830,0.01;0.00;0.00,-3;-3;-3,-4,0.01;0.01;0.01,520,2.30;2.28;2.47,520
synthesized/except_one/expression/small/root_23.uvl,-1;-1;-1,-4,0.95;0.97;1.20,12632,0.02;0.01;0.01,-3;-3;-3,-4,0.26;0.26;0.25,232293799360907313808281242,-1;-1;-1,-9
synthesized/except_one/expression/small/root_24.uvl,-1;-1;-1,-4,0.83;0.76;0.75,5699,0.01;0.01;0.01,-3;-3;-3,-4,0.09;0.02;0.02,160,-3;-3;-3,-9
synthesized/except_one/expression/small/root_25.uvl,-1;-1;-1,-4,0.99;0.80;0.76,1876,0.00;0.00;0.00,-3;-3;-3,-4,0.01;0.01;0.01,3840,-3;-3;-3,-9
synthesized/except_one/expression/small/root_26.uvl,-1;-1;-1,-4,0.76;0.90;0.77,2587,0.01;0.02;0.00,-3;-3;-3,-4,0.01;0.01;0.01,2304,-3;-3;-3,-9
synthesized/except_one/expression/small/root_27.uvl,-1;-1;-1,-4,0.71;0.71;0.93,2743,0.01;0.01;0.01,-3;-3;-3,-4,0.01;0.01;0.01,8,-3;-3;-3,-9
synthesized/except_one/expression/small/root_28.uvl,-1;-1;-1,-4,0.82;0.82;0.85,5911,0.01;0.01;0.03,-3;-3;-3,-4,0.02;0.04;0.02,9830400,-3;-3;-3,-9
synthesized/except_one/expression/small/root_29.uvl,-1;-1;-1,-4,0.76;0.84;0.96,2111,0.00;0.00;0.00,-3;-3;-3,-4,0.07;0.01;0.01,55296,-3;-3;-3,-9
synthesized/except_one/expression/small/root_2.uvl,-1;-1;-1,-4,0.94;0.84;0.95,9389,0.04;0.01;0.01,-3;-3;-3,-4,0.04;0.04;0.04,59664384,-3;-3;-3,-9
synthesized/except_one/expression/small/root_30.uvl,-1;-1;-1,-4,0.77;0.89;1.12,6700,0.01;0.01;0.01,-3;-3;-3,-4,0.02;0.02;0.02,8,-1;-1;-1,-9
synthesized/except_one/expression/small/root_31.uvl,-1;-1;-1,-4,0.78;0.82;0.72,5226,0.01;0.01;0.01,-3;-3;-3,-4,0.02;0.02;0.02,2,0.05;0.05;0.05,2
synthesized/except_one/expression/small/root_32.uvl,-1;-1;-1,-4,1.13;0.79;0.75,1954,0.00;0.00;0.00,-3;-3;-3,-4,0.01;0.01;0.01,24,-3;-3;-3,-9
synthesized/except_one/expression/small/root_33.uvl,-1;-1;-1,-4,0.92;0.94;0.94,18247,0.04;0.02;0.02,-3;-3;-3,-4,0.08;0.08;0.19,66490478277782667264,-1;-1;-1,-9
synthesized/except_one/expression/small/root_34.uvl,-1;-1;-1,-4,0.97;0.89;0.93,6445,0.01;0.01;0.01,-3;-3;-3,-4,0.03;0.11;0.03,7234560,-3;-3;-3,-9
synthesized/except_one/expression/small/root_35.uvl,-1;-1;-1,-4,0.94;0.94;0.96,2348,0.00;0.02;0.00,-3;-3;-3,-4,0.08;0.01;0.01,15360,-3;-3;-3,-9
synthesized/except_one/expression/small/root_36.uvl,-1;-1;-1,-4,0.76;0.95;0.84,2119,0.00;0.00;0.00,-3;-3;-3,-4,0.02;0.01;0.01,64,-3;-3;-3,-9
synthesized/except_one/expression/small/root_37.uvl,-1;-1;-1,-4,0.95;0.78;0.78,1924,0.00;0.00;0.00,-3;-3;-3,-4,0.01;0.01;0.01,16,-3;-3;-3,-9
synthesized/except_one/expression/small/root_38.uvl,-1;-1;-1,-4,0.67;0.84;0.81,1898,0.00;0.00;0.00,-3;-3;-3,-4,0.01;0.01;0.01,128,-3;-3;-3,-9
synthesized/except_one/expression/small/root_39.uvl,-1;-1;-1,-4,0.93;0.77;0.82,2281,0.00;0.00;0.00,-3;-3;-3,-4,0.01;0.02;0.03,6912,-3;-3;-3,-9
synthesized/except_one/expression/small/root_3.uvl,-1;-1;-1,-4,0.86;0.93;0.93,11353,0.01;0.01;0.01,-3;-3;-3,-4,0.05;0.05;0.05,240,-3;-3;-3,-9
synthesized/except_one/expression/small/root_40.uvl,-1;-1;-1,-4,0.84;0.82;0.81,2411,0.00;0.00;0.00,-3;-3;-3,-4,0.01;0.01;0.01,23592960,-3;-3;-3,-9
synthesized/except_one/expression/small/root_41.uvl,-1;-1;-1,-4,0.79;0.84;0.79,2150,0.00;0.00;0.00,-3;-3;-3,-4,0.11;0.02;0.01,8,-3;-3;-3,-9
synthesized/except_one/expression/small/root_42.uvl,-1;-1;-1,-4,0.85;0.96;6.59,1564,0.00;0.02;0.00,-3;-3;-3,-4,0.01;0.01;0.01,48,-3;-3;-3,-9
synthesized/except_one/expression/small/root_43.uvl,-1;-1;-1,-4,0.69;0.74;0.70,1516,0.00;0.00;0.00,-3;-3;-3,-4,0.01;0.01;0.04,1,1.01;0.98;0.98,1
synthesized/except_one/expression/small/root_44.uvl,-1;-1;-1,-4,0.86;0.89;0.97,10319,0.01;0.01;0.01,-3;-3;-3,-4,0.04;0.03;0.03,84934656,-1;-1;-1,-9
synthesized/except_one/expression/small/root_45.uvl,1.50;0.82;0.82,1989,0.72;0.78;1.03,1659,0.00;0.00;0.00,0.08;0.09;0.09,4,0.01;0.01;0.01,4,-3;-3;-3,-9
synthesized/except_one/expression/small/root_46.uvl,-1;-1;-1,-4,0.93;0.93;0.79,2424,0.00;0.00;0.00,-3;-3;-3,-4,0.05;0.01;0.01,4,-3;-3;-3,-9
synthesized/except_one/expression/small/root_47.uvl,-1;-1;-1,-4,0.77;0.79;0.94,2974,0.00;0.00;0.00,-3;-3;-3,-4,0.01;0.01;0.01,1664,-3;-3;-3,-9
synthesized/except_one/expression/small/root_48.uvl,-1;-1;-1,-4,0.78;0.78;0.76,2473,0.00;0.00;0.00,-3;-3;-3,-4,0.01;0.01;0.01,32,-3;-3;-3,-9
synthesized/except_one/expression/small/root_49.uvl,-1;-1;-1,-4,1.03;0.84;0.79,4157,0.01;0.01;0.01,-3;-3;-3,-4,0.01;0.03;0.01,3840,-3;-3;-3,-9
synthesized/except_one/expression/small/root_4.uvl,-1;-1;-1,-4,0.71;0.85;0.89,1449,0.00;0.00;0.00,-3;-3;-3,-4,0.01;0.01;0.04,49152,-3;-3;-3,-9
synthesized/except_one/expression/small/root_50.uvl,-1;-1;-1,-4,1.07;0.81;0.82,2841,0.01;0.01;0.00,-3;-3;-3,-4,0.01;0.01;0.08,192,0.02;0.15;0.17,192
synthesized/except_one/expression/small/root_51.uvl,-1;-1;-1,-4,1.04;0.85;0.87,7011,0.01;0.01;0.01,-3;-3;-3,-4,0.03;0.02;0.03,9663676416,-3;-3;-3,-9
synthesized/except_one/expression/small/root_52.uvl,-1;-1;-1,-4,0.73;0.69;0.99,3204,0.01;0.00;0.00,-3;-3;-3,-4,0.02;0.02;0.01,324608,0.03;0.03;0.03,324608
synthesized/except_one/expression/small/root_53.uvl,-1;-1;-1,-4,0.76;0.81;0.81,2292,0.00;0.00;0.00,-3;-3;-3,-4,0.02;0.01;0.01,384,-3;-3;-3,-9
synthesized/except_one/expression/small/root_54.uvl,-1;-1;-1,-4,0.76;0.71;0.71,1800,0.00;0.00;0.01,-3;-3;-3,-4,0.01;0.01;0.11,384,-3;-3;-3,-9
synthesized/except_one/expression/small/root_55.uvl,-1;-1;-1,-4,5.68;0.84;0.92,6667,0.01;0.01;0.01,-3;-3;-3,-4,0.02;0.02;0.02,644972544,-1;-1;-1,-9
synthesized/except_one/expression/small/root_56.uvl,-1;-1;-1,-4,0.76;0.89;0.82,1779,0.00;0.00;0.00,-3;-3;-3,-4,0.01;0.01;0.01,4096,-3;-3;-3,-9
synthesized/except_one/expression/small/root_57.uvl,-1;-1;-1,-4,0.89;1.01;0.86,10026,0.01;0.01;0.01,-3;-3;-3,-4,0.04;0.03;0.03,144276074496,-3;-3;-3,-9
synthesized/except_one/expression/small/root_58.uvl,-1;-1;-1,-4,0.89;0.90;0.82,6429,0.01;0.01;0.01,-3;-3;-3,-4,0.02;0.02;0.02,204800,-3;-3;-3,-9
synthesized/except_one/expression/small/root_59.uvl,-1;-1;-1,-4,0.79;1.11;1.05,5947,0.01;0.01;0.01,-3;-3;-3,-4,0.03;0.03;0.03,65537,82.50;87.18;69.54,65537
synthesized/except_one/expression/small/root_5.uvl,-1;-1;-1,-4,0.89;0.88;0.91,2380,0.00;0.00;0.00,-3;-3;-3,-4,0.01;0.01;0.01,9216,-3;-3;-3,-9
synthesized/except_one/expression/small/root_60.uvl,-1;-1;-1,-4,0.98;0.84;0.84,6631,0.01;0.01;0.01,-3;-3;-3,-4,0.04;0.04;0.04,52495676064,-1;-1;-1,-9
synthesized/except_one/expression/small/root_61.uvl,-1;-1;-1,-4,0.76;0.95;0.88,3943,0.01;0.01;0.01,-3;-3;-3,-4,0.02;0.25;0.02,576,-3;-3;-3,-9
synthesized/except_one/expression/small/root_62.uvl,-1;-1;-1,-4,0.73;0.73;0.89,2161,0.00;0.00;0.00,-3;-3;-3,-4,0.01;0.02;0.01,16,-3;-3;-3,-9
synthesized/except_one/expression/small/root_63.uvl,-1;-1;-1,-4,1.03;0.75;0.93,1756,0.00;0.00;0.00,-3;-3;-3,-4,0.01;0.01;0.01,512,-3;-3;-3,-9
synthesized/except_one/expression/small/root_64.uvl,-1;-1;-1,-4,0.84;1.05;0.81,10585,0.01;0.01;0.01,-3;-3;-3,-4,0.04;0.04;0.04,1088,19.35;18.26;23.68,1088
synthesized/except_one/expression/small/root_65.uvl,-1;-1;-1,-4,1.02;1.05;0.83,9346,0.01;0.01;0.01,-3;-3;-3,-4,0.07;0.04;0.04,83923520,-1;-1;-1,-9
synthesized/except_one/expression/small/root_66.uvl,-1;-1;-1,-4,0.77;0.77;0.84,2009,0.00;0.00;0.00,-3;-3;-3,-4,0.02;0.01;0.01,393216,-3;-3;-3,-9
synthesized/except_one/expression/small/root_67.uvl,0.80;0.83;0.87,1980,0.82;0.64;1.11,1769,0.00;0.00;0.00,0.12;0.12;0.11,6,0.01;0.01;0.01,6,4.89;5.78;5.89,6
synthesized/except_one/expression/small/root_68.uvl,-1;-1;-1,-4,0.77;0.86;1.14,3678,0.03;0.03;0.01,-3;-3;-3,-4,0.01;0.02;0.01,288,-3;-3;-3,-9
synthesized/except_one/expression/small/root_69.uvl,1.25;0.98;1.22,3587,0.79;0.82;0.86,2944,0.00;0.00;0.00,0.09;0.09;0.08,1,0.01;0.01;0.01,1,0.13;0.03;0.03,1
synthesized/except_one/expression/small/root_6.uvl,-1;-1;-1,-4,0.83;0.95;0.80,10801,0.01;0.01;0.01,-3;-3;-3,-4,0.16;0.05;0.05,1756,422.51;422.84;399.38,1756
synthesized/except_one/expression/small/root_70.uvl,-1;-1;-1,-4,0.78;0.77;0.84,3821,0.01;0.01;0.01,-3;-3;-3,-4,0.01;0.01;0.01,1152,-3;-3;-3,-9
synthesized/except_one/expression/small/root_71.uvl,-1;-1;-1,-4,0.76;0.81;0.85,2711,0.00;0.00;0.00,-3;-3;-3,-4,0.01;0.01;0.01,276480,-3;-3;-3,-9
synthesized/except_one/expression/small/root_72.uvl,-1;-1;-1,-4,0.98;0.82;1.19,10786,0.01;0.01;0.01,-3;-3;-3,-4,0.05;0.05;0.05,13881600,-1;-1;-1,-9
synthesized/except_one/expression/small/root_73.uvl,-1;-1;-1,-4,0.70;0.83;0.72,1895,0.00;0.00;0.00,-3;-3;-3,-4,0.01;0.02;0.01,8,-3;-3;-3,-9
synthesized/except_one/expression/small/root_74.uvl,0.96;1.07;1.08,19265,4.67;1.36;0.94,13647,0.02;0.02;0.02,0.09;0.08;0.09,1,0.03;0.04;0.03,1,-3;-3;-3,-9
synthesized/except_one/expression/small/root_75.uvl,-1;-1;-1,-4,0.84;0.80;0.76,1736,0.00;0.00;0.00,-3;-3;-3,-4,0.01;0.01;0.01,2160,-3;-3;-3,-9
synthesized/except_one/expression/small/root_76.uvl,-1;-1;-1,-4,0.67;0.73;0.89,1830,0.00;0.00;0.00,-3;-3;-3,-4,0.01;0.01;0.01,864,6.00;4.87;5.35,864
synthesized/except_one/expression/small/root_77.uvl,-1;-1;-1,-4,0.84;0.79;0.80,7124,0.01;0.01;0.01,-3;-3;-3,-4,0.03;0.03;0.03,132710400,0.20;0.08;0.09,132710400
synthesized/except_one/expression/small/root_78.uvl,-1;-1;-1,-4,0.97;0.95;0.76,2887,0.00;0.00;0.00,-3;-3;-3,-4,0.01;0.01;0.11,35,0.83;0.82;0.92,35
synthesized/except_one/expression/small/root_79.uvl,-1;-1;-1,-4,0.83;0.83;1.34,4213,0.01;0.04;0.01,-3;-3;-3,-4,0.02;0.02;0.02,2874432,-3;-3;-3,-9
synthesized/except_one/expression/small/root_7.uvl,-1;-1;-1,-4,0.76;0.82;1.09,1903,0.01;0.00;0.00,-3;-3;-3,-4,0.01;0.01;0.01,256,-3;-3;-3,-9
synthesized/except_one/expression/small/root_80.uvl,-1;-1;-1,-4,0.84;0.71;0.82,3859,0.01;0.01;0.01,-3;-3;-3,-4,0.02;0.02;0.02,7424,2.14;3.60;3.12,7424
synthesized/except_one/expression/small/root_81.uvl,0.92;1.05;0.98,2617,0.95;0.91;0.84,2107,0.00;0.00;0.01,0.23;0.22;0.08,1,0.01;0.01;0.01,2,0.44;0.36;0.48,2
synthesized/except_one/expression/small/root_82.uvl,-1;-1;-1,-4,0.80;0.79;0.81,2410,0.01;0.01;0.01,-3;-3;-3,-4,0.01;0.01;0.01,768,-3;-3;-3,-9
synthesized/except_one/expression/small/root_83.uvl,-1;-1;-1,-4,1.01;0.98;0.86,12667,0.02;0.02;0.10,-3;-3;-3,-4,0.18;0.13;0.04,3125,-1;-1;-1,-9
synthesized/except_one/expression/small/root_84.uvl,-1;-1;-1,-4,1.12;1.23;0.82,7954,0.01;0.01;0.01,-3;-3;-3,-4,0.02;0.02;0.02,106521600,4.71;5.72;4.13,106521600
synthesized/except_one/expression/small/root_85.uvl,-1;-1;-1,-4,1.21;0.91;0.89,2872,0.00;0.00;0.00,-3;-3;-3,-4,0.02;0.01;0.01,23040,-3;-3;-3,-9
synthesized/except_one/expression/small/root_86.uvl,-1;-1;-1,-4,1.18;1.35;1.06,44660,0.08;0.07;0.06,-3;-3;-3,-4,0.25;0.24;0.25,8471286876966653918705760000,-1;-1;-1,-9
synthesized/except_one/expression/small/root_87.uvl,-1;-1;-1,-4,0.81;0.73;0.86,1922,0.00;0.00;0.00,-3;-3;-3,-4,0.01;0.02;0.01,21504,-3;-3;-3,-9
synthesized/except_one/expression/small/root_88.uvl,-1;-1;-1,-4,0.88;1.01;0.93,3571,0.01;0.05;0.02,-3;-3;-3,-4,0.01;0.01;0.01,1152,-3;-3;-3,-9
synthesized/except_one/expression/small/root_89.uvl,-1;-1;-1,-4,0.84;0.77;0.86,2179,0.00;0.01;0.00,-3;-3;-3,-4,0.01;0.01;0.01,1,-3;-3;-3,-9
synthesized/except_one/expression/small/root_8.uvl,-1;-1;-1,-4,0.96;0.80;0.76,1906,0.00;0.00;0.00,-3;-3;-3,-4,0.01;0.01;0.01,640,-3;-3;-3,-9
synthesized/except_one/expression/small/root_90.uvl,-1;-1;-1,-4,0.91;1.22;0.98,5659,0.01;0.01;0.01,-3;-3;-3,-4,0.02;0.02;0.03,1451,5.31;7.99;5.35,1451
synthesized/except_one/expression/small/root_91.uvl,-1;-1;-1,-4,0.74;0.76;0.81,1607,0.00;0.00;0.00,-3;-3;-3,-4,0.01;0.01;0.01,14336,-3;-3;-3,-9
synthesized/except_one/expression/small/root_92.uvl,-1;-1;-1,-4,1.12;1.05;1.13,7392,0.01;0.01;0.01,-3;-3;-3,-4,0.02;0.12;0.14,83886080,-3;-3;-3,-9
synthesized/except_one/expression/small/root_93.uvl,-1;-1;-1,-4,1.03;0.85;1.43,8720,0.01;0.01;0.01,-3;-3;-3,-4,0.03;0.03;0.03,56640,3.40;4.62;4.58,56640
synthesized/except_one/expression/small/root_94.uvl,-1;-1;-1,-4,0.93;0.86;1.01,2915,0.00;0.00;0.00,-3;-3;-3,-4,0.01;0.01;0.01,768,-3;-3;-3,-9
synthesized/except_one/expression/small/root_95.uvl,-1;-1;-1,-4,1.02;0.83;0.97,2361,0.00;0.00;0.00,-3;-3;-3,-4,0.01;0.02;0.01,262144,-3;-3;-3,-9
synthesized/except_one/expression/small/root_96.uvl,-1;-1;-1,-4,1.01;0.89;0.84,7139,0.01;0.01;0.01,-3;-3;-3,-4,0.02;0.02;0.02,48,-3;-3;-3,-9
synthesized/except_one/expression/small/root_97.uvl,-1;-1;-1,-4,0.89;0.95;0.70,2070,0.00;0.00;0.00,-3;-3;-3,-4,0.01;0.01;0.01,20,-3;-3;-3,-9
synthesized/except_one/expression/small/root_98.uvl,-1;-1;-1,-4,1.03;0.86;0.78,14216,0.02;0.02;0.02,-3;-3;-3,-4,0.03;0.04;0.03,330,-1;-1;-1,-9
synthesized/except_one/expression/small/root_99.uvl,-1;-1;-1,-4,0.84;0.80;0.87,3719,0.01;0.01;0.01,-3;-3;-3,-4,0.02;0.01;0.02,5599440,-3;-3;-3,-9
synthesized/except_one/expression/small/root_9.uvl,-1;-1;-1,-4,0.76;0.77;0.92,2285,0.00;0.00;0.00,-3;-3;-3,-4,0.01;0.01;0.01,2359296,-3;-3;-3,-9
synthesized/except_one/featureCard/large/root_100.uvl,-1;-1;-1,-4,2.66;2.37;2.58,43989,0.07;0.05;0.05,-3;-3;-3,-4,0.16;0.16;0.16,43534424017913244604562163636733037055993446400,-3;-3;-3,-9
synthesized/except_one/featureCard/large/root_10.uvl,-1;-1;-1,-4,3.02;2.42;2.46,43871,0.05;0.05;0.05,-3;-3;-3,-4,0.16;0.16;0.16,18742034685302126064764912138606861083696582161498559705052899263947894761854546232379213233520640,1.61;1.63;1.34,18742034685302126064764912138606861083696582161498559705052899263947894761854546232379213233520640
synthesized/except_one/featureCard/large/root_11.uvl,-1;-1;-1,-4,2.94;2.76;3.08,46631,0.05;0.05;0.05,-3;-3;-3,-4,0.16;0.16;0.16,23191212958405855917795980349917899433382766136566455144168447147019486550947858492851757916331528719591014400,-3;-3;-3,-9
synthesized/except_one/featureCard/large/root_12.uvl,-1;-1;-1,-4,2.51;2.94;3.39,46198,0.05;0.05;0.05,-3;-3;-3,-4,0.18;0.18;0.18,56467331235511360245265858560000,-1;-1;-1,-9
synthesized/except_one/featureCard/large/root_13.uvl,-1;-1;-1,-4,2.54;2.47;2.53,45131,0.05;-9;-9,-3;-3;-3,-4,0.16;0.15;0.15,15177100720513508366558296147058741458143803430094840009779784451085189728165691392,-3;-3;-3,-4
synthesized/except_one/featureCard/large/root_14.uvl,3.76;3.55;4.42,39378,2.45;2.60;2.56,35341,0.04;0.04;0.04,0.09;0.09;0.09,6144,0.12;0.12;0.11,6144,-3;-3;-3,-9
synthesized/except_one/featureCard/large/root_15.uvl,-1;-1;-1,-4,2.60;2.72;3.18,48402,0.05;0.05;0.05,-3;-3;-3,-4,0.20;0.20;0.20,11003297200538878375463121871463658442928845371745512704348687381299200,-3;-3;-3,-9
synthesized/except_one/featureCard/large/root_16.uvl,-1;-1;-1,-4,2.69;2.53;2.76,37759,0.07;0.06;0.05,-3;-3;-3,-4,0.17;0.14;0.13,1127610280646214923116487329160644698625990124151524940037918556160000,-3;-3;-3,-9
synthesized/except_one/featureCard/large/root_17.uvl,-1;-1;-1,-4,2.58;3.12;2.52,36638,0.04;0.04;0.04,-3;-3;-3,-4,0.15;0.14;0.15,5287841534994388010164813824,-3;-3;-3,-9
synthesized/except_one/featureCard/large/root_18.uvl,-1;-1;-1,-4,2.38;3.01;2.52,42960,0.05;0.04;0.05,-3;-3;-3,-4,0.15;0.15;0.14,25165824,-3;-3;-3,-9
synthesized/except_one/featureCard/large/root_19.uvl,-1;-1;-1,-4,2.40;2.86;2.42,38076,0.04;0.04;0.04,-3;-3;-3,-4,0.17;0.16;0.16,42362132351184380314531800872386560000,-1;-1;-1,-9
synthesized/except_one/featureCard/large/root_1.uvl,-1;-1;-1,-4,2.19;2.29;2.18,36106,0.04;0.04;0.04,-3;-3;-3,-4,0.16;0.16;0.16,4831,-1;-1;-1,-9
synthesized/except_one/featureCard/large/root_20.uvl,-1;-1;-1,-4,2.68;2.42;2.74,45976,0.05;0.06;0.05,-3;-3;-3,-4,0.15;0.15;0.15,13005794599783059416143630896608524430287778611200,-3;-3;-3,-9
synthesized/except_one/featureCard/large/root_21.uvl,-1;-1;-1,-4,2.50;2.62;2.64,41784,0.04;0.05;0.05,-3;-3;-3,-4,0.14;0.14;0.14,17029171316629453328842683273141288960,-3;-3;-3,-9
synthesized/except_one/featureCard/large/root_22.uvl,-1;-1;-1,-4,2.66;2.41;2.59,42669,0.06;0.05;0.05,-3;-3;-3,-4,0.14;0.14;0.19,16667992254779172852660186771737345956417071888098918400000,-3;-3;-3,-9
synthesized/except_one/featureCard/large/root_23.uvl,-1;-1;-1,-4,2.87;2.43;2.51,48959,0.07;0.06;0.05,-3;-3;-3,-4,0.17;0.17;0.15,16832423509622784,-3;-3;-3,-9
synthesized/except_one/featureCard/large/root_24.uvl,-1;-1;-1,-4,2.80;2.70;2.83,39783,0.04;0.04;0.04,-3;-3;-3,-4,0.16;0.15;0.18,118976434537373730228708311040,-3;-3;-3,-9
synthesized/except_one/featureCard/large/root_25.uvl,-1;-1;-1,-4,2.43;2.50;2.56,42008,0.05;0.05;0.05,-3;-3;-3,-4,17.38;17.55;16.68,388154732252927873561919827,-1;-1;-1,-9
synthesized/except_one/featureCard/large/root_26.uvl,-1;-1;-1,-4,2.43;2.78;3.17,45584,0.05;0.05;0.05,-3;-3;-3,-4,0.18;0.18;0.17,23358230366606514896846286185995260672553316819081637288798151761950144497789825045131594044889601561897992192000,-3;-3;-3,-9
synthesized/except_one/featureCard/large/root_27.uvl,-1;-1;-1,-4,5.60;2.57;2.76,48590,0.05;0.05;0.06,-3;-3;-3,-4,0.21;0.20;0.18,117726199886329922787668365393001257170370560000,-3;-3;-3,-9
synthesized/except_one/featureCard/large/root_28.uvl,-1;-1;-1,-4,2.68;4.14;2.70,48356,0.05;0.05;0.05,-3;-3;-3,-4,0.18;0.17;0.16,403430292892027893841920,-3;-3;-3,-9
synthesized/except_one/featureCard/large/root_29.uvl,-1;-1;-1,-4,2.27;2.28;2.44,36731,0.04;0.04;0.04,-3;-3;-3,-4,-1;-1;-1,-9,-1;-1;-1,-9
synthesized/except_one/featureCard/large/root_2.uvl,-1;-1;-1,-4,2.73;3.33;2.63,46743,0.05;0.05;0.05,-3;-3;-3,-4,0.18;0.16;0.14,226492416,-3;-3;-3,-9
synthesized/except_one/featureCard/large/root_30.uvl,-1;-1;-1,-4,2.62;2.97;2.82,40520,0.04;0.04;0.04,-3;-3;-3,-4,0.21;0.19;0.15,713830840085853085890692867938896828471002901742878720,-3;-3;-3,-9
synthesized/except_one/featureCard/large/root_31.uvl,-1;-1;-1,-4,2.95;3.20;2.95,48265,0.06;0.06;0.05,-3;-3;-3,-4,0.34;0.31;0.17,1367150410272758262188480841495986255286774005760,-3;-3;-3,-9
synthesized/except_one/featureCard/large/root_32.uvl,-1;-1;-1,-4,2.73;2.95;2.93,48421,0.05;0.05;0.05,-3;-3;-3,-4,0.17;0.29;0.31,154618822656,-3;-3;-3,-9
synthesized/except_one/featureCard/large/root_33.uvl,-1;-1;-1,-4,3.18;2.82;14.41,35917,0.04;0.04;0.04,-3;-3;-3,-4,0.13;0.13;0.12,739606864803799792201394444497128119913676800,-3;-3;-3,-9
synthesized/except_one/featureCard/large/root_34.uvl,-1;-1;-1,-4,3.17;2.38;3.02,41865,0.05;0.05;0.05,-3;-3;-3,-4,0.17;0.17;0.29,1294098584723847375107807771840432977371180564480,-1;-1;-1,-9
synthesized/except_one/featureCard/large/root_35.uvl,-1;-1;-1,-4,3.00;3.95;2.84,41786,0.04;0.04;0.04,-3;-3;-3,-4,0.18;0.17;0.18,18574368294947247010233494267756544,-1;-1;-1,-9
synthesized/except_one/featureCard/large/root_36.uvl,-1;-1;-1,-4,2.91;2.51;2.67,42313,0.05;0.05;0.05,-3;-3;-3,-4,57.11;59.52;59.82,6873571968208871347,-1;-1;-1,-9
synthesized/except_one/featureCard/large/root_37.uvl,-1;-1;-1,-4,2.58;14.26;3.54,42034,0.05;0.05;0.05,-3;-3;-3,-4,0.14;0.14;0.17,2767503917762271902913527808000,-3;-3;-3,-9
synthesized/except_one/featureCard/large/root_38.uvl,-1;-1;-1,-4,2.86;2.71;2.70,51720,0.06;0.05;0.06,-3;-3;-3,-4,1.48;1.44;1.47,178280206,-1;-1;-1,-9
synthesized/except_one/featureCard/large/root_39.uvl,-1;-1;-1,-4,2.99;2.83;2.42,40216,0.04;0.05;0.05,-3;-3;-3,-4,0.18;0.16;0.17,12668411546130915634519219474949487594711923790239029452055719513686016000000,-3;-3;-3,-9
synthesized/except_one/featureCard/large/root_3.uvl,-1;-1;-1,-4,3.47;2.68;3.46,42108,0.05;0.05;0.05,-3;-3;-3,-4,0.15;0.15;0.15,3626679069861604550664150894855389884784688159980656671169827757783567564800,-3;-3;-3,-9
synthesized/except_one/featureCard/large/root_40.uvl,-1;-1;-1,-4,2.90;2.82;2.60,40255,0.04;0.04;0.04,-3;-3;-3,-4,0.15;0.17;0.19,91979981159886910991129183323235234611200,-3;-3;-3,-9
synthesized/except_one/featureCard/large/root_41.uvl,-1;-1;-1,-4,3.22;2.96;2.85,42591,0.05;0.09;0.05,-3;-3;-3,-4,0.17;0.18;0.17,1052892334287425359619471676409570654695644394317414400,-3;-3;-3,-9
synthesized/except_one/featureCard/large/root_42.uvl,-1;-1;-1,-4,2.43;2.81;2.44,42381,0.05;0.05;0.05,-3;-3;-3,-4,0.17;0.24;0.16,356241767399424,-3;-3;-3,-9
synthesized/except_one/featureCard/large/root_43.uvl,-1;-1;-1,-4,2.51;2.31;2.30,39980,0.04;0.04;0.04,-3;-3;-3,-4,0.14;0.14;0.14,134217728,0.97;0.85;0.77,134217728
synthesized/except_one/featureCard/large/root_44.uvl,-1;-1;-1,-4,2.86;3.27;2.76,45893,0.05;0.05;0.05,-3;-3;-3,-4,0.17;0.17;0.17,73442243541588722363400192,-3;-3;-3,-9
synthesized/except_one/featureCard/large/root_45.uvl,-1;-1;-1,-4,2.74;3.23;2.91,52068,0.08;0.06;0.08,-3;-3;-3,-4,0.19;0.20;0.21,55531710930664591268400759196891571160595191858931758954558799109072736333107866632192000000,-3;-3;-3,-9
synthesized/except_one/featureCard/large/root_46.uvl,-1;-1;-1,-4,3.41;3.46;2.54,50000,0.06;0.06;0.05,-3;-3;-3,-4,0.17;0.17;0.17,34426051660119713607843840,-3;-3;-3,-9
synthesized/except_one/featureCard/large/root_47.uvl,-1;-1;-1,-4,2.49;2.61;2.39,41652,0.05;0.05;0.04,-3;-3;-3,-4,0.17;0.17;0.17,9587256305193543908181986712816324576355863759226656522240000,-3;-3;-3,-9
synthesized/except_one/featureCard/large/root_48.uvl,-1;-1;-1,-4,2.35;2.89;2.91,39352,0.04;0.04;0.04,-3;-3;-3,-4,0.18;0.13;0.14,396905352776582623783680142108414441842278400,-3;-3;-3,-9
synthesized/except_one/featureCard/large/root_49.uvl,-1;-1;-1,-4,2.97;3.10;2.64,40659,0.05;0.04;0.04,-3;-3;-3,-4,0.19;0.15;0.15,47114668076799997170568491171840,-3;-3;-3,-9
synthesized/except_one/featureCard/large/root_4.uvl,-1;-1;-1,-4,2.34;2.65;2.44,45034,0.05;0.05;0.05,-3;-3;-3,-4,0.16;0.16;0.15,548442295676961416259179706916682729940811669139059658018115015887305700799773929875378028424328243524946098281134898649833144320,-3;-3;-3,-9
synthesized/except_one/featureCard/large/root_50.uvl,-1;-1;-1,-4,2.85;2.78;2.78,41454,0.05;0.05;0.05,-3;-3;-3,-4,0.15;0.14;0.15,1688849860263936,-3;-3;-3,-9
synthesized/except_one/featureCard/large/root_51.uvl,-1;-1;-1,-4,2.69;2.41;2.84,38537,0.04;0.04;0.04,-3;-3;-3,-4,0.13;0.13;0.13,609429916325542625280,-3;-3;-3,-9
synthesized/except_one/featureCard/large/root_52.uvl,-1;-1;-1,-4,2.32;2.54;2.55,44743,0.05;0.05;0.05,-3;-3;-3,-4,0.14;0.15;0.14,1859006789646464534823567360,-3;-3;-3,-9
synthesized/except_one/featureCard/large/root_53.uvl,-1;-1;-1,-4,3.10;3.33;2.76,46572,0.06;0.06;0.06,-3;-3;-3,-4,0.16;0.15;0.15,5368709120,-3;-3;-3,-9
synthesized/except_one/featureCard/large/root_54.uvl,-1;-1;-1,-4,3.35;3.08;2.99,45082,0.06;0.05;0.05,-3;-3;-3,-4,0.15;0.15;0.15,55814815234206931469580019983995780884070400,-3;-3;-3,-9
synthesized/except_one/featureCard/large/root_55.uvl,-1;-1;-1,-4,2.30;2.27;2.55,41433,0.05;0.05;0.05,-3;-3;-3,-4,0.13;0.13;0.20,15199016062085761024267793788629616653326657238118995540858960834645566503653709171395151533866739920037712945479680,-3;-3;-3,-9
synthesized/except_one/featureCard/large/root_56.uvl,-1;-1;-1,-4,2.52;2.91;2.39,38415,0.04;0.04;0.04,-3;-3;-3,-4,0.14;0.15;0.15,265232001992951338343444254963947950761102540800,-3;-3;-3,-9
synthesized/except_one/featureCard/large/root_57.uvl,-1;-1;-1,-4,2.76;2.61;3.06,43304,0.05;0.05;0.05,-3;-3;-3,-4,0.17;0.17;0.17,271074404352804575216055013437603840000,-3;-3;-3,-9
synthesized/except_one/featureCard/large/root_58.uvl,-1;-1;-1,-4,2.87;2.35;2.60,44901,0.05;0.05;0.05,-3;-3;-3,-4,0.16;0.16;0.16,1231171548132409344,-3;-3;-3,-9
synthesized/except_one/featureCard/large/root_59.uvl,-1;-1;-1,-4,2.60;2.97;2.71,48729,0.06;0.06;0.06,-3;-3;-3,-4,0.21;0.17;0.18,1179332491593500373620629965688012800000,-3;-3;-3,-9
synthesized/except_one/featureCard/large/root_5.uvl,-1;-1;-1,-4,3.56;2.32;3.06,41547,0.04;0.05;0.05,-3;-3;-3,-4,0.14;0.14;0.19,626206231756800,-3;-3;-3,-9
synthesized/except_one/featureCard/large/root_60.uvl,-1;-1;-1,-4,3.18;2.37;2.32,43577,0.06;0.09;0.05,-3;-3;-3,-4,0.15;0.23;0.23,275023736636075921945936849120196915363840,-3;-3;-3,-9
synthesized/except_one/featureCard/large/root_61.uvl,-1;-1;-1,-4,3.18;3.11;3.04,48616,0.05;0.06;0.05,-3;-3;-3,-4,0.19;0.19;0.20,63501036929713682454925476421929985443732177012883725861519360,-3;-3;-3,-9
synthesized/except_one/featureCard/large/root_62.uvl,-1;-1;-1,-4,3.10;2.92;2.57,43771,0.05;0.05;0.05,-3;-3;-3,-4,0.15;0.15;0.15,251658240,-3;-3;-3,-9
synthesized/except_one/featureCard/large/root_63.uvl,-1;-1;-1,-4,3.15;3.43;3.13,50741,0.06;0.06;0.06,-3;-3;-3,-4,0.19;0.20;0.20,67292167286611366065755232426692444160,-3;-3;-3,-9
synthesized/except_one/featureCard/large/root_64.uvl,-1;-1;-1,-4,3.05;2.82;2.88,48204,0.05;0.05;0.05,-3;-3;-3,-4,0.18;0.18;0.18,22456050087863015378693648272274227200,-3;-3;-3,-9
synthesized/except_one/featureCard/large/root_65.uvl,-1;-1;-1,-4,2.43;2.35;3.14,41288,0.05;0.05;0.05,-3;-3;-3,-4,0.16;0.15;0.19,23237584870580806685294592000,-3;-3;-3,-9
synthesized/except_one/featureCard/large/root_66.uvl,-1;-1;-1,-4,3.50;2.97;2.57,51050,0.06;0.06;0.05,-3;-3;-3,-4,0.21;0.21;0.20,21039958589317129760774107599498909828589903191165479930736672768000,-3;-3;-3,-9
synthesized/except_one/featureCard/large/root_67.uvl,-1;-1;-1,-4,2.46;2.73;2.87,48770,0.06;0.06;0.06,-3;-3;-3,-4,0.31;0.19;0.22,149418626997047368089600,-3;-3;-3,-9
synthesized/except_one/featureCard/large/root_68.uvl,-1;-1;-1,-4,2.68;2.56;2.71,35259,0.05;0.05;0.04,-3;-3;-3,-4,0.16;0.15;0.16,1304682783890736034195104563977174384895853671308127384665289268974429412557477129377284096,-3;-3;-3,-9
synthesized/except_one/featureCard/large/root_69.uvl,-1;-1;-1,-4,2.87;2.54;2.48,49769,0.05;0.05;0.10,-3;-3;-3,-4,0.20;0.20;0.20,106505169221600247822153932802600488915223373339300859373158400,-3;-3;-3,-9
synthesized/except_one/featureCard/large/root_6.uvl,-1;-1;-1,-4,3.15;2.52;2.49,40527,0.04;0.05;-9,-3;-3;-3,-4,0.17;0.17;0.16,442512602515943096057856,-3;-3;-3,-9
synthesized/except_one/featureCard/large/root_70.uvl,-1;-1;-1,-4,2.90;2.34;3.05,36263,0.04;0.04;0.04,-3;-3;-3,-4,0.15;0.22;0.13,482225271972502091857920,-3;-3;-3,-9
synthesized/except_one/featureCard/large/root_71.uvl,-1;-1;-1,-4,2.40;2.66;2.58,37647,0.04;0.07;0.06,-3;-3;-3,-4,0.13;0.14;0.14,45940760118824708359104893721347213904027955488924980779268593250048409600,-3;-3;-3,-9
synthesized/except_one/featureCard/large/root_72.uvl,-1;-1;-1,-4,2.99;3.04;2.41,42112,0.05;0.04;0.04,-3;-3;-3,-4,0.26;0.15;0.16,420912471551300040442661231822289509660908572377088,-3;-3;-3,-9
synthesized/except_one/featureCard/large/root_73.uvl,-1;-1;-1,-4,3.01;2.96;2.51,46117,0.05;0.05;0.05,-3;-3;-3,-4,0.19;0.18;0.19,729594404115255836527441395949976268804492344308169919430656000,-3;-3;-3,-9
synthesized/except_one/featureCard/large/root_74.uvl,-1;-1;-1,-4,3.17;3.19;2.81,39322,0.05;0.04;0.09,-3;-3;-3,-4,0.15;0.15;0.15,18801214346646712925030449152,-3;-3;-3,-9
synthesized/except_one/featureCard/large/root_75.uvl,-1;-1;-1,-4,2.46;3.03;2.63,45103,0.05;0.05;0.05,-3;-3;-3,-4,0.15;0.16;0.16,43914053505154341185000912176891822080,-3;-3;-3,-9
synthesized/except_one/featureCard/large/root_76.uvl,-1;-1;-1,-4,3.49;3.31;2.56,54775,0.06;0.06;0.06,-3;-3;-3,-4,0.28;0.25;0.22,229507011067464757385625600000,-3;-3;-3,-9
synthesized/except_one/featureCard/large/root_77.uvl,-1;-1;-1,-4,3.47;2.73;3.05,45711,0.05;0.05;0.05,-3;-3;-3,-4,0.18;0.22;0.18,24010008753943136042899248732715603722240,-3;-3;-3,-9
synthesized/except_one/featureCard/large/root_78.uvl,-1;-1;-1,-4,2.73;3.05;2.55,44652,0.10;0.05;0.05,-3;-3;-3,-4,0.26;0.34;0.14,1106390005451892677707470587636639432443888491877958103701929335686430720,-3;-3;-3,-9
synthesized/except_one/featureCard/large/root_79.uvl,-1;-1;-1,-4,2.52;2.33;2.62,35868,0.04;0.04;0.04,-3;-3;-3,-4,0.14;0.14;0.13,8790833399387591706458853147479335489241088000,-3;-3;-3,-9
synthesized/except_one/featureCard/large/root_7.uvl,-1;-1;-1,-4,2.64;2.80;3.02,44233,0.05;0.06;0.05,-3;-3;-3,-4,0.16;0.16;0.16,16501038286785267596788221545256321024000,-3;-3;-3,-9
synthesized/except_one/featureCard/large/root_80.uvl,-1;-1;-1,-4,2.31;2.50;2.25,44685,0.05;0.05;0.05,-3;-3;-3,-4,0.16;0.17;0.17,66118312553955122414552252659776243850488700734744074743823329190158011161894193881197367711063968821038227750083624960,-3;-3;-3,-9
synthesized/except_one/featureCard/large/root_81.uvl,-1;-1;-1,-4,3.24;2.54;2.46,44079,0.05;0.05;0.05,-3;-3;-3,-4,0.17;0.16;0.16,11000949465443036877837473964807876614553600,-3;-3;-3,-9
synthesized/except_one/featureCard/large/root_82.uvl,-1;-1;-1,-4,3.12;2.78;2.62,48878,0.06;0.05;0.05,-3;-3;-3,-4,0.18;0.18;0.18,11132555231232,-3;-3;-3,-9
synthesized/except_one/featureCard/large/root_83.uvl,-1;-1;-1,-4,2.31;2.33;2.35,37219,0.04;0.05;0.05,-3;-3;-3,-4,0.26;0.14;0.14,717209409585827366830080,-3;-3;-3,-9
synthesized/except_one/featureCard/large/root_84.uvl,-1;-1;-1,-4,2.67;2.97;2.75,48388,0.05;0.05;0.05,-3;-3;-3,-4,0.19;0.18;0.18,86892497167095898268918276439422530711182508227810243379200,-3;-3;-3,-9
synthesized/except_one/featureCard/large/root_85.uvl,-1;-1;-1,-4,2.49;2.35;2.30,38525,0.04;0.05;0.04,-3;-3;-3,-4,0.15;0.14;0.14,7894705109014341344071985720721408,-3;-3;-3,-9
synthesized/except_one/featureCard/large/root_86.uvl,-1;-1;-1,-4,3.53;2.51;2.87,44535,0.06;0.06;0.05,-3;-3;-3,-4,0.19;0.16;0.21,15564440312192434176,-3;-3;-3,-9
synthesized/except_one/featureCard/large/root_87.uvl,-1;-1;-1,-4,2.61;2.55;2.74,38130,0.04;0.04;0.05,-3;-3;-3,-4,0.14;0.14;0.14,5134862505873772941812058448380295863645958063446294528,-3;-3;-3,-9
synthesized/except_one/featureCard/large/root_88.uvl,-1;-1;-1,-4,3.20;2.77;2.67,47096,0.05;0.05;0.05,-3;-3;-3,-4,1.89;1.91;1.93,564836266,-1;-1;-1,-9
synthesized/except_one/featureCard/large/root_89.uvl,-1;-1;-1,-4,2.72;3.12;2.47,48750,0.06;0.05;0.05,-3;-3;-3,-4,365.90;378.00;375.52,91896005363935909795,-1;-1;-1,-9
synthesized/except_one/featureCard/large/root_8.uvl,-1;-1;-1,-4,3.08;2.87;2.46,37860,0.04;0.04;0.04,-3;-3;-3,-4,0.13;0.13;0.14,267292748555635773061837479447315840759336003100999680,-3;-3;-3,-9
synthesized/except_one/featureCard/large/root_90.uvl,-1;-1;-1,-4,2.66;2.72;2.79,44336,0.05;0.08;0.05,-3;-3;-3,-4,0.16;0.17;0.16,182893986559449273039519809483557374800921886720,-3;-3;-3,-9
synthesized/except_one/featureCard/large/root_91.uvl,-1;-1;-1,-4,2.99;2.73;2.91,42859,0.06;0.05;0.05,-3;-3;-3,-4,0.14;0.14;0.14,1201871753822522303617421328756940398919680,-3;-3;-3,-9
synthesized/except_one/featureCard/large/root_92.uvl,-1;-1;-1,-4,2.78;2.80;4.63,50076,0.06;0.06;0.05,-3;-3;-3,-4,0.20;0.21;0.19,185184440828731463626379911967539200,-3;-3;-3,-9
synthesized/except_one/featureCard/large/root_93.uvl,-1;-1;-1,-4,2.43;3.16;3.13,38162,0.04;0.04;0.04,-3;-3;-3,-4,0.15;0.15;0.17,139537038085517328673950049959989452210176,-1;-1;-1,-9
synthesized/except_one/featureCard/large/root_94.uvl,-1;-1;-1,-4,2.60;3.63;2.61,50117,0.06;0.06;0.05,-3;-3;-3,-4,0.19;0.19;0.19,11564509437032726578230447833088000,-3;-3;-3,-9
synthesized/except_one/featureCard/large/root_95.uvl,-1;-1;-1,-4,2.31;2.38;2.46,39621,-9;0.05;0.05,-3;-3;-3,-4,0.17;0.17;0.18,142225639363102566286565434876046798268063529467279806363074560000,-3;-3;-3,-9
synthesized/except_one/featureCard/large/root_96.uvl,-1;-1;-1,-4,2.74;2.58;2.64,45861,0.05;0.05;0.05,-3;-3;-3,-4,0.15;0.14;0.24,6679533138739200,-3;-3;-3,-9
synthesized/except_one/featureCard/large/root_97.uvl,-1;-1;-1,-4,2.70;2.74;2.60,43880,0.05;0.05;0.05,-3;-3;-3,-4,0.19;0.19;0.18,348842595213793321684875124899973630525440,-3;-3;-3,-9
synthesized/except_one/featureCard/large/root_98.uvl,-1;-1;-1,-4,2.94;3.10;2.98,48006,0.05;0.05;0.05,-3;-3;-3,-4,0.14;0.15;0.15,913739017247030248156479828787200,-3;-3;-3,-9
synthesized/except_one/featureCard/large/root_99.uvl,-1;-1;-1,-4,2.31;2.48;2.71,40038,0.04;0.04;0.07,-3;-3;-3,-4,0.17;0.15;0.15,546049205027686192250880,-3;-3;-3,-9
synthesized/except_one/featureCard/large/root_9.uvl,-1;-1;-1,-4,2.40;2.93;3.37,40070,0.05;0.05;0.05,-3;-3;-3,-4,0.18;0.19;0.19,22146992682782664845773543241400557965009083156085689299581167206400,-3;-3;-3,-9
synthesized/except_one/featureCard/medium/root_100.uvl,-1;-1;-1,-4,1.78;5.46;1.58,11035,0.01;0.01;0.01,-3;-3;-3,-4,0.03;0.04;0.03,1407374883553280,-3;-3;-3,-9
synthesized/except_one/featureCard/medium/root_10.uvl,-1;-1;-1,-4,2.17;1.85;2.02,10463,0.01;0.01;0.01,-3;-3;-3,-4,0.03;0.03;0.04,375071440896,-3;-3;-3,-9
synthesized/except_one/featureCard/medium/root_11.uvl,-1;-1;-1,-4,1.53;1.50;2.07,10706,0.01;0.01;0.01,-3;-3;-3,-4,0.03;0.16;0.13,16777216,-3;-3;-3,-9
synthesized/except_one/featureCard/medium/root_12.uvl,-1;-1;-1,-4,1.93;1.57;1.64,9831,0.01;0.01;0.01,-3;-3;-3,-4,0.03;0.03;0.03,730573937049600,-3;-3;-3,-9
synthesized/except_one/featureCard/medium/root_13.uvl,-1;-1;-1,-4,1.44;1.45;1.50,9931,0.01;0.01;0.01,-3;-3;-3,-4,0.03;0.03;0.03,17,0.82;1.13;1.16,17
synthesized/except_one/featureCard/medium/root_14.uvl,-1;-1;-1,-4,1.95;1.70;1.94,12555,0.02;0.02;0.02,-3;-3;-3,-4,0.04;0.04;0.04,87960930222080,-3;-3;-3,-9
synthesized/except_one/featureCard/medium/root_15.uvl,-1;-1;-1,-4,1.70;1.58;1.47,9788,0.02;0.02;0.02,-3;-3;-3,-4,0.03;0.12;0.12,1649267441664,-3;-3;-3,-9
synthesized/except_one/featureCard/medium/root_16.uvl,-1;-1;-1,-4,1.43;1.47;1.49,11671,0.01;0.02;0.02,-3;-3;-3,-4,0.04;0.04;0.05,7256776743321600,-3;-3;-3,-9
synthesized/except_one/featureCard/medium/root_17.uvl,-1;-1;-1,-4,1.60;1.62;2.11,9499,0.01;0.01;0.01,-3;-3;-3,-4,0.11;0.07;0.04,32122655437336590950942562941558919161446400,-3;-3;-3,-9
synthesized/except_one/featureCard/medium/root_18.uvl,-1;-1;-1,-4,1.71;2.14;1.74,9963,0.01;0.01;0.01,-3;-3;-3,-4,0.03;0.10;0.09,884736,-3;-3;-3,-9
synthesized/except_one/featureCard/medium/root_19.uvl,-1;-1;-1,-4,1.49;1.63;1.45,9514,0.01;0.01;0.01,-3;-3;-3,-4,0.05;0.04;0.04,896,2.63;3.54;3.53,896
synthesized/except_one/featureCard/medium/root_1.uvl,-1;-1;-1,-4,1.89;2.00;2.00,9757,0.01;0.01;0.01,-3;-3;-3,-4,0.04;0.03;0.03,16777216,-3;-3;-3,-9
synthesized/except_one/featureCard/medium/root_20.uvl,-1;-1;-1,-4,1.58;1.37;1.62,11634,0.01;0.01;0.01,-3;-3;-3,-4,0.04;0.04;0.04,10368,4.03;4.09;3.30,10368
synthesized/except_one/featureCard/medium/root_21.uvl,-1;-1;-1,-4,1.44;1.49;1.46,10892,0.02;0.02;0.01,-3;-3;-3,-4,0.05;0.03;0.04,659706976665600,-3;-3;-3,-9
synthesized/except_one/featureCard/medium/root_22.uvl,-1;-1;-1,-4,1.51;1.75;1.63,11190,0.01;0.01;0.01,-3;-3;-3,-4,0.04;0.04;0.04,212336640,-3;-3;-3,-9
synthesized/except_one/featureCard/medium/root_23.uvl,-1;-1;-1,-4,1.35;1.56;1.57,11131,0.01;0.01;0.01,-3;-3;-3,-4,0.09;0.09;0.13,24576,-3;-3;-3,-9
synthesized/except_one/featureCard/medium/root_24.uvl,-1;-1;-1,-4,1.52;1.53;1.74,9456,0.01;0.01;0.01,-3;-3;-3,-4,0.03;0.03;0.03,998274847679730653678653774233600,-3;-3;-3,-9
synthesized/except_one/featureCard/medium/root_25.uvl,-1;-1;-1,-4,2.28;1.65;1.41,9383,0.01;0.01;0.01,-3;-3;-3,-4,0.03;0.03;0.03,147456,-3;-3;-3,-9
synthesized/except_one/featureCard/medium/root_26.uvl,-1;-1;-1,-4,1.77;2.33;1.84,11181,0.01;0.01;0.01,-3;-3;-3,-4,0.06;0.05;0.05,7092,3.74;3.60;3.64,7092
synthesized/except_one/featureCard/medium/root_27.uvl,-1;-1;-1,-4,1.73;1.48;1.77,11541,0.02;0.02;0.04,-3;-3;-3,-4,0.04;0.04;0.04,336648470192455680,-3;-3;-3,-9
synthesized/except_one/featureCard/medium/root_28.uvl,-1;-1;-1,-4,1.63;1.63;1.59,9261,0.01;0.01;0.01,-3;-3;-3,-4,0.03;0.03;0.08,3979146443563946999808,-3;-3;-3,-9
synthesized/except_one/featureCard/medium/root_29.uvl,-1;-1;-1,-4,1.54;1.63;1.63,9805,0.01;0.01;0.01,-3;-3;-3,-4,0.03;0.03;0.03,373471528440693081664941539968143065088000,-3;-3;-3,-9
synthesized/except_one/featureCard/medium/root_2.uvl,-1;-1;-1,-4,1.74;1.34;1.46,10071,0.01;0.01;0.01,-3;-3;-3,-4,0.03;0.03;0.03,254803968,-3;-3;-3,-9
synthesized/except_one/featureCard/medium/root_30.uvl,-1;-1;-1,-4,1.81;1.47;1.67,9469,0.01;0.01;0.01,-3;-3;-3,-4,0.03;0.03;0.03,412316860416,-3;-3;-3,-9
synthesized/except_one/featureCard/medium/root_31.uvl,-1;-1;-1,-4,1.75;1.66;1.56,11715,0.04;0.01;0.01,-3;-3;-3,-4,0.04;0.04;0.04,15728640,-3;-3;-3,-9
synthesized/except_one/featureCard/medium/root_32.uvl,-1;-1;-1,-4,1.83;1.80;2.69,11568,0.01;0.02;0.02,-3;-3;-3,-4,0.04;0.04;0.04,1811939328,-3;-3;-3,-9
synthesized/except_one/featureCard/medium/root_33.uvl,-1;-1;-1,-4,1.51;1.47;1.74,9832,0.01;0.01;0.01,-3;-3;-3,-4,0.03;0.03;0.04,25649407252758528,-3;-3;-3,-9
synthesized/except_one/featureCard/medium/root_34.uvl,-1;-1;-1,-4,1.52;1.48;1.86,8837,0.01;0.01;0.02,-3;-3;-3,-4,0.03;0.03;0.03,786432,-3;-3;-3,-9
synthesized/except_one/featureCard/medium/root_35.uvl,-1;-1;-1,-4,1.67;1.67;1.66,10575,0.01;0.01;0.01,-3;-3;-3,-4,0.07;0.03;0.03,113336795588871485128704,-3;-3;-3,-9
synthesized/except_one/featureCard/medium/root_36.uvl,-1;-1;-1,-4,1.47;1.77;1.68,11190,0.02;0.01;0.03,-3;-3;-3,-4,0.10;0.05;0.10,4096,-3;-3;-3,-9
synthesized/except_one/featureCard/medium/root_37.uvl,-1;-1;-1,-4,1.90;1.83;1.81,9688,0.01;0.01;0.01,-3;-3;-3,-4,0.03;0.03;0.03,254803968,-3;-3;-3,-9
synthesized/except_one/featureCard/medium/root_38.uvl,-1;-1;-1,-4,1.61;1.56;1.42,9785,0.01;0.01;0.01,-3;-3;-3,-4,0.05;0.04;0.04,7799466586921588931290754038600954806272,-3;-3;-3,-9
synthesized/except_one/featureCard/medium/root_39.uvl,-1;-1;-1,-4,1.42;1.60;1.89,11083,0.01;0.01;0.02,-3;-3;-3,-4,0.04;0.11;0.09,12060268167168,-3;-3;-3,-9
synthesized/except_one/featureCard/medium/root_3.uvl,-1;-1;-1,-4,1.58;1.90;1.60,11084,0.02;0.01;0.01,-3;-3;-3,-4,0.05;0.09;0.07,53634,13.73;14.68;14.74,53634
synthesized/except_one/featureCard/medium/root_40.uvl,-1;-1;-1,-4,1.55;1.56;1.77,11939,0.01;0.01;0.01,-3;-3;-3,-4,0.08;0.08;0.08,434064,14.26;14.31;11.40,434064
synthesized/except_one/featureCard/medium/root_41.uvl,-1;-1;-1,-4,1.40;1.58;1.49,9017,0.01;0.01;0.01,-3;-3;-3,-4,0.03;0.03;0.03,283115520,-3;-3;-3,-9
synthesized/except_one/featureCard/medium/root_42.uvl,-1;-1;-1,-4,3.82;1.91;4.90,11428,0.01;0.01;0.01,-3;-3;-3,-4,0.07;0.04;0.04,27648,-3;-3;-3,-9
synthesized/except_one/featureCard/medium/root_43.uvl,-1;-1;-1,-4,1.43;1.64;1.73,9334,0.01;0.01;0.01,-3;-3;-3,-4,0.04;0.04;0.03,7077888,-3;-3;-3,-9
synthesized/except_one/featureCard/medium/root_44.uvl,-1;-1;-1,-4,1.95;1.89;1.68,12000,0.02;0.02;0.02,-3;-3;-3,-4,0.04;0.04;0.04,4718592,-3;-3;-3,-9
synthesized/except_one/featureCard/medium/root_45.uvl,-1;-1;-1,-4,1.69;1.94;1.56,12848,0.02;0.02;0.02,-3;-3;-3,-4,0.04;0.04;0.04,5798205849600,-3;-3;-3,-9
synthesized/except_one/featureCard/medium/root_46.uvl,-1;-1;-1,-4,1.88;1.56;1.66,9777,0.01;0.04;0.01,-3;-3;-3,-4,0.04;0.04;0.03,105756830699887760203296276480,-3;-3;-3,-9
synthesized/except_one/featureCard/medium/root_47.uvl,-1;-1;-1,-4,1.60;1.30;1.32,9440,0.01;0.01;0.01,-3;-3;-3,-4,0.03;0.07;0.07,120259084288,-3;-3;-3,-9
synthesized/except_one/featureCard/medium/root_48.uvl,-1;-1;-1,-4,1.50;1.71;1.75,11641,0.01;0.01;0.01,-3;-3;-3,-4,0.04;0.04;0.04,8,-3;-3;-3,-9
synthesized/except_one/featureCard/medium/root_49.uvl,1.70;1.86;1.40,9686,1.54;1.93;2.02,8817,0.01;0.01;0.01,0.12;0.27;0.28,15360,0.11;0.08;0.08,15360,-3;-3;-3,-9
synthesized/except_one/featureCard/medium/root_4.uvl,-1;-1;-1,-4,1.67;1.64;1.34,8676,0.01;0.02;0.02,-3;-3;-3,-4,0.03;0.03;0.03,8589934592,-3;-3;-3,-9
synthesized/except_one/featureCard/medium/root_50.uvl,-1;-1;-1,-4,1.62;1.91;1.79,11337,0.01;0.02;0.01,-3;-3;-3,-4,0.08;0.04;0.04,815372697600,-3;-3;-3,-9
synthesized/except_one/featureCard/medium/root_51.uvl,-1;-1;-1,-4,1.59;1.65;1.67,8819,0.01;0.01;0.02,-3;-3;-3,-4,0.03;0.03;0.03,12582912,-3;-3;-3,-9
synthesized/except_one/featureCard/medium/root_52.uvl,1.82;1.71;1.63,9871,1.47;1.53;2.10,8967,0.02;0.02;0.01,0.08;0.09;0.09,3072,0.03;0.03;0.03,3072,-3;-3;-3,-9
synthesized/except_one/featureCard/medium/root_53.uvl,-1;-1;-1,-4,1.94;2.21;2.04,10682,0.01;0.01;0.01,-3;-3;-3,-4,0.03;0.03;0.03,353894400,-3;-3;-3,-9
synthesized/except_one/featureCard/medium/root_54.uvl,-1;-1;-1,-4,2.01;1.92;1.73,11450,0.01;0.01;0.02,-3;-3;-3,-4,0.04;0.04;0.04,48922361856,-3;-3;-3,-9
synthesized/except_one/featureCard/medium/root_55.uvl,-1;-1;-1,-4,1.78;1.65;1.45,8455,0.01;0.01;0.01,-3;-3;-3,-4,0.03;0.03;0.03,1024,1.49;1.69;1.54,1024
synthesized/except_one/featureCard/medium/root_56.uvl,-1;-1;-1,-4,1.63;3.73;1.60,9991,0.01;0.01;0.01,-3;-3;-3,-4,0.03;0.08;0.14,75497472,-3;-3;-3,-9
synthesized/except_one/featureCard/medium/root_57.uvl,-1;-1;-1,-4,1.61;1.68;1.79,9386,0.01;0.01;0.01,-3;-3;-3,-4,0.03;0.03;0.03,462422016,-3;-3;-3,-9
synthesized/except_one/featureCard/medium/root_58.uvl,-1;-1;-1,-4,1.79;1.68;1.49,9894,0.01;0.01;0.01,-3;-3;-3,-4,0.03;0.03;0.03,537919488,-3;-3;-3,-9
synthesized/except_one/featureCard/medium/root_59.uvl,-1;-1;-1,-4,1.56;1.40;1.57,10052,0.01;0.01;0.01,-3;-3;-3,-4,0.04;0.03;0.03,138412032000,-3;-3;-3,-9
synthesized/except_one/featureCard/medium/root_5.uvl,-1;-1;-1,-4,1.57;1.56;1.51,8976,0.01;0.01;0.01,-3;-3;-3,-4,0.03;0.03;0.03,2,1.46;1.49;1.52,2
synthesized/except_one/featureCard/medium/root_60.uvl,-1;-1;-1,-4,1.57;1.93;1.61,10924,0.01;0.01;0.01,-3;-3;-3,-4,0.03;0.04;0.04,63700992,-3;-3;-3,-9
synthesized/except_one/featureCard/medium/root_61.uvl,-1;-1;-1,-4,1.46;1.69;1.56,8774,0.01;0.01;0.01,-3;-3;-3,-4,0.03;0.03;0.03,9216,-3;-3;-3,-9
synthesized/except_one/featureCard/medium/root_62.uvl,-1;-1;-1,-4,1.72;1.66;2.66,8464,0.02;0.02;0.02,-3;-3;-3,-4,0.04;0.03;0.03,4511,4.93;4.06;5.18,4511
synthesized/except_one/featureCard/medium/root_63.uvl,2.08;2.15;2.43,9340,1.34;1.45;1.35,7900,0.01;0.01;0.01,0.14;0.12;0.12,24,0.03;0.04;0.03,24,-1;-1;-1,-9
synthesized/except_one/featureCard/medium/root_64.uvl,-1;-1;-1,-4,1.64;1.44;1.54,10690,0.01;0.01;0.01,-3;-3;-3,-4,0.03;0.04;0.04,259759622062080,-3;-3;-3,-9
synthesized/except_one/featureCard/medium/root_65.uvl,-1;-1;-1,-4,1.57;1.43;1.62,10991,0.01;0.02;0.01,-3;-3;-3,-4,0.04;0.06;0.03,4096,-3;-3;-3,-9
synthesized/except_one/featureCard/medium/root_66.uvl,-1;-1;-1,-4,1.89;1.77;2.04,10880,0.02;0.01;0.04,-3;-3;-3,-4,0.03;0.04;0.04,6640827866535438581760,-3;-3;-3,-9
synthesized/except_one/featureCard/medium/root_67.uvl,-1;-1;-1,-4,1.88;3.14;1.93,9788,0.01;0.01;0.02,-3;-3;-3,-4,0.03;0.03;0.03,110805439331916840960,-3;-3;-3,-9
synthesized/except_one/featureCard/medium/root_68.uvl,-1;-1;-1,-4,1.72;1.98;1.61,10543,0.01;0.01;0.01,-3;-3;-3,-4,0.03;0.04;0.03,4787889353848258560,-3;-3;-3,-9
synthesized/except_one/featureCard/medium/root_69.uvl,-1;-1;-1,-4,2.03;1.53;1.41,11535,0.01;0.01;0.01,-3;-3;-3,-4,0.04;0.03;0.03,2147483648,-3;-3;-3,-9
synthesized/except_one/featureCard/medium/root_6.uvl,-1;-1;-1,-4,2.10;1.83;2.37,11650,0.02;0.01;0.02,-3;-3;-3,-4,0.04;0.04;0.08,1692860878682062848,-3;-3;-3,-9
synthesized/except_one/featureCard/medium/root_70.uvl,-1;-1;-1,-4,1.65;7.03;1.32,9366,0.02;0.02;0.02,-3;-3;-3,-4,0.03;0.12;0.07,700710912,-3;-3;-3,-9
synthesized/except_one/featureCard/medium/root_71.uvl,-1;-1;-1,-4,1.60;1.58;1.53,9230,0.02;0.07;0.01,-3;-3;-3,-4,0.04;0.03;0.03,256,-3;-3;-3,-9
synthesized/except_one/featureCard/medium/root_72.uvl,-1;-1;-1,-4,2.01;1.57;1.73,10906,0.01;0.01;0.01,-3;-3;-3,-4,0.03;0.03;0.03,695784701952,-3;-3;-3,-9
synthesized/except_one/featureCard/medium/root_73.uvl,-1;-1;-1,-4,1.72;1.49;1.68,11486,0.01;0.01;0.01,-3;-3;-3,-4,0.08;0.08;0.07,2918693,2.23;2.22;2.43,2918693
synthesized/except_one/featureCard/medium/root_74.uvl,-1;-1;-1,-4,1.47;1.43;1.65,10330,0.01;0.01;0.02,-3;-3;-3,-4,0.03;0.04;0.04,13589544960,-3;-3;-3,-9
synthesized/except_one/featureCard/medium/root_75.uvl,-1;-1;-1,-4,1.77;1.96;1.90,9033,0.01;0.01;0.01,-3;-3;-3,-4,0.03;0.03;0.03,1024,-3;-3;-3,-9
synthesized/except_one/featureCard/medium/root_76.uvl,-1;-1;-1,-4,1.79;2.01;2.62,9294,0.01;0.01;0.01,-3;-3;-3,-4,0.03;0.03;0.03,4529848320,-3;-3;-3,-9
synthesized/except_one/featureCard/medium/root_77.uvl,-1;-1;-1,-4,1.67;1.78;1.46,11092,0.05;0.01;0.01,-3;-3;-3,-4,0.04;0.04;0.05,4416,-3;-3;-3,-9
synthesized/except_one/featureCard/medium/root_78.uvl,1.62;1.54;14.89,9905,1.39;1.70;1.64,8765,0.01;0.01;0.01,0.11;0.12;0.12,18432,0.03;0.03;0.03,36864,-3;-3;-3,-9
synthesized/except_one/featureCard/medium/root_79.uvl,-1;-1;-1,-4,1.97;1.72;1.84,11738,0.04;0.01;0.01,-3;-3;-3,-4,0.04;0.04;0.04,9287604633600,-3;-3;-3,-9
synthesized/except_one/featureCard/medium/root_7.uvl,-1;-1;-1,-4,1.90;1.76;1.78,11669,0.02;0.01;0.01,-3;-3;-3,-4,0.04;0.04;0.04,3037716283392,-3;-3;-3,-9
synthesized/except_one/featureCard/medium/root_80.uvl,-1;-1;-1,-4,2.54;1.66;1.58,9830,0.01;0.01;0.01,-3;-3;-3,-4,0.04;0.04;0.07,8777797148721807360,-3;-3;-3,-9
synthesized/except_one/featureCard/medium/root_81.uvl,-1;-1;-1,-4,1.74;1.86;2.04,11601,0.03;0.07;0.02,-3;-3;-3,-4,0.06;0.04;0.04,1649267441664,-3;-3;-3,-9
synthesized/except_one/featureCard/medium/root_82.uvl,-1;-1;-1,-4,1.85;1.44;1.70,9991,0.02;0.04;0.01,-3;-3;-3,-4,0.03;0.03;0.03,64424509440,-3;-3;-3,-9
synthesized/except_one/featureCard/medium/root_83.uvl,-1;-1;-1,-4,1.66;1.76;1.63,11705,0.02;0.01;0.01,-3;-3;-3,-4,0.04;0.04;0.04,14155776,-3;-3;-3,-9
synthesized/except_one/featureCard/medium/root_84.uvl,-1;-1;-1,-4,1.42;1.61;1.72,9556,0.01;0.01;0.01,-3;-3;-3,-4,0.07;0.04;0.04,196608,-3;-3;-3,-9
synthesized/except_one/featureCard/medium/root_85.uvl,-1;-1;-1,-4,1.44;1.42;1.43,9811,0.01;0.01;0.03,-3;-3;-3,-4,0.03;0.03;0.03,98304,-3;-3;-3,-9
synthesized/except_one/featureCard/medium/root_86.uvl,-1;-1;-1,-4,1.55;1.58;1.57,11360,0.01;0.01;0.01,-3;-3;-3,-4,0.04;0.04;0.04,3005789912432640,-3;-3;-3,-9
synthesized/except_one/featureCard/medium/root_87.uvl,-1;-1;-1,-4,1.57;1.55;1.80,10808,0.03;0.03;0.01,-3;-3;-3,-4,0.03;0.03;0.03,1276058875953519237987654777869130792960,-3;-3;-3,-9
synthesized/except_one/featureCard/medium/root_88.uvl,-1;-1;-1,-4,1.53;1.57;1.49,8967,0.04;0.01;0.01,-3;-3;-3,-4,0.08;0.10;0.08,17915904,4.41;4.33;3.58,17915904
synthesized/except_one/featureCard/medium/root_89.uvl,-1;-1;-1,-4,1.74;1.71;1.64,10987,0.01;0.05;0.06,-3;-3;-3,-4,0.09;0.03;0.03,48318382080,-3;-3;-3,-9
synthesized/except_one/featureCard/medium/root_8.uvl,-1;-1;-1,-4,1.64;1.56;1.57,9359,0.01;0.01;0.01,-3;-3;-3,-4,0.05;0.03;0.03,1032192,-3;-3;-3,-9
synthesized/except_one/featureCard/medium/root_90.uvl,-1;-1;-1,-4,1.62;1.51;1.55,11341,0.01;0.01;0.01,-3;-3;-3,-4,0.04;0.04;0.04,32768,10.60;9.88;8.88,32768
synthesized/except_one/featureCard/medium/root_91.uvl,-1;-1;-1,-4,1.74;1.45;1.48,10110,0.01;0.03;0.01,-3;-3;-3,-4,0.03;0.03;0.04,7172094095858273668300800,-3;-3;-3,-9
synthesized/except_one/featureCard/medium/root_92.uvl,-1;-1;-1,-4,1.58;1.62;3.65,11749,0.01;0.02;0.01,-3;-3;-3,-4,0.04;0.04;0.04,30720,-3;-3;-3,-9
synthesized/except_one/featureCard/medium/root_93.uvl,-1;-1;-1,-4,1.41;1.53;1.31,8797,0.01;0.01;0.01,-3;-3;-3,-4,0.03;0.03;0.03,3623878656,8.56;8.68;9.52,3623878656
synthesized/except_one/featureCard/medium/root_94.uvl,-1;-1;-1,-4,1.51;2.92;3.06,9221,0.01;0.01;0.01,-3;-3;-3,-4,0.03;0.03;0.03,679477248,-3;-3;-3,-9
synthesized/except_one/featureCard/medium/root_95.uvl,-1;-1;-1,-4,1.70;1.57;1.54,10077,0.01;0.01;0.01,-3;-3;-3,-4,0.04;0.03;0.03,57982058496,-3;-3;-3,-9
synthesized/except_one/featureCard/medium/root_96.uvl,-1;-1;-1,-4,1.59;1.72;1.61,12164,0.01;0.01;0.02,-3;-3;-3,-4,0.06;0.04;0.04,1352605460594688,-3;-3;-3,-9
synthesized/except_one/featureCard/medium/root_97.uvl,-1;-1;-1,-4,1.68;1.62;1.62,11911,0.01;0.01;0.02,-3;-3;-3,-4,0.04;0.04;0.14,463856467968,-3;-3;-3,-9
synthesized/except_one/featureCard/medium/root_98.uvl,-1;-1;-1,-4,1.91;1.61;1.87,11906,0.02;0.02;0.01,-3;-3;-3,-4,0.04;0.04;0.04,4018543933104184098816,-3;-3;-3,-9
synthesized/except_one/featureCard/medium/root_99.uvl,-1;-1;-1,-4,1.33;1.57;1.50,9824,0.01;0.01;0.01,-3;-3;-3,-4,0.03;0.11;0.09,61440,-3;-3;-3,-9
synthesized/except_one/featureCard/medium/root_9.uvl,-1;-1;-1,-4,1.68;1.79;1.56,9018,0.01;0.01;0.01,-3;-3;-3,-4,0.08;0.03;0.03,12,-3;-3;-3,-9
synthesized/except_one/featureCard/small/root_100.uvl,-1;-1;-1,-4,0.80;0.88;0.83,2042,0.00;0.00;0.00,-3;-3;-3,-4,0.01;0.01;0.01,256,-3;-3;-3,-9
synthesized/except_one/featureCard/small/root_10.uvl,-1;-1;-1,-4,0.99;1.06;0.97,1909,0.00;0.00;0.00,-3;-3;-3,-4,0.01;0.02;0.01,8388608,-3;-3;-3,-9
synthesized/except_one/featureCard/small/root_11.uvl,1.15;0.97;1.17,2132,0.68;0.69;0.90,1926,0.00;0.00;0.00,0.09;0.09;0.09,3,0.01;0.06;0.04,3,0.03;0.03;0.24,3
synthesized/except_one/featureCard/small/root_12.uvl,-1;-1;-1,-4,0.84;0.98;1.09,1749,0.00;0.01;0.01,-3;-3;-3,-4,0.07;0.01;0.01,27648,-3;-3;-3,-9
synthesized/except_one/featureCard/small/root_13.uvl,-1;-1;-1,-4,0.82;0.98;0.78,1657,0.00;0.00;0.00,-3;-3;-3,-4,0.01;0.01;0.01,384,-3;-3;-3,-9
synthesized/except_one/featureCard/small/root_14.uvl,-1;-1;-1,-4,0.76;0.76;0.89,1639,0.01;0.04;0.00,-3;-3;-3,-4,0.01;0.01;0.01,102400,-3;-3;-3,-9
synthesized/except_one/featureCard/small/root_15.uvl,-1;-1;-1,-4,0.76;0.84;0.81,1625,0.00;0.00;0.00,-3;-3;-3,-4,0.01;0.01;0.01,768,-3;-3;-3,-9
synthesized/except_one/featureCard/small/root_16.uvl,-1;-1;-1,-4,0.88;0.72;0.81,1918,0.00;0.00;0.00,-3;-3;-3,-4,0.01;0.01;0.01,6,-3;-3;-3,-9
synthesized/except_one/featureCard/small/root_17.uvl,-1;-1;-1,-4,0.88;1.15;0.86,2033,0.00;0.01;0.00,-3;-3;-3,-4,0.06;0.07;0.02,8064,-3;-3;-3,-9
synthesized/except_one/featureCard/small/root_18.uvl,-1;-1;-1,-4,0.87;0.84;0.76,2049,0.00;0.00;0.00,-3;-3;-3,-4,0.01;0.01;0.01,18432,-3;-3;-3,-9
synthesized/except_one/featureCard/small/root_19.uvl,-1;-1;-1,-4,0.95;0.79;0.75,1784,0.00;0.00;0.00,-3;-3;-3,-4,0.01;0.01;0.01,8,0.02;0.19;0.13,8
synthesized/except_one/featureCard/small/root_1.uvl,-1;-1;-1,-4,0.72;0.74;0.74,1832,0.00;0.05;0.02,-3;-3;-3,-4,0.01;0.01;0.02,2,0.30;0.23;0.31,2
synthesized/except_one/featureCard/small/root_20.uvl,-1;-1;-1,-4,0.79;1.19;0.96,1901,0.00;0.00;0.00,-3;-3;-3,-4,0.01;0.01;0.02,2,-3;-3;-3,-9
synthesized/except_one/featureCard/small/root_21.uvl,-1;-1;-1,-4,1.06;0.99;0.91,2220,0.01;0.00;0.02,-3;-3;-3,-4,0.02;0.01;0.01,96,-3;-3;-3,-9
synthesized/except_one/featureCard/small/root_22.uvl,-3;-3;-3,-4,0.67;0.74;0.69,1593,0.04;0.02;0.00,-3;-3;-3,-4,0.01;0.01;0.01,1,0.03;0.03;0.03,1
synthesized/except_one/featureCard/small/root_23.uvl,-1;-1;-1,-4,0.95;0.87;0.73,2127,0.00;0.00;0.00,-3;-3;-3,-4,0.01;0.01;0.01,5904,-3;-3;-3,-9
synthesized/except_one/featureCard/small/root_24.uvl,-1;-1;-1,-4,0.81;0.95;1.04,2432,0.00;0.00;0.00,-3;-3;-3,-4,0.06;0.09;0.04,16,0.02;0.02;0.02,16
synthesized/except_one/featureCard/small/root_25.uvl,-1;-1;-1,-4,0.92;0.86;0.80,2226,0.00;0.00;0.00,-3;-3;-3,-4,0.06;0.05;0.06,64,-3;-3;-3,-9
synthesized/except_one/featureCard/small/root_26.uvl,-1;-1;-1,-4,0.95;0.92;0.79,2192,0.00;0.00;0.00,-3;-3;-3,-4,0.01;0.01;0.01,416,-3;-3;-3,-9
synthesized/except_one/featureCard/small/root_27.uvl,-1;-1;-1,-4,0.83;0.73;0.77,2115,0.00;0.00;0.01,-3;-3;-3,-4,0.01;0.01;0.01,2592,-3;-3;-3,-9
synthesized/except_one/featureCard/small/root_28.uvl,-1;-1;-1,-4,0.94;0.80;0.77,1862,0.00;0.00;0.00,-3;-3;-3,-4,0.05;0.09;0.06,32,0.37;0.26;0.03,32
synthesized/except_one/featureCard/small/root_29.uvl,-1;-1;-1,-4,1.05;0.87;2.22,2065,0.00;0.00;0.00,-3;-3;-3,-4,0.01;0.01;0.02,12,-3;-3;-3,-9
synthesized/except_one/featureCard/small/root_2.uvl,-1;-1;-1,-4,1.03;0.84;0.87,1750,0.01;0.01;0.01,-3;-3;-3,-4,0.02;0.01;0.01,432,-3;-3;-3,-9
synthesized/except_one/featureCard/small/root_30.uvl,-1;-1;-1,-4,0.84;1.13;0.90,1534,0.00;0.00;0.00,-3;-3;-3,-4,0.01;0.11;0.10,128,-3;-3;-3,-9
synthesized/except_one/featureCard/small/root_31.uvl,-1;-1;-1,-4,0.72;0.99;0.74,2015,0.00;0.01;0.00,-3;-3;-3,-4,0.01;0.01;0.06,2016,-3;-3;-3,-9
synthesized/except_one/featureCard/small/root_32.uvl,-1;-1;-1,-4,0.80;1.25;0.93,1964,0.00;0.00;0.00,-3;-3;-3,-4,0.01;0.01;0.01,4,-3;-3;-3,-9
synthesized/except_one/featureCard/small/root_33.uvl,-1;-1;-1,-4,0.79;0.69;0.92,1880,0.00;0.00;0.00,-3;-3;-3,-4,0.01;0.01;0.01,96,-3;-3;-3,-9
synthesized/except_one/featureCard/small/root_34.uvl,-1;-1;-1,-4,0.85;0.83;0.82,1941,0.00;0.00;0.00,-3;-3;-3,-4,0.01;0.01;0.01,12288,-3;-3;-3,-9
synthesized/except_one/featureCard/small/root_35.uvl,-1;-1;-1,-4,0.75;0.74;0.95,1721,0.00;0.00;0.01,-3;-3;-3,-4,0.01;0.01;0.01,384,-3;-3;-3,-9
synthesized/except_one/featureCard/small/root_36.uvl,-1;-1;-1,-4,0.83;0.91;0.84,2113,0.00;0.00;0.00,-3;-3;-3,-4,0.01;0.01;0.01,196608,-3;-3;-3,-9
synthesized/except_one/featureCard/small/root_37.uvl,-1;-1;-1,-4,0.74;0.76;0.87,1811,0.00;0.00;0.00,-3;-3;-3,-4,0.01;0.01;0.01,1,-3;-3;-3,-9
synthesized/except_one/featureCard/small/root_38.uvl,-1;-1;-1,-4,0.87;0.80;1.31,2011,0.00;0.00;0.00,-3;-3;-3,-4,0.01;0.05;0.01,2,-3;-3;-3,-9
synthesized/except_one/featureCard/small/root_39.uvl,-1;-1;-1,-4,0.89;0.82;0.77,1930,0.00;0.00;0.00,-3;-3;-3,-4,0.01;0.01;0.01,8,-3;-3;-3,-9
synthesized/except_one/featureCard/small/root_3.uvl,-1;-1;-1,-4,1.04;0.77;0.75,1727,0.00;0.00;0.00,-3;-3;-3,-4,0.01;0.01;0.01,32,-3;-3;-3,-9
synthesized/except_one/featureCard/small/root_40.uvl,0.83;0.93;0.81,2140,0.74;0.81;0.81,1964,0.00;0.00;0.00,0.12;0.12;0.12,10,0.01;0.01;0.01,10,5.82;6.04;5.63,10
synthesized/except_one/featureCard/small/root_41.uvl,-1;-1;-1,-4,0.82;0.73;0.75,1623,0.00;0.00;0.00,-3;-3;-3,-4,0.01;0.01;0.01,32,-3;-3;-3,-9
synthesized/except_one/featureCard/small/root_42.uvl,-1;-1;-1,-4,0.98;0.81;3.17,2227,0.02;0.00;0.00,-3;-3;-3,-4,0.01;0.06;0.06,480,-3;-3;-3,-9
synthesized/except_one/featureCard/small/root_43.uvl,-1;-1;-1,-4,0.81;0.74;0.80,2422,0.00;0.00;0.00,-3;-3;-3,-4,0.01;0.01;0.01,32,-3;-3;-3,-9
synthesized/except_one/featureCard/small/root_44.uvl,-1;-1;-1,-4,0.87;1.01;0.78,1994,0.00;0.00;0.00,-3;-3;-3,-4,0.01;0.01;0.01,16,-3;-3;-3,-9
synthesized/except_one/featureCard/small/root_45.uvl,-1;-1;-1,-4,0.87;0.87;0.95,2207,0.00;0.02;0.00,-3;-3;-3,-4,0.01;0.01;0.01,8,-3;-3;-3,-9
synthesized/except_one/featureCard/small/root_46.uvl,-1;-1;-1,-4,0.88;0.84;0.77,2162,0.00;0.00;0.00,-3;-3;-3,-4,0.02;0.01;0.01,48,-3;-3;-3,-9
synthesized/except_one/featureCard/small/root_47.uvl,-1;-1;-1,-4,0.86;1.14;0.84,2110,0.01;0.01;0.00,-3;-3;-3,-4,0.01;0.07;0.01,128,-3;-3;-3,-9
synthesized/except_one/featureCard/small/root_48.uvl,-1;-1;-1,-4,0.79;0.98;1.51,2240,0.00;0.00;0.00,-3;-3;-3,-4,0.01;0.01;0.06,16,-3;-3;-3,-9
synthesized/except_one/featureCard/small/root_49.uvl,-1;-1;-1,-4,0.81;0.71;1.22,1653,0.00;0.00;0.00,-3;-3;-3,-4,0.01;0.01;0.01,125,5.39;5.73;5.65,125
synthesized/except_one/featureCard/small/root_4.uvl,0.86;0.77;0.86,1763,0.65;1.01;0.69,1657,0.00;0.00;0.00,0.11;0.09;0.09,2,0.01;0.01;0.02,2,0.04;0.21;0.04,2
synthesized/except_one/featureCard/small/root_50.uvl,-1;-1;-1,-4,1.01;1.10;0.92,1916,0.00;0.00;0.00,-3;-3;-3,-4,0.08;0.01;0.01,4,-3;-3;-3,-9
synthesized/except_one/featureCard/small/root_51.uvl,-1;-1;-1,-4,0.84;0.92;0.78,2173,0.00;0.00;0.00,-3;-3;-3,-4,0.01;0.01;0.01,72,-3;-3;-3,-9
synthesized/except_one/featureCard/small/root_52.uvl,-1;-1;-1,-4,0.85;0.88;1.03,1721,0.01;0.00;0.00,-3;-3;-3,-4,0.01;0.01;0.01,10240,-3;-3;-3,-9
synthesized/except_one/featureCard/small/root_53.uvl,-1;-1;-1,-4,0.79;0.75;0.76,1447,0.00;0.00;0.01,-3;-3;-3,-4,0.06;0.03;0.02,2,0.21;0.05;0.02,2
synthesized/except_one/featureCard/small/root_54.uvl,-1;-1;-1,-4,0.80;0.70;0.77,1416,0.01;0.00;0.03,-3;-3;-3,-4,0.01;0.01;0.01,128,-3;-3;-3,-9
synthesized/except_one/featureCard/small/root_55.uvl,-1;-1;-1,-4,0.78;0.81;1.09,2047,0.00;0.02;0.01,-3;-3;-3,-4,0.01;0.01;0.01,8,0.02;0.02;0.02,8
synthesized/except_one/featureCard/small/root_56.uvl,-1;-1;-1,-4,0.79;0.79;0.88,1688,0.00;0.00;0.00,-3;-3;-3,-4,0.01;0.01;0.06,24,-3;-3;-3,-9
synthesized/except_one/featureCard/small/root_57.uvl,-1;-1;-1,-4,0.76;0.78;0.96,1845,0.01;0.01;0.01,-3;-3;-3,-4,0.01;0.01;0.01,16,-3;-3;-3,-9
synthesized/except_one/featureCard/small/root_58.uvl,0.77;1.03;0.79,1740,0.64;1.13;0.97,1473,0.00;0.00;0.00,0.09;0.09;0.25,1,0.01;0.01;0.01,-9,0.03;0.03;0.03,1
synthesized/except_one/featureCard/small/root_59.uvl,-1;-1;-1,-4,1.52;0.86;0.85,1862,0.00;0.00;0.01,-3;-3;-3,-4,0.07;0.01;0.01,16,-3;-3;-3,-9
synthesized/except_one/featureCard/small/root_5.uvl,-1;-1;-1,-4,0.79;0.90;0.80,1698,0.00;0.00;0.00,-3;-3;-3,-4,0.01;0.01;0.01,8,0.22;0.03;0.02,8
synthesized/except_one/featureCard/small/root_60.uvl,-1;-1;-1,-4,0.85;0.79;0.91,2340,0.00;0.00;0.00,-3;-3;-3,-4,0.02;0.01;0.01,256,-3;-3;-3,-9
synthesized/except_one/featureCard/small/root_61.uvl,-1;-1;-1,-4,0.99;1.01;0.85,2127,0.00;0.00;0.00,-3;-3;-3,-4,0.01;0.01;0.01,1600,-3;-3;-3,-9
synthesized/except_one/featureCard/small/root_62.uvl,-1;-1;-1,-4,0.79;0.87;0.88,2279,0.00;0.00;0.00,-3;-3;-3,-4,0.01;0.01;0.01,128,-3;-3;-3,-9
synthesized/except_one/featureCard/small/root_63.uvl,1.01;1.33;0.90,2273,0.71;0.83;0.70,2096,0.00;0.00;0.00,0.09;0.08;0.09,1,0.01;0.01;0.01,1,0.06;0.07;0.07,1
synthesized/except_one/featureCard/small/root_64.uvl,-1;-1;-1,-4,0.93;0.77;0.79,1931,0.00;0.00;0.01,-3;-3;-3,-4,0.01;0.12;0.01,144,-3;-3;-3,-9
synthesized/except_one/featureCard/small/root_65.uvl,-1;-1;-1,-4,1.11;1.00;1.03,1637,0.00;0.00;0.00,-3;-3;-3,-4,0.01;0.02;0.01,2,0.19;0.02;0.02,2
synthesized/except_one/featureCard/small/root_66.uvl,-1;-1;-1,-4,0.86;0.89;0.77,2100,0.00;0.00;0.00,-3;-3;-3,-4,0.01;0.01;0.01,1024,-3;-3;-3,-9
synthesized/except_one/featureCard/small/root_67.uvl,-1;-1;-1,-4,0.71;0.74;0.91,1946,0.00;0.00;0.00,-3;-3;-3,-4,0.01;0.01;0.01,4,-3;-3;-3,-9
synthesized/except_one/featureCard/small/root_68.uvl,-1;-1;-1,-4,1.04;0.88;1.01,1599,0.00;0.00;0.00,-3;-3;-3,-4,0.01;0.01;0.01,1,2.16;2.11;2.77,1
synthesized/except_one/featureCard/small/root_69.uvl,-1;-1;-1,-4,0.85;0.79;0.76,1918,0.00;0.00;0.00,-3;-3;-3,-4,0.01;0.04;0.01,768,-3;-3;-3,-9
synthesized/except_one/featureCard/small/root_6.uvl,-1;-1;-1,-4,0.95;0.76;0.81,1687,0.00;0.00;0.00,-3;-3;-3,-4,0.01;0.01;0.01,768,-3;-3;-3,-9
synthesized/except_one/featureCard/small/root_70.uvl,-1;-1;-1,-4,0.80;0.89;0.86,2373,0.00;0.00;0.00,-3;-3;-3,-4,0.01;0.01;0.02,1536,-3;-3;-3,-9
synthesized/except_one/featureCard/small/root_71.uvl,-1;-1;-1,-4,0.82;0.98;0.73,1978,0.00;0.00;0.00,-3;-3;-3,-4,0.04;0.02;0.03,2,1.16;1.28;1.11,2
synthesized/except_one/featureCard/small/root_72.uvl,-1;-1;-1,-4,0.86;0.80;0.82,1806,0.00;0.00;0.00,-3;-3;-3,-4,0.01;0.01;0.01,1,0.23;0.63;0.40,1
synthesized/except_one/featureCard/small/root_73.uvl,0.72;0.95;0.86,1846,0.73;0.81;0.67,1652,0.00;0.00;0.00,0.09;0.09;0.08,1,0.01;0.01;0.01,-9,0.44;0.45;0.41,1
synthesized/except_one/featureCard/small/root_74.uvl,0.77;0.78;0.77,1667,0.73;0.89;0.72,1505,0.00;0.00;0.00,0.09;0.09;0.09,1,0.01;0.01;0.01,1,-3;-3;-3,-9
synthesized/except_one/featureCard/small/root_75.uvl,-1;-1;-1,-4,0.73;0.95;0.73,1735,0.00;0.00;0.00,-3;-3;-3,-4,0.01;0.01;0.01,240,-3;-3;-3,-9
synthesized/except_one/featureCard/small/root_76.uvl,-1;-1;-1,-4,0.76;0.87;0.75,1678,0.00;0.00;0.00,-3;-3;-3,-4,0.01;0.01;0.01,192,-3;-3;-3,-9
synthesized/except_one/featureCard/small/root_77.uvl,-1;-1;-1,-4,0.92;0.68;0.83,1659,0.00;0.00;0.00,-3;-3;-3,-4,0.01;0.01;0.01,8,-3;-3;-3,-9
synthesized/except_one/featureCard/small/root_78.uvl,-1;-1;-1,-4,0.78;1.00;0.88,2548,0.01;0.01;0.00,-3;-3;-3,-4,0.01;0.01;0.01,3072,-3;-3;-3,-9
synthesized/except_one/featureCard/small/root_79.uvl,-1;-1;-1,-4,0.85;1.00;0.81,2220,0.00;0.01;0.01,-3;-3;-3,-4,0.01;0.01;0.01,128,0.02;0.02;0.02,128
synthesized/except_one/featureCard/small/root_7.uvl,-1;-1;-1,-4,0.86;1.10;0.97,1966,0.00;0.00;0.00,-3;-3;-3,-4,0.02;0.01;0.01,128,-3;-3;-3,-9
synthesized/except_one/featureCard/small/root_80.uvl,-1;-1;-1,-4,1.09;0.77;1.01,1887,0.00;0.00;0.00,-3;-3;-3,-4,0.01;0.01;0.01,48,-3;-3;-3,-9
synthesized/except_one/featureCard/small/root_81.uvl,-1;-1;-1,-4,0.83;0.80;0.72,1585,0.00;0.00;0.00,-3;-3;-3,-4,0.04;0.02;0.01,21504,-3;-3;-3,-9
synthesized/except_one/featureCard/small/root_82.uvl,-1;-1;-1,-4,0.82;0.75;3.30,1662,0.00;0.00;0.00,-3;-3;-3,-4,0.01;0.01;0.01,128,-3;-3;-3,-9
synthesized/except_one/featureCard/small/root_83.uvl,-1;-1;-1,-4,0.80;0.81;0.74,1716,0.00;0.00;0.00,-3;-3;-3,-4,0.01;0.01;0.01,581760,0.05;0.03;0.03,581760
synthesized/except_one/featureCard/small/root_84.uvl,-1;-1;-1,-4,1.08;0.85;0.80,1730,0.00;0.02;0.02,-3;-3;-3,-4,0.01;0.01;0.01,1536,0.16;0.02;0.02,1536
synthesized/except_one/featureCard/small/root_85.uvl,-1;-1;-1,-4,2.33;0.87;0.75,1973,0.02;0.00;0.00,-3;-3;-3,-4,0.10;0.01;0.01,96,-3;-3;-3,-9
synthesized/except_one/featureCard/small/root_86.uvl,-1;-1;-1,-4,1.02;0.75;1.02,1767,0.00;0.00;0.00,-3;-3;-3,-4,0.01;0.01;0.01,16,-3;-3;-3,-9
synthesized/except_one/featureCard/small/root_87.uvl,-1;-1;-1,-4,0.74;0.76;0.77,1742,0.00;0.00;0.00,-3;-3;-3,-4,0.01;0.01;0.01,8960,-3;-3;-3,-9
synthesized/except_one/featureCard/small/root_88.uvl,-1;-1;-1,-4,3.43;0.79;0.76,2005,0.00;0.00;0.00,-3;-3;-3,-4,0.05;0.01;0.01,2,-3;-3;-3,-9
synthesized/except_one/featureCard/small/root_89.uvl,-1;-1;-1,-4,0.78;0.82;1.21,2137,0.00;0.00;0.00,-3;-3;-3,-4,0.01;0.01;0.01,1024,-3;-3;-3,-9
synthesized/except_one/featureCard/small/root_8.uvl,-1;-1;-1,-4,0.85;0.76;0.90,1891,0.00;0.00;0.00,-3;-3;-3,-4,0.01;0.01;0.01,16,-3;-3;-3,-9
synthesized/except_one/featureCard/small/root_90.uvl,-1;-1;-1,-4,0.81;0.86;0.80,2020,0.00;0.00;0.00,-3;-3;-3,-4,0.01;0.01;0.01,10,1.17;1.16;1.21,10
synthesized/except_one/featureCard/small/root_91.uvl,-1;-1;-1,-4,0.86;0.86;0.80,2012,0.00;0.00;0.00,-3;-3;-3,-4,0.02;0.01;0.01,16384,-3;-3;-3,-9
synthesized/except_one/featureCard/small/root_92.uvl,-1;-1;-1,-4,0.80;0.72;0.81,1715,0.02;0.00;0.00,-3;-3;-3,-4,0.05;0.01;0.01,960,62.26;67.92;67.95,960
synthesized/except_one/featureCard/small/root_93.uvl,-1;-1;-1,-4,1.00;1.15;0.90,1730,0.00;0.00;0.00,-3;-3;-3,-4,0.01;0.01;0.01,98304,-3;-3;-3,-9
synthesized/except_one/featureCard/small/root_94.uvl,-1;-1;-1,-4,0.89;0.82;0.86,2328,0.02;0.01;0.00,-3;-3;-3,-4,0.01;0.01;0.01,144,-3;-3;-3,-9
synthesized/except_one/featureCard/small/root_95.uvl,-1;-1;-1,-4,0.74;0.84;0.94,1779,0.00;0.00;0.00,-3;-3;-3,-4,0.01;0.01;0.01,256,-3;-3;-3,-9
synthesized/except_one/featureCard/small/root_96.uvl,-1;-1;-1,-4,0.96;1.16;0.76,1865,0.00;0.00;0.00,-3;-3;-3,-4,0.01;0.02;0.01,64,-3;-3;-3,-9
synthesized/except_one/featureCard/small/root_97.uvl,-1;-1;-1,-4,0.92;0.76;0.77,2042,0.00;0.00;0.00,-3;-3;-3,-4,0.01;0.01;0.05,2147483648,0.02;0.03;0.02,2147483648
synthesized/except_one/featureCard/small/root_98.uvl,-1;-1;-1,-4,0.77;0.90;0.67,1690,0.00;0.00;0.00,-3;-3;-3,-4,0.01;0.08;0.01,2,0.03;0.02;0.02,2
synthesized/except_one/featureCard/small/root_99.uvl,-1;-1;-1,-4,0.85;0.73;1.00,1846,0.00;0.00;0.00,-3;-3;-3,-4,0.01;0.01;0.01,16,-3;-3;-3,-9
synthesized/except_one/featureCard/small/root_9.uvl,0.84;0.78;0.98,1848,0.71;0.83;0.97,1769,0.00;0.00;0.00,0.09;0.08;0.09,6,0.03;0.02;0.07,6,0.38;0.35;0.36,6
synthesized/except_one/groupCard/large/root_100.uvl,-3;-3;-3,-4,5.51;-3;7.78,748373,0.69;0.67;0.70,-3;-3;-3,-4,155.11;160.87;159.14,182103782404847798240285180862608179200000,-1;-1;-1,-9
synthesized/except_one/groupCard/large/root_10.uvl,-1;-1;-1,-4,3.11;3.06;3.28,69514,0.07;0.08;0.07,-3;-3;-3,-4,0.36;0.31;0.31,39027765973743079492851474456279499655547288903954222054524207318082794968296727296547434886247022885202622802032590848000,-3;-3;-3,-9
synthesized/except_one/groupCard/large/root_11.uvl,-1;-1;-1,-4,3.46;3.55;3.96,256968,0.25;0.24;0.25,-3;-3;-3,-4,2.93;3.04;2.54,1121605008740231896850666913574399661389425672192000000000000,-1;-1;-1,-9
synthesized/except_one/groupCard/large/root_12.uvl,-1;-1;-1,-4,4.04;3.75;4.66,370766,0.34;0.34;0.35,-3;-3;-3,-4,18.04;18.41;15.91,10588135363798621587175404494354629866254638478562954741547008000,-1;-1;-1,-9
synthesized/except_one/groupCard/large/root_13.uvl,-1;-1;-1,-4,3.03;3.32;2.97,73656,0.08;0.08;0.09,-3;-3;-3,-4,0.33;0.33;0.32,214131531707644997050305860239034585728779364717940624479553277044261562852328656076800000,-1;-1;-1,-9
synthesized/except_one/groupCard/large/root_14.uvl,-1;-1;-1,-4,3.06;2.97;3.46,158556,0.15;0.16;0.15,-3;-3;-3,-4,0.44;0.42;0.43,1662461581197312000,-1;-1;-1,-9
synthesized/except_one/groupCard/large/root_15.uvl,-1;-1;-1,-4,3.32;3.58;-3,228973,0.23;0.28;0.22,-3;-3;-3,-4,0.81;0.78;0.78,182497061636451180112984226283964590446231880702024213500403185874775936572402842868663183040321180139520000000000,-1;-1;-1,-9
synthesized/except_one/groupCard/large/root_16.uvl,-1;-1;-1,-4,5.17;3.02;3.10,88565,0.09;0.10;0.09,-3;-3;-3,-4,0.34;0.35;0.33,2019607567443743869370249404232342994676603134792738873688248015471571386356434679308158733452443121066242598615567966509038016310755701705547571741782550417321335193600,-3;-3;-3,-9
synthesized/except_one/groupCard/large/root_17.uvl,-1;-1;-1,-4,-3;-3;-3,-4,-3;-3;-3,-3;-3;-3,-4,-3;-3;-3,-4,-3;-3;-3,-4
synthesized/except_one/groupCard/large/root_18.uvl,-1;-1;-1,-4,3.47;3.15;4.57,87526,0.09;0.09;0.09,-3;-3;-3,-4,0.33;0.33;0.32,28596596642578719150507325883303234992398796411197303002720531778801500160000,-3;-3;-3,-9
synthesized/except_one/groupCard/large/root_19.uvl,-3;-3;-3,-4,-3;-3;-3,-4,-3;-3;-3,-3;-3;-3,-4,-3;-3;-3,-4,-3;-3;-3,-4
synthesized/except_one/groupCard/large/root_1.uvl,-3;-3;-3,-4,6.19;6.65;5.16,460169,0.43;0.44;0.42,-3;-3;-3,-4,1.16;1.16;1.14,119466186467431241814650208808498888704000,-1;-1;-1,-9
synthesized/except_one/groupCard/large/root_20.uvl,-1;-1;-1,-4,3.05;3.01;2.86,116349,0.12;0.12;0.12,-3;-3;-3,-4,1.78;1.77;1.77,4817853069563622428602762733440716990660526311822409207914393121579717361664000000000,-1;-1;-1,-9
synthesized/except_one/groupCard/large/root_21.uvl,-1;-1;-1,-4,3.35;3.49;3.26,188520,0.18;0.18;0.19,-3;-3;-3,-4,0.67;0.67;0.60,156436540987428776706048000,-1;-1;-1,-9
synthesized/except_one/groupCard/large/root_22.uvl,-3;-3;-3,-4,5.82;-3;4.26,432522,0.40;0.41;0.40,-3;-3;-3,-4,4.81;4.89;4.81,5270522595579150169407390620863461956306138092822603216096009685674606550496070004574781440,-1;-1;-1,-9
synthesized/except_one/groupCard/large/root_23.uvl,-1;-1;-1,-4,3.35;3.57;3.33,128235,0.15;0.15;0.13,-3;-3;-3,-4,0.45;0.42;0.42,6680916093974587144383239365808388833280,-3;-3;-3,-9
synthesized/except_one/groupCard/large/root_24.uvl,-1;-1;-1,-4,2.92;2.95;2.77,109600,0.12;0.11;0.11,-3;-3;-3,-4,0.48;0.49;0.50,1745379684424437403140252134078586248198086312433159132824658781199222172607169167360000000,-1;-1;-1,-9
synthesized/except_one/groupCard/large/root_25.uvl,-1;-1;-1,-4,3.76;3.27;3.44,108929,0.11;0.11;0.11,-3;-3;-3,-4,1.38;1.22;1.15,255715422102750230667075361791592145052906670472349601920598701586361282113808435012624798787305472000,-1;-1;-1,-9
synthesized/except_one/groupCard/large/root_26.uvl,-1;-1;-1,-4,3.16;3.49;6.40,118355,0.12;0.12;0.14,-3;-3;-3,-4,0.64;0.68;0.63,274877069500,-1;-1;-1,-9
synthesized/except_one/groupCard/large/root_27.uvl,-3;-3;-3,-4,-3;4.07;-3,378273,0.49;0.37;0.35,-3;-3;-3,-4,44.26;48.47;40.52,3069845452261395719390637837282072675507928087023830793806749161939377710638376998851705171084399008593783498804512918112923811840000000,-1;-1;-1,-9
synthesized/except_one/groupCard/large/root_28.uvl,-1;-1;-1,-4,2.85;2.88;3.19,51103,0.07;0.06;0.05,-3;-3;-3,-4,0.21;0.22;0.22,2191753691379737002319651616784930330478326255060895359154239345450791324141188454385661352288480479839350509863277964721474249175083253760000000000,-3;-3;-3,-9
synthesized/except_one/groupCard/large/root_29.uvl,-1;-1;-1,-4,3.69;3.66;3.08,75258,0.08;0.08;0.08,-3;-3;-3,-4,0.30;0.34;0.32,13420425597679841779731836080989184424269237459476495546627885577129165571751936000000000,-3;-3;-3,-9
synthesized/except_one/groupCard/large/root_2.uvl,-1;-1;-1,-4,3.90;3.02;3.79,162366,0.17;0.16;0.16,-3;-3;-3,-4,0.48;0.47;0.46,14105846078751029455915657356902400000,-1;-1;-1,-9
synthesized/except_one/groupCard/large/root_30.uvl,-1;-1;-1,-4,3.63;3.84;3.35,88355,0.09;0.09;0.09,-3;-3;-3,-4,0.57;0.56;0.56,344266718237228606941869280894940743186681742040890390823001889941750034543162753067798670184241225582281828463799486206453470780202638482410789529662259200000,-3;-3;-3,-9
synthesized/except_one/groupCard/large/root_31.uvl,-1;-1;-1,-4,4.62;3.90;3.39,248942,0.24;0.24;0.26,-3;-3;-3,-4,4.54;4.30;4.29,4621345085905464991944410614237827512069332874410214496814324491358096588800000,-1;-1;-1,-9
synthesized/except_one/groupCard/large/root_32.uvl,-3;-3;-3,-4,-3;-3;-3,-4,-3;-3;-3,-3;-3;-3,-4,-3;-3;-3,-4,-3;-3;-3,-4
synthesized/except_one/groupCard/large/root_33.uvl,-3;-3;-3,-4,3.52;3.20;3.31,214791,0.22;0.27;0.22,-3;-3;-3,-4,6.60;6.81;6.77,5771986855404536464008070614478462206197112218696383465195579849736943882437951895263565034802583539904675840000000,-1;-1;-1,-9
synthesized/except_one/groupCard/large/root_34.uvl,-1;-1;-1,-4,2.83;3.19;3.00,127694,0.12;0.12;0.13,-3;-3;-3,-4,0.40;0.38;0.39,2991699440677376411245113470091264000,-1;-1;-1,-9
synthesized/except_one/groupCard/large/root_35.uvl,-1;-1;-1,-4,3.10;3.19;3.98,102180,0.10;0.11;0.11,-3;-3;-3,-4,0.32;0.32;0.33,106706989725707064298872766464000,-1;-1;-1,-9
synthesized/except_one/groupCard/large/root_36.uvl,-3;-3;-3,-4,3.69;3.70;4.66,330027,0.32;0.31;0.31,-3;-3;-3,-4,2.45;2.44;2.31,1283286560997006429466560816597972211549245556996870325857973972984178883637255301294488552974885847040000,-1;-1;-1,-9
synthesized/except_one/groupCard/large/root_37.uvl,-3;-3;-3,-4,4.02;4.37;3.29,267460,0.25;0.26;0.25,-3;-3;-3,-4,0.96;0.95;1.10,26523995142074966385517694193758128337681072072211449474172687954739200000,-1;-1;-1,-9
synthesized/except_one/groupCard/large/root_38.uvl,-1;-1;-1,-4,4.28;3.50;3.86,142568,0.14;0.14;0.14,-3;-3;-3,-4,0.60;0.56;0.52,1797866121898091923456036700160,-1;-1;-1,-9
synthesized/except_one/groupCard/large/root_39.uvl,-1;-1;-1,-4,3.94;4.16;3.98,225519,0.22;0.22;0.21,-3;-3;-3,-4,5.19;5.21;5.12,3534175381512652673840288772426263599673928754161450136438867343966208000000,-1;-1;-1,-9
synthesized/except_one/groupCard/large/root_3.uvl,-1;-1;-1,-4,4.91;3.47;3.84,180538,0.18;0.17;0.17,-3;-3;-3,-4,0.57;0.57;0.53,60125549183263646587533520352035173529450143678893295403008000,-1;-1;-1,-9
synthesized/except_one/groupCard/large/root_40.uvl,-1;-1;-1,-4,-3;-3;3.24,161652,0.16;0.16;0.16,-3;-3;-3,-4,4.08;4.08;6.42,492876558338485993397100360497757997977340004590936517664365817070909515813270664205899079827877025446828372772746428416000000000000000,-1;-1;-1,-9
synthesized/except_one/groupCard/large/root_41.uvl,-1;-1;-1,-4,3.89;4.50;4.70,187494,0.18;0.18;0.18,-3;-3;-3,-4,0.52;0.49;0.51,1701581677148000747520,-1;-1;-1,-9
synthesized/except_one/groupCard/large/root_42.uvl,-1;-1;-1,-4,3.28;2.91;3.29,133651,0.14;0.13;0.13,-3;-3;-3,-4,0.73;0.69;0.69,38259990516746467533921439402355524909700744461009623488844292160663702879600640000000,-1;-1;-1,-9
synthesized/except_one/groupCard/large/root_43.uvl,-3;-3;-3,-4,-3;3.81;-3,284644,0.27;0.29;0.30,-3;-3;-3,-4,1.05;1.02;1.01,450237796973041459901338928055120704150895047712183109628932915200000,-1;-1;-1,-9
synthesized/except_one/groupCard/large/root_44.uvl,-1;-3;-3,-4,4.71;4.48;5.63,586742,0.53;0.54;0.54,-3;-3;-3,-4,7.22;7.34;7.54,5799837484793711944764912459370862071584389762455489615153091682122572466631488155017384606055630055546126133240436780982511649947648000000000,-1;-1;-1,-9
synthesized/except_one/groupCard/large/root_45.uvl,-1;-1;-1,-4,3.09;3.69;3.63,100817,0.11;0.11;0.11,-3;-3;-3,-4,0.33;0.40;0.36,84329219112410300575913762422320827772458922071309920251260478699884402157703555976192270637465600000000,-3;-3;-3,-9
synthesized/except_one/groupCard/large/root_46.uvl,-3;-3;-3,-4,-3;-3;3.36,193269,0.19;0.20;0.20,-3;-3;-3,-4,2.15;2.43;2.27,11516555046453849366743687698032043858683621264062566510929239880029523110067497134609663524302204902063678408611022479389109390165623485676565777536673507306087571083764974633777731714980102799360000000000000,-1;-1;-1,-9
synthesized/except_one/groupCard/large/root_47.uvl,-1;-1;-1,-4,3.76;5.00;9.22,347122,0.32;0.33;0.32,-3;-3;-3,-4,1.31;1.33;1.35,3700136986760844136755988232301964633225801236480,-1;-1;-1,-9
synthesized/except_one/groupCard/large/root_48.uvl,-1;-1;-1,-4,2.97;3.50;3.59,120615,0.12;0.13;0.12,-3;-3;-3,-4,0.54;0.50;0.53,20397064814846625251637230448851598845343502712564104394609037958751094130763114741760000000,-1;-1;-1,-9
synthesized/except_one/groupCard/large/root_49.uvl,-1;-1;-1,-4,3.05;3.11;2.90,144068,0.14;0.14;0.14,-3;-3;-3,-4,0.97;1.02;1.01,3833260429263155408182124106285075357874762317842212674600960000,-1;-1;-1,-9
synthesized/except_one/groupCard/large/root_4.uvl,-1;-1;-1,-4,3.36;3.13;3.31,56981,0.06;0.06;0.06,-3;-3;-3,-4,0.23;0.21;0.23,154513470389841731686364714195622730396624283165016327457024472701724159407202519040173702749492551634427180026469912486014925809120472671058799663800558844641280000,-3;-3;-3,-9
synthesized/except_one/groupCard/large/root_50.uvl,-3;-3;-3,-4,-3;-3;-3,-4,-3;-3;-3,-3;-3;-3,-4,-3;-3;-3,-4,-3;-3;-3,-4
synthesized/except_one/groupCard/large/root_51.uvl,-3;-3;-3,-4,-3;3.71;4.08,254820,0.32;0.25;0.25,-3;-3;-3,-4,503.44;523.11;539.40,523862243225090285341060141861588568759205024873731563153846655478790108028840567856391661136223649095451934720,-1;-1;-1,-9
synthesized/except_one/groupCard/large/root_52.uvl,-1;-1;-1,-4,3.91;4.12;3.90,159577,0.15;0.16;0.17,-3;-3;-3,-4,0.79;0.79;0.79,16387658156773066525093721448284432298942749950317213976767057198726584460257136152457039052800000,-1;-1;-1,-9
synthesized/except_one/groupCard/large/root_53.uvl,-1;-1;-1,-4,4.35;3.23;3.31,117333,0.11;0.12;0.12,-3;-3;-3,-4,0.41;0.48;0.47,668488926853990532245035763630080000,-1;-1;-1,-9
synthesized/except_one/groupCard/large/root_54.uvl,-1;-1;-1,-4,3.10;3.26;3.91,132007,0.14;0.13;0.13,-3;-3;-3,-4,0.54;0.53;0.52,166039441703843493608858830349720324408247047493255168000000,-1;-1;-1,-9
synthesized/except_one/groupCard/large/root_55.uvl,-3;-3;-3,-4,-3;-3;-3,-4,-3;-3;-3,-3;-3;-3,-4,-3;-3;-3,-4,-3;-3;-3,-4
synthesized/except_one/groupCard/large/root_56.uvl,-1;-1;-1,-4,3.02;3.16;3.21,50075,0.10;0.05;0.05,-3;-3;-3,-4,0.18;0.18;0.19,50965253263210943306885142939602230108979427702866378753548530701729807838723534671534763900462036069738995223616249561441682461992242553798456036053483520000,-3;-3;-3,-9
synthesized/except_one/groupCard/large/root_57.uvl,-1;-1;-1,-4,3.48;3.34;3.68,239590,0.23;0.30;0.25,-3;-3;-3,-4,1.65;1.66;1.95,203708053963439479942766857909725502195630080,-1;-1;-1,-9
synthesized/except_one/groupCard/large/root_58.uvl,-3;-3;-3,-4,3.28;3.87;3.34,138705,0.14;0.15;0.14,-3;-3;-3,-4,0.61;0.62;0.54,1286900645506662731385362003424851263488000000,-1;-1;-1,-9
synthesized/except_one/groupCard/large/root_59.uvl,-3;-3;-3,-4,4.54;4.46;6.21,472595,0.45;0.45;0.45,-3;-3;-3,-4,10.04;10.00;10.05,122220152167121910536264580519338572650042581301186887723725920650091425148953569951523948310350280758624084745182196564046150915203101167733597798400000000,-1;-1;-1,-9
synthesized/except_one/groupCard/large/root_5.uvl,-3;-3;-3,-4,-3;-3;-3,-4,-3;-3;-3,-3;-3;-3,-4,-3;-3;-3,-4,-3;-3;-3,-4
synthesized/except_one/groupCard/large/root_60.uvl,-3;-3;-3,-4,-3;-3;-3,-4,-3;-3;-3,-3;-3;-3,-4,-3;-3;-3,-4,-3;-3;-3,-4
synthesized/except_one/groupCard/large/root_61.uvl,-3;-3;-3,-4,-3;-3;-3,-4,-3;-3;-3,-3;-3;-3,-4,-3;-3;-3,-4,-3;-3;-3,-4
synthesized/except_one/groupCard/large/root_62.uvl,-3;-1;-3,-4,4.59;5.36;4.23,501218,0.46;0.46;0.47,-3;-3;-3,-4,9.98;9.71;9.59,28085399611216666270366377589349699032775769239825554979556122730495518137979428820323031505174528000000,-1;-1;-1,-9
synthesized/except_one/groupCard/large/root_63.uvl,-1;-3;-1,-4,4.97;5.34;3.83,356605,0.33;0.34;0.33,-3;-3;-3,-4,10.67;10.86;10.16,842875358285824373643852641915430840605208496047860258793046408687166045552640000,-1;-1;-1,-9
synthesized/except_one/groupCard/large/root_64.uvl,-1;-1;-1,-4,3.64;2.65;3.00,78165,0.08;0.08;0.09,-3;-3;-3,-4,0.37;0.37;0.37,16463795090720606205255667450395337786208649669626304719312805370928511841644528607816828882422217904861554781556452611595667405663754637711163651440911058757866966039495739082592972620496771009740800000,-3;-3;-3,-9
synthesized/except_one/groupCard/large/root_65.uvl,-3;-3;-3,-4,-3;-3;-3,-4,-3;-3;-3,-3;-3;-3,-4,-3;-3;-3,-4,-3;-3;-3,-4
synthesized/except_one/groupCard/large/root_66.uvl,-3;-3;-3,-4,3.18;-3;-3,189324,0.18;0.19;0.19,-3;-3;-3,-4,1.10;1.08;1.41,67715725346885351793831789290789871763520280573458121850261517520674488320000000,-1;-1;-1,-9
synthesized/except_one/groupCard/large/root_67.uvl,-1;-1;-1,-4,3.17;2.56;2.75,61939,0.07;0.06;0.07,-3;-3;-3,-4,0.26;0.32;0.26,37499022646267039882713332713394325357513757358923712624404725812229796921741620019200000000000,-3;-3;-3,-9
synthesized/except_one/groupCard/large/root_68.uvl,-1;-1;-1,-4,4.44;3.47;3.38,291576,0.28;0.27;0.28,-3;-3;-3,-4,1.12;1.16;1.15,150568353703037029034033333581631705266053952413416881906197620397407518690083386248591699999427195464595624761525466386175779612859267912997543880949760000000,-1;-1;-1,-9
synthesized/except_one/groupCard/large/root_69.uvl,-1;-1;-1,-4,4.26;3.19;3.87,203651,0.19;0.20;0.20,-3;-3;-3,-4,3.05;3.58;3.62,841371478447045046312664249189064368567712397473262599577394282747490430814533992312488383323869970622840832000000000,-1;-1;-1,-9
synthesized/except_one/groupCard/large/root_6.uvl,-3;-3;-1,-4,4.09;-3;4.66,303471,0.29;0.29;0.29,-3;-3;-3,-4,4.69;4.62;4.41,16403001277254969514927632604320895101644275490822772785770066231126910828544000,-1;-1;-1,-9
synthesized/except_one/groupCard/large/root_70.uvl,-1;-1;-1,-4,3.07;2.53;3.30,53630,0.06;0.06;0.06,-3;-3;-3,-4,0.27;0.26;0.28,629056969126057500071956103102802808759478545426907902598461299028123372654130117132289902185863166697041896528047348121600,-3;-3;-3,-9
synthesized/except_one/groupCard/large/root_71.uvl,-1;-1;-1,-4,3.10;2.91;2.97,94413,0.10;0.09;0.09,-3;-3;-3,-4,0.33;0.33;0.37,773527885582767650086555420641351631745425066581097013589621866496000000,-1;-1;-1,-9
synthesized/except_one/groupCard/large/root_72.uvl,-1;-1;-1,-4,2.82;2.93;2.97,106411,0.11;0.11;0.12,-3;-3;-3,-4,2.38;2.36;2.29,187399389439820989461797546033028542054490419200047101315694093926400000,-1;-1;-1,-9
synthesized/except_one/groupCard/large/root_73.uvl,-3;-3;-3,-4,4.13;-3;-3,115599,0.13;0.13;0.12,-3;-3;-3,-4,1.16;1.81;1.22,81791258742460280773155476239896712463602671737795991358615471574990538670080,-1;-1;-1,-9
synthesized/except_one/groupCard/large/root_74.uvl,-1;-1;-1,-4,8.76;-3;7.14,951766,0.94;0.92;0.93,-3;-3;-3,-4,-1;-1;-1,-9,-1;-1;-1,-9
synthesized/except_one/groupCard/large/root_75.uvl,-1;-1;-1,-4,3.69;3.68;3.62,80080,0.09;0.08;0.08,-3;-3;-3,-4,0.29;0.29;0.29,245096048927424371523763335726688663270404483000168307752960000,-3;-3;-3,-9
synthesized/except_one/groupCard/large/root_76.uvl,-3;-3;-3,-4,-3;-3;-3,-4,-3;-3;-3,-3;-3;-3,-4,-3;-3;-3,-4,-3;-3;-3,-4
synthesized/except_one/groupCard/large/root_77.uvl,-1;-1;-1,-4,3.64;3.18;3.54,103491,0.11;0.11;0.11,-3;-3;-3,-4,0.39;0.38;0.38,116455580885046389721042533679679979208146518278144000000,-1;-1;-1,-9
synthesized/except_one/groupCard/large/root_78.uvl,-1;-1;-1,-4,-3;3.17;3.23,152535,0.14;0.15;0.15,-3;-3;-3,-4,0.48;0.48;0.48,18453610881385781591354153123337841305432056021634497941969305600000,-1;-1;-1,-9
synthesized/except_one/groupCard/large/root_79.uvl,-3;-3;-3,-4,-3;4.43;6.49,486695,0.46;0.48;0.49,-3;-3;-3,-4,-1;-1;-1,-9,-1;-1;-1,-9
synthesized/except_one/groupCard/large/root_7.uvl,-1;-1;-1,-4,3.39;4.63;4.22,199704,0.20;0.19;0.19,-3;-3;-3,-4,1.54;1.55;1.60,836657415128697243326363308455652940029028299535583415647281285022351360000,-2;-2;-1,-9
synthesized/except_one/groupCard/large/root_80.uvl,-1;-1;-1,-4,2.84;3.29;2.87,99034,0.15;0.11;0.12,-3;-3;-3,-4,0.38;0.38;0.36,5773939417961721113579496661890535511973517081468200206747288314049089616476761664731205987733207062821608014038958080,-1;-1;-1,-9
synthesized/except_one/groupCard/large/root_81.uvl,-3;-3;-3,-4,-3;5.81;-3,814765,0.71;0.71;0.71,-3;-3;-3,-4,1.98;1.95;2.48,1885539866504313492019688658847144379129946908842688084562436504438812306309120000000,-1;-1;-1,-9
synthesized/except_one/groupCard/large/root_82.uvl,-1;-1;-1,-4,6.72;2.96;3.26,66112,0.07;0.07;0.07,-3;-3;-3,-4,0.31;0.29;0.31,158255596806592950336917382494865354568665312474152380183180510876648003367677363674130543965318309481609096891858351874381827843218932793291571200000,-3;-3;-3,-9
synthesized/except_one/groupCard/large/root_83.uvl,-1;-1;-1,-4,3.14;3.78;3.51,205921,0.20;0.19;0.19,-3;-3;-3,-4,0.63;0.60;0.60,995517807439688581218546860877066569638244033495040000,-1;-1;-1,-9
synthesized/except_one/groupCard/large/root_84.uvl,-1;-1;-1,-4,3.72;4.38;3.72,149049,0.14;0.15;0.14,-3;-3;-3,-4,0.53;0.50;0.50,40327434664795767584793621676121230160166912000,-1;-1;-1,-9
synthesized/except_one/groupCard/large/root_85.uvl,-1;-1;-1,-4,4.04;3.05;3.44,120173,0.12;0.13;0.12,-3;-3;-3,-4,0.85;0.77;0.77,19830035788377478503196463339049449109763239029470155326021974804003558632416229814354509929381803062406658981363712000,-1;-1;-1,-9
synthesized/except_one/groupCard/large/root_86.uvl,-1;-1;-1,-4,3.27;3.75;3.14,126014,0.13;0.13;0.12,-3;-3;-3,-4,1.20;1.15;1.23,73396199547085158046526953124598763141774203117105393622330785031788394554574503936000000,-1;-1;-1,-9
synthesized/except_one/groupCard/large/root_87.uvl,-3;-3;-3,-4,-3;-3;-3,-4,-3;-3;-3,-3;-3;-3,-4,-3;-3;-3,-4,-3;-3;-3,-4
synthesized/except_one/groupCard/large/root_88.uvl,-1;-1;-1,-4,3.29;2.81;6.70,150641,0.15;0.15;0.15,-3;-3;-3,-4,0.75;0.58;0.57,305217171482852736741863969021491479010344960,-1;-1;-1,-9
synthesized/except_one/groupCard/large/root_89.uvl,-1;-1;-1,-4,2.65;3.19;3.15,65712,0.08;0.08;0.07,-3;-3;-3,-4,0.29;0.30;0.29,7637195977302255024061024403239198860862485687466658029086703740347700557837720616960000,-3;-3;-3,-9
synthesized/except_one/groupCard/large/root_8.uvl,-1;-1;-1,-4,3.74;2.92;3.28,61998,0.07;0.07;0.07,-3;-3;-3,-4,0.30;0.30;0.32,473771199992290563641774681836048514415606925930089292537308759480365222901975802327741868358978502656000,-3;-3;-3,-9
synthesized/except_one/groupCard/large/root_90.uvl,-3;-3;-3,-4,4.70;4.33;4.05,429312,0.43;0.57;0.45,-3;-3;-3,-4,-1;-1;-1,-9,-1;-1;-1,-9
synthesized/except_one/groupCard/large/root_91.uvl,-1;-1;-1,-4,3.45;3.50;3.47,119843,0.12;0.13;0.13,-3;-3;-3,-4,1.56;1.60;1.57,166996788021383901644875215844998155441544787911688994816483859989762152838516152162559451461761033756239249124818338766306184808890368000,-1;-1;-1,-9
synthesized/except_one/groupCard/large/root_92.uvl,-1;-3;-1,-4,3.63;4.48;4.25,333338,0.32;0.31;0.31,-3;-3;-3,-4,4.20;4.19;4.01,13395605223229244782092714550222513642180538268360744094893841652529889320332427264000000,-1;-1;-1,-9
synthesized/except_one/groupCard/large/root_93.uvl,-1;-1;-1,-4,4.69;4.34;3.96,165789,0.16;0.16;0.16,-3;-3;-3,-4,0.49;0.55;0.56,228028786900906650103524017139919270001486541619200000000,-1;-1;-1,-9
synthesized/except_one/groupCard/large/root_94.uvl,-1;-1;-1,-4,3.08;3.26;2.83,88640,0.09;0.09;0.09,-3;-3;-3,-4,1.27;1.35;1.25,391176659447580615851913218396972751393228007949491862473335901147327337438151719990301984203150105719603200,-1;-1;-1,-9
synthesized/except_one/groupCard/large/root_95.uvl,-3;-3;-3,-4,-3;-3;-3,-4,-3;-3;-3,-3;-3;-3,-4,-3;-3;-3,-4,-3;-3;-3,-4
synthesized/except_one/groupCard/large/root_96.uvl,-1;-1;-1,-4,2.91;2.55;2.95,64996,0.07;0.07;0.07,-3;-3;-3,-4,0.31;0.33;0.31,24411172153926671591948905134346426426584486364714247694152111941188739940795547648000000000,-3;-3;-3,-9
synthesized/except_one/groupCard/large/root_97.uvl,-1;-1;-1,-4,3.43;3.27;3.39,87581,0.09;0.09;0.10,-3;-3;-3,-4,0.42;0.41;0.41,37719888784099788202210900003674620065982945050224674015037135024200120829302826460167376251189743489266500799970672640000000,-1;-1;-1,-9
synthesized/except_one/groupCard/large/root_98.uvl,-3;-3;-3,-4,-3;-3;-3,-4,-3;-3;-3,-3;-3;-3,-4,-3;-3;-3,-4,-3;-3;-3,-4
synthesized/except_one/groupCard/large/root_99.uvl,-1;-1;-1,-4,3.58;2.81;2.92,69562,0.07;0.07;0.08,-3;-3;-3,-4,0.29;0.30;0.29,65265689829416070909657744528944881104135717077844769746675600269190517580404740195756769876145895436113610273243681753778844944302080000,-3;-3;-3,-9
synthesized/except_one/groupCard/large/root_9.uvl,-3;-3;-3,-4,-3;4.35;-3,168643,0.17;0.16;0.16,-3;-3;-3,-4,0.62;0.61;0.59,3398781354266412083763217187827910463201744563200405758441386691999334181820466357862400000,-1;-1;-1,-9
synthesized/except_one/groupCard/medium/root_100.uvl,-1;-1;-1,-4,1.82;1.80;1.92,36152,0.04;0.04;0.04,-3;-3;-3,-4,0.15;0.17;0.14,13939324267955138592768000,-1;-1;-1,-9
synthesized/except_one/groupCard/medium/root_10.uvl,-1;-1;-1,-4,2.12;2.15;2.11,116886,0.15;0.14;0.14,-3;-3;-3,-4,11.11;9.72;9.70,34322846903204579646145470665502582084711166771200000,-1;-1;-1,-9
synthesized/except_one/groupCard/medium/root_11.uvl,-1;-1;-1,-4,1.90;1.47;1.85,19988,0.02;0.02;0.02,-3;-3;-3,-4,0.06;0.12;0.07,2031691329699840,-3;-3;-3,-9
synthesized/except_one/groupCard/medium/root_12.uvl,-1;-1;-1,-4,1.67;1.74;1.68,13171,0.02;0.02;0.02,-3;-3;-3,-4,0.13;0.04;0.05,35067548978380800,-3;-3;-3,-9
synthesized/except_one/groupCard/medium/root_13.uvl,-1;-1;-1,-4,1.82;1.83;1.58,31132,0.03;0.03;0.03,-3;-3;-3,-4,0.08;0.08;0.08,1440,-3;-3;-3,-9
synthesized/except_one/groupCard/medium/root_14.uvl,-3;-3;-3,-4,2.36;2.42;2.46,149700,0.15;0.14;0.14,-3;-3;-3,-4,3.69;3.88;3.80,82268258523940877374085397447845431554779215331013427200,-1;-1;-1,-9
synthesized/except_one/groupCard/medium/root_15.uvl,-1;-1;-1,-4,1.84;2.15;1.92,50317,0.05;0.05;0.05,-3;-3;-3,-4,0.28;0.24;0.23,47546665040609280,-1;-1;-1,-9
synthesized/except_one/groupCard/medium/root_16.uvl,-1;-1;-1,-4,1.85;1.67;1.74,16197,0.02;0.02;0.02,-3;-3;-3,-4,0.05;0.05;0.05,38303114830786068480,-3;-3;-3,-9
synthesized/except_one/groupCard/medium/root_17.uvl,-1;-1;-1,-4,1.95;1.56;1.44,17034,0.02;0.02;0.02,-3;-3;-3,-4,0.05;0.06;0.05,68090745199439085082237123647578125890558383019397256891596800,-3;-3;-3,-9
synthesized/except_one/groupCard/medium/root_18.uvl,-1;-1;-1,-4,1.74;1.70;2.41,31771,0.04;0.08;0.03,-3;-3;-3,-4,0.11;0.11;0.10,665478317070077153771520,-3;-3;-3,-9
synthesized/except_one/groupCard/medium/root_19.uvl,-1;-1;-1,-4,1.76;1.86;1.63,41650,0.05;0.04;0.04,-3;-3;-3,-4,0.27;0.16;0.15,94003202895595221315684925440,-3;-3;-3,-9
synthesized/except_one/groupCard/medium/root_1.uvl,-1;-1;-1,-4,3.45;2.28;1.76,56651,0.10;0.08;0.09,-3;-3;-3,-4,0.14;0.13;0.14,371589120,-1;-1;-1,-9
synthesized/except_one/groupCard/medium/root_20.uvl,-1;-1;-1,-4,2.04;1.81;2.13,57970,0.06;0.06;0.06,-3;-3;-3,-4,0.18;0.14;0.13,72,-1;-1;-1,-9
synthesized/except_one/groupCard/medium/root_21.uvl,-1;-1;-1,-4,1.59;1.78;2.21,30302,0.03;0.04;0.04,-3;-3;-3,-4,0.09;0.09;0.10,47852207859311389119093223343605678080000,-3;-3;-3,-9
synthesized/except_one/groupCard/medium/root_22.uvl,-1;-1;-1,-4,1.91;1.82;1.72,29611,0.03;0.04;0.03,-3;-3;-3,-4,0.09;0.08;0.08,1052026469351424000,-3;-3;-3,-9
synthesized/except_one/groupCard/medium/root_23.uvl,-1;-1;-1,-4,1.80;1.83;1.95,41317,0.04;0.04;0.05,-3;-3;-3,-4,0.23;0.22;0.23,2211840,-3;-3;-3,-9
synthesized/except_one/groupCard/medium/root_24.uvl,-1;-1;-1,-4,1.55;1.98;1.68,12264,0.02;0.01;0.02,-3;-3;-3,-4,0.04;0.04;0.05,26614577881911721930303583137510195200,-3;-3;-3,-9
synthesized/except_one/groupCard/medium/root_25.uvl,-1;-1;-1,-4,1.79;1.74;1.48,18976,0.02;0.02;0.02,-3;-3;-3,-4,0.06;0.06;0.06,677841972756480,-3;-3;-3,-9
synthesized/except_one/groupCard/medium/root_26.uvl,-1;-1;-1,-4,1.61;1.78;1.85,15348,0.02;0.02;0.02,-3;-3;-3,-4,0.04;0.04;0.04,2512555868160,-3;-3;-3,-9
synthesized/except_one/groupCard/medium/root_27.uvl,-1;-1;-1,-4,1.82;1.71;1.73,20541,0.02;0.02;0.07,-3;-3;-3,-4,0.06;0.06;0.06,751447478108160,-3;-3;-3,-9
synthesized/except_one/groupCard/medium/root_28.uvl,-1;-1;-1,-4,2.05;1.66;1.72,19698,0.02;0.02;0.03,-3;-3;-3,-4,0.06;0.07;0.06,241856810788677746688000,-3;-3;-3,-9
synthesized/except_one/groupCard/medium/root_29.uvl,-1;-1;-1,-4,1.68;1.53;1.44,14359,0.02;0.02;0.02,-3;-3;-3,-4,0.05;0.05;0.05,6718449981895278788005002405480973624934400,-3;-3;-3,-9
synthesized/except_one/groupCard/medium/root_2.uvl,-1;-1;-1,-4,1.59;1.56;1.57,18947,0.02;0.02;0.02,-3;-3;-3,-4,0.05;0.05;0.05,9059696640000,-3;-3;-3,-9
synthesized/except_one/groupCard/medium/root_30.uvl,-1;-1;-1,-4,1.56;1.50;1.56,16080,0.02;0.02;0.02,-3;-3;-3,-4,0.11;0.06;0.06,1778786392978803916800,-3;-3;-3,-9
synthesized/except_one/groupCard/medium/root_31.uvl,-3;-3;-3,-4,2.27;2.33;2.27,171603,0.17;0.16;0.17,-3;-3;-3,-4,10.30;10.27;10.32,109315521355128021304753892641389442391846023023613059613972114095324,-1;-1;-1,-9
synthesized/except_one/groupCard/medium/root_32.uvl,-1;-1;-1,-4,1.68;1.54;1.95,12378,0.02;0.02;0.02,-3;-3;-3,-4,0.13;0.04;0.04,77309411328,-3;-3;-3,-9
synthesized/except_one/groupCard/medium/root_33.uvl,-1;-1;-1,-4,1.60;1.82;1.86,19359,0.02;0.02;0.03,-3;-3;-3,-4,0.06;0.16;0.17,358746592326451200,-3;-3;-3,-9
synthesized/except_one/groupCard/medium/root_34.uvl,-1;-1;-1,-4,1.67;2.05;2.18,55808,0.06;0.06;0.06,-3;-3;-3,-4,0.18;0.18;0.18,7421703487488,-1;-1;-1,-9
synthesized/except_one/groupCard/medium/root_35.uvl,-1;-1;-1,-4,1.92;1.64;1.67,18979,0.02;0.02;0.02,-3;-3;-3,-4,0.10;0.08;0.07,1226451955720811945948060351201280,-3;-3;-3,-9
synthesized/except_one/groupCard/medium/root_36.uvl,-1;-1;-1,-4,2.10;2.85;1.58,33042,0.04;0.04;0.04,-3;-3;-3,-4,0.10;0.10;0.10,17317308137472,-3;-3;-3,-9
synthesized/except_one/groupCard/medium/root_37.uvl,-1;-1;-1,-4,1.53;1.51;4.13,17545,0.02;0.02;0.02,-3;-3;-3,-4,0.05;0.05;0.12,12927301255390298112,-3;-3;-3,-9
synthesized/except_one/groupCard/medium/root_38.uvl,-1;-1;-1,-4,1.44;1.54;2.06,20164,0.02;0.02;0.02,-3;-3;-3,-4,0.06;0.06;0.06,393216,-1;-1;-1,-9
synthesized/except_one/groupCard/medium/root_39.uvl,-1;-1;-1,-4,1.54;1.75;1.69,13261,0.02;0.02;0.02,-3;-3;-3,-4,0.04;0.05;0.05,25248635264434176,-3;-3;-3,-9
synthesized/except_one/groupCard/medium/root_3.uvl,-1;-1;-1,-4,1.94;2.12;2.17,81415,0.08;0.08;0.08,-3;-3;-3,-4,0.30;0.31;0.32,416337700856859212827852800,-1;-1;-1,-9
synthesized/except_one/groupCard/medium/root_40.uvl,-1;-1;-1,-4,1.71;1.67;1.68,14407,0.02;0.02;0.02,-3;-3;-3,-4,0.05;0.05;0.05,8207810320882728960000,-3;-3;-3,-9
synthesized/except_one/groupCard/medium/root_41.uvl,-1;-1;-1,-4,1.68;1.79;1.72,12310,0.02;0.02;0.02,-3;-3;-3,-4,0.04;0.04;0.08,23552258550313978123014331349342355456,-3;-3;-3,-9
synthesized/except_one/groupCard/medium/root_42.uvl,-1;-1;-1,-4,1.66;1.92;1.69,38964,0.04;0.04;0.04,-3;-3;-3,-4,0.22;0.22;0.31,72258529256034513507078635520,-1;-1;-1,-9
synthesized/except_one/groupCard/medium/root_43.uvl,-1;-1;-1,-4,1.72;1.74;1.93,51489,0.06;0.06;0.06,-3;-3;-3,-4,0.33;0.31;0.44,26670911381914437139737348145152,-1;-1;-1,-9
synthesized/except_one/groupCard/medium/root_44.uvl,-1;-1;-1,-4,1.75;1.65;1.55,20223,0.02;0.02;0.02,-3;-3;-3,-4,0.06;0.06;0.06,18702692788469760,-3;-3;-3,-9
synthesized/except_one/groupCard/medium/root_45.uvl,-1;-1;-1,-4,3.84;4.15;3.84,583970,0.53;0.54;0.53,-3;-3;-3,-4,1.54;1.52;1.46,79933889228770206108728855422304256,-1;-1;-1,-9
synthesized/except_one/groupCard/medium/root_46.uvl,-1;-1;-1,-4,1.46;1.53;1.70,11944,0.01;0.02;0.01,-3;-3;-3,-4,0.04;0.04;0.04,2771370439310242742658603320711577600,-3;-3;-3,-9
synthesized/except_one/groupCard/medium/root_47.uvl,-1;-1;-1,-4,1.38;1.45;1.91,9786,0.01;0.02;0.03,-3;-3;-3,-4,0.03;0.03;0.03,80530636800,-3;-3;-3,-9
synthesized/except_one/groupCard/medium/root_48.uvl,-1;-1;-1,-4,1.76;1.65;1.74,42245,0.04;0.07;0.04,-3;-3;-3,-4,0.11;0.41;0.15,32061759065948160,-3;-3;-3,-9
synthesized/except_one/groupCard/medium/root_49.uvl,-1;-1;-1,-4,2.18;2.35;1.88,24230,0.03;0.03;0.03,-3;-3;-3,-4,0.10;0.07;0.07,227886968000993034240,-3;-3;-3,-9
synthesized/except_one/groupCard/medium/root_4.uvl,-1;-1;-1,-4,1.58;1.70;1.40,17989,0.02;-9;0.02,-3;-3;-3,-4,0.05;0.05;0.05,5160960,-1;-1;-1,-9
synthesized/except_one/groupCard/medium/root_50.uvl,-1;-1;-1,-4,2.35;2.49;2.36,174556,0.17;0.16;0.18,-3;-3;-3,-4,2.07;2.07;2.11,6170194930821158847653318675666090245876087197403435472149129457489951271989809250304,-1;-1;-1,-9
synthesized/except_one/groupCard/medium/root_51.uvl,-1;-1;-1,-4,1.76;1.85;2.00,34461,0.04;0.04;0.04,-3;-3;-3,-4,0.23;0.65;0.29,44265747036810667622400,-3;-3;-3,-9
synthesized/except_one/groupCard/medium/root_52.uvl,-3;-3;-3,-4,2.67;2.60;2.65,249377,-9;-9;0.24,-3;-3;-3,-4,11.83;8.06;8.23,148765431885551563587770978430716192016501081572315921129668608000000,-1;-1;-1,-9
synthesized/except_one/groupCard/medium/root_53.uvl,-1;-1;-1,-4,1.62;1.63;1.60,18276,0.02;0.07;0.04,-3;-3;-3,-4,0.05;0.10;0.11,24923024920967172616946382380256460800,-3;-3;-3,-9
synthesized/except_one/groupCard/medium/root_54.uvl,-1;-1;-1,-4,1.54;1.50;1.83,27496,0.03;0.03;0.03,-3;-3;-3,-4,0.09;0.10;0.08,452984832,-1;-1;-1,-9
synthesized/except_one/groupCard/medium/root_55.uvl,-1;-1;-1,-4,1.99;1.61;1.76,34100,0.04;0.04;0.05,-3;-3;-3,-4,0.11;0.11;0.11,27268899426961144676352,-3;-3;-3,-9
synthesized/except_one/groupCard/medium/root_56.uvl,-1;-1;-1,-4,1.93;1.97;2.00,106410,0.10;0.10;0.10,-3;-3;-3,-4,0.65;0.78;0.70,742779160027019236784209920,-1;-1;-1,-9
synthesized/except_one/groupCard/medium/root_57.uvl,-1;-1;-1,-4,1.56;1.98;1.93,19562,0.05;0.02;0.02,-3;-3;-3,-4,0.07;0.07;0.07,268464004647616512,-3;-3;-3,-9
synthesized/except_one/groupCard/medium/root_58.uvl,-1;-1;-1,-4,2.02;1.67;1.76,13320,0.02;0.02;0.02,-3;-3;-3,-4,0.04;0.04;0.10,45298483200,-3;-3;-3,-9
synthesized/except_one/groupCard/medium/root_59.uvl,-1;-1;-1,-4,1.65;1.45;1.73,15132,0.02;0.02;0.02,-3;-3;-3,-4,0.05;0.05;0.06,16415620641765457920000,-3;-3;-3,-9
synthesized/except_one/groupCard/medium/root_5.uvl,2.27;2.34;1.99,53813,1.71;1.68;1.97,24079,0.03;0.03;0.03,0.11;0.09;0.10,96,0.06;0.06;0.06,96,0.70;0.80;1.20,96
synthesized/except_one/groupCard/medium/root_60.uvl,-1;-1;-1,-4,2.03;1.90;1.84,13276,0.02;0.02;0.02,-3;-3;-3,-4,0.04;0.05;0.05,876632616381154590720,-3;-3;-3,-9
synthesized/except_one/groupCard/medium/root_61.uvl,-1;-1;-1,-4,1.56;1.95;1.53,16728,0.02;0.02;0.02,-3;-3;-3,-4,0.05;0.05;0.09,594542592,-3;-3;-3,-9
synthesized/except_one/groupCard/medium/root_62.uvl,-1;-1;-1,-4,1.60;1.83;1.72,31201,0.03;0.03;-9,-3;-3;-3,-4,0.08;0.08;0.08,65536,-1;-1;-1,-9
synthesized/except_one/groupCard/medium/root_63.uvl,-1;-1;-3,-4,2.38;2.46;2.46,110969,-9;0.10;0.11,-3;-3;-3,-4,1.30;1.33;1.39,21020718047932651219931413610496,-3;-3;-3,-4
synthesized/except_one/groupCard/medium/root_64.uvl,-1;-1;-1,-4,1.60;1.80;1.67,35430,0.04;0.04;0.04,-3;-3;-3,-4,0.11;0.11;0.12,85498024175861760,-3;-3;-3,-9
synthesized/except_one/groupCard/medium/root_65.uvl,-1;-1;-1,-4,1.53;1.51;1.64,18876,0.02;0.02;0.02,-3;-3;-3,-4,0.06;8.30;0.12,1612431360,-3;-3;-3,-9
synthesized/except_one/groupCard/medium/root_66.uvl,-1;-1;-1,-4,1.74;1.78;1.71,38236,-9;-9;0.04,-3;-3;-3,-4,0.72;0.72;0.82,1056649373626304809749404712960,-1;-1;-1,-9
synthesized/except_one/groupCard/medium/root_67.uvl,-3;-3;-3,-4,2.59;2.46;3.21,231322,0.22;0.22;0.21,-3;-3;-3,-4,253.97;264.29;258.44,157927545168617831501698805594903633269798904650238118120844060262400,-1;-1;-1,-9
synthesized/except_one/groupCard/medium/root_68.uvl,-1;-1;-1,-4,1.59;1.46;1.69,16514,0.02;0.02;0.02,-3;-3;-3,-4,0.13;0.07;0.07,5432686952841216,-3;-3;-3,-9
synthesized/except_one/groupCard/medium/root_69.uvl,-1;-1;-1,-4,1.82;1.71;1.76,18321,0.02;0.02;0.02,-3;-3;-3,-4,0.05;0.05;0.05,360287970189639680,-3;-3;-3,-9
synthesized/except_one/groupCard/medium/root_6.uvl,-1;-1;-1,-4,1.86;1.69;1.71,27901,0.03;0.04;0.04,-3;-3;-3,-4,0.26;0.15;0.15,3288114477028188283207680000,-3;-3;-3,-9
synthesized/except_one/groupCard/medium/root_70.uvl,-1;-1;-1,-4,1.64;1.45;1.81,12573,0.02;0.01;0.02,-3;-3;-3,-4,0.04;0.04;0.04,7077888,16.02;16.99;17.18,7077888
synthesized/except_one/groupCard/medium/root_71.uvl,-1;-1;-1,-4,2.06;1.88;1.52,15707,0.02;0.02;0.02,-3;-3;-3,-4,0.13;0.09;0.08,704643072,-3;-3;-3,-9
synthesized/except_one/groupCard/medium/root_72.uvl,-1;-1;-1,-4,1.61;1.74;1.63,11850,0.01;0.01;0.01,-3;-3;-3,-4,0.04;0.04;0.04,91197892454252544,-3;-3;-3,-9
synthesized/except_one/groupCard/medium/root_73.uvl,-1;-1;-1,-4,2.22;1.93;1.96,52177,0.05;0.05;0.08,-3;-3;-3,-4,0.29;0.30;0.27,1589673679388524716986021053464576,-3;-3;-3,-9
synthesized/except_one/groupCard/medium/root_74.uvl,-1;-1;-1,-4,1.93;1.72;1.81,34768,0.04;0.04;0.03,-3;-3;-3,-4,0.09;0.11;0.10,45425000051638272,-3;-3;-3,-9
synthesized/except_one/groupCard/medium/root_75.uvl,-1;-1;-1,-4,1.48;2.09;1.84,17120,0.03;0.05;0.03,-3;-3;-3,-4,0.05;0.05;0.18,589824,-3;-3;-3,-9
synthesized/except_one/groupCard/medium/root_76.uvl,-1;-1;-1,-4,1.66;1.73;1.50,10108,0.01;0.01;0.01,-3;-3;-3,-4,0.03;0.03;0.04,3221225472000,-3;-3;-3,-9
synthesized/except_one/groupCard/medium/root_77.uvl,-1;-1;-1,-4,2.19;1.93;2.28,76060,0.07;0.07;0.07,-3;-3;-3,-4,0.34;0.34;0.34,20173353342649390596096,-1;-1;-1,-9
synthesized/except_one/groupCard/medium/root_78.uvl,-1;-1;-1,-4,2.03;1.98;1.90,29885,0.03;0.03;0.03,-3;-3;-3,-4,0.08;0.09;0.09,405874409472,-3;-3;-3,-9
synthesized/except_one/groupCard/medium/root_79.uvl,-1;-1;-1,-4,1.56;1.61;1.94,23979,0.03;0.03;0.03,-3;-3;-3,-4,0.07;0.07;0.07,1350729847689330032640,-3;-3;-3,-9
synthesized/except_one/groupCard/medium/root_7.uvl,-1;-1;-1,-4,2.07;1.79;1.60,28072,0.04;0.03;0.04,-3;-3;-3,-4,0.09;0.09;0.08,7694822175827558400,-3;-3;-3,-9
synthesized/except_one/groupCard/medium/root_80.uvl,-1;-1;-1,-4,1.74;1.88;1.76,13635,0.02;0.02;0.02,-3;-3;-3,-4,0.05;0.05;0.05,11808135719421061767490437120,-3;-3;-3,-9
synthesized/except_one/groupCard/medium/root_81.uvl,-1;-1;-1,-4,1.58;1.93;1.58,13842,0.03;0.02;0.02,-3;-3;-3,-4,0.04;0.04;0.04,193273528320,-3;-3;-3,-9
synthesized/except_one/groupCard/medium/root_82.uvl,-1;-1;-1,-4,1.82;1.90;1.69,18043,0.02;0.02;0.02,-3;-3;-3,-4,0.05;0.14;0.13,45598946227126272,-3;-3;-3,-9
synthesized/except_one/groupCard/medium/root_83.uvl,-3;-3;-3,-4,2.43;2.56;2.53,208307,0.20;0.21;0.22,-3;-3;-3,-4,3.13;4.02;3.10,1370190013975568903247992406412927360086201609312043334760542696705298458768796391833600,-1;-1;-1,-9
synthesized/except_one/groupCard/medium/root_84.uvl,-1;-1;-1,-4,1.51;1.62;1.97,30828,0.03;0.03;0.03,-3;-3;-3,-4,0.10;0.09;0.09,603983232,-1;-1;-1,-9
synthesized/except_one/groupCard/medium/root_85.uvl,-1;-1;-3,-4,1.86;1.94;1.92,82617,0.09;0.09;0.08,-3;-3;-3,-4,0.23;0.24;0.24,7079314257207252086127446073714405059439840920076288,-1;-1;-1,-9
synthesized/except_one/groupCard/medium/root_86.uvl,-1;-1;-1,-4,1.72;1.68;2.24,30395,0.04;0.03;0.03,-3;-3;-3,-4,0.10;0.08;0.08,307792887033102336,-3;-3;-3,-9
synthesized/except_one/groupCard/medium/root_87.uvl,-1;-1;-1,-4,1.65;2.15;1.56,14348,0.02;0.02;0.02,-3;-3;-3,-4,0.04;0.04;0.05,3530015062805244071116800,-3;-3;-3,-9
synthesized/except_one/groupCard/medium/root_88.uvl,-1;-1;-1,-4,1.98;3.50;1.92,60554,0.06;0.06;0.06,-3;-3;-3,-4,0.21;0.17;0.24,132120576,-1;-1;-1,-9
synthesized/except_one/groupCard/medium/root_89.uvl,-1;-1;-1,-4,1.79;2.27;2.11,106281,0.11;0.10;0.10,-3;-3;-3,-4,2.90;2.94;2.86,44987736699116070721742973173760,-1;-1;-1,-9
synthesized/except_one/groupCard/medium/root_8.uvl,-1;-1;-1,-4,1.71;1.67;1.42,20784,0.02;0.02;0.02,-3;-3;-3,-4,0.05;0.06;0.15,5191630848,-3;-3;-3,-9
synthesized/except_one/groupCard/medium/root_90.uvl,-1;-1;-1,-4,1.72;1.57;1.71,13766,0.02;0.02;0.02,-3;-3;-3,-4,0.05;0.09;0.09,3035065860877524664320,-3;-3;-3,-9
synthesized/except_one/groupCard/medium/root_91.uvl,-1;-1;-1,-4,1.94;1.83;1.85,17835,0.02;0.02;0.03,-3;-3;-3,-4,0.15;0.06;0.05,4078196144786931573269200896,-3;-3;-3,-9
synthesized/except_one/groupCard/medium/root_92.uvl,-1;-1;-1,-4,1.78;1.83;2.04,30460,0.03;0.03;0.03,-3;-3;-3,-4,0.08;0.08;0.11,1419400791982080,-3;-3;-3,-9
synthesized/except_one/groupCard/medium/root_93.uvl,-1;-1;-1,-4,1.72;1.85;1.94,32068,0.03;0.04;0.03,-3;-3;-3,-4,0.09;0.09;0.09,8624831201280,-3;-3;-3,-9
synthesized/except_one/groupCard/medium/root_94.uvl,-1;-1;-1,-4,1.78;1.87;2.02,15840,0.02;0.02;0.03,-3;-3;-3,-4,0.05;0.05;0.05,5435817984,-3;-3;-3,-9
synthesized/except_one/groupCard/medium/root_95.uvl,-1;-1;-1,-4,1.66;1.70;1.50,29800,0.03;0.03;0.04,-3;-3;-3,-4,0.08;0.08;0.08,28085059584,-3;-3;-3,-9
synthesized/except_one/groupCard/medium/root_96.uvl,-1;-1;-1,-4,1.51;3.06;1.63,11542,0.01;0.06;0.01,-3;-3;-3,-4,0.11;0.05;0.05,1021999790665410122123657592480391495680,-3;-3;-3,-9
synthesized/except_one/groupCard/medium/root_97.uvl,-1;-1;-1,-4,1.88;1.87;1.80,49022,0.05;0.05;0.05,-3;-3;-3,-4,0.12;0.12;0.12,13701281218560,-3;-3;-3,-9
synthesized/except_one/groupCard/medium/root_98.uvl,-1;-1;-1,-4,2.19;2.22;2.25,43520,0.05;0.05;0.05,-3;-3;-3,-4,0.25;0.25;0.25,80368819661177708493328728728872560343270733905920,-3;-3;-3,-9
synthesized/except_one/groupCard/medium/root_99.uvl,-1;-1;-1,-4,2.18;1.66;1.53,27790,0.03;0.03;0.03,-3;-3;-3,-4,0.08;0.11;0.07,29807416631623680,-3;-3;-3,-9
synthesized/except_one/groupCard/medium/root_9.uvl,-1;-1;-1,-4,1.84;1.54;1.54,21622,0.03;0.03;0.02,-3;-3;-3,-4,0.07;0.07;0.07,763326359842093793280,-3;-3;-3,-9
synthesized/except_one/groupCard/small/root_100.uvl,-1;-1;-1,-4,0.93;1.02;0.90,1961,0.00;0.00;0.00,-3;-3;-3,-4,0.05;0.01;0.01,16,-3;-3;-3,-9
synthesized/except_one/groupCard/small/root_10.uvl,-1;-1;-1,-4,0.78;0.83;0.82,2327,0.00;0.00;0.00,-3;-3;-3,-4,0.01;0.01;0.01,786432,-3;-3;-3,-9
synthesized/except_one/groupCard/small/root_11.uvl,-1;-1;-1,-4,0.81;0.81;0.89,3954,0.01;0.01;0.01,-3;-3;-3,-4,0.01;0.01;0.01,2,-3;-3;-3,-9
synthesized/except_one/groupCard/small/root_12.uvl,-1;-1;-1,-4,0.90;0.83;0.94,3426,0.01;0.01;0.00,-3;-3;-3,-4,0.01;0.01;0.06,491520,-3;-3;-3,-9
synthesized/except_one/groupCard/small/root_13.uvl,-1;-1;-1,-4,0.88;0.92;0.98,1778,0.00;0.00;0.00,-3;-3;-3,-4,0.01;0.01;0.01,72,-3;-3;-3,-9
synthesized/except_one/groupCard/small/root_14.uvl,-1;-1;-1,-4,1.02;0.85;1.00,1744,0.00;0.00;0.00,-3;-3;-3,-4,0.01;0.01;0.07,3072,-3;-3;-3,-9
synthesized/except_one/groupCard/small/root_15.uvl,-1;-1;-1,-4,0.91;0.88;0.86,2142,0.00;0.00;0.00,-3;-3;-3,-4,0.01;0.01;0.01,1152,-3;-3;-3,-9
synthesized/except_one/groupCard/small/root_16.uvl,-1;-1;-1,-4,0.99;0.95;0.87,4470,0.01;0.02;0.01,-3;-3;-3,-4,0.05;0.08;0.06,72,-3;-3;-3,-9
synthesized/except_one/groupCard/small/root_17.uvl,-1;-1;-1,-4,1.43;0.98;0.99,16941,0.02;0.02;0.02,-3;-3;-3,-4,0.07;0.07;0.07,47996928,-3;-3;-3,-9
synthesized/except_one/groupCard/small/root_18.uvl,-1;-1;-1,-4,1.03;1.06;0.89,9728,0.01;0.01;0.01,-3;-3;-3,-4,0.08;0.04;0.04,9242334684774400,-3;-3;-3,-9
synthesized/except_one/groupCard/small/root_19.uvl,-1;-1;-1,-4,0.90;0.95;0.83,1761,0.00;0.00;0.00,-3;-3;-3,-4,0.01;0.01;0.01,128,0.03;0.02;0.20,128
synthesized/except_one/groupCard/small/root_1.uvl,-1;-1;-1,-4,0.75;0.85;0.79,1729,0.00;0.00;0.00,-3;-3;-3,-4,0.01;0.01;0.08,64,0.02;0.02;0.02,64
synthesized/except_one/groupCard/small/root_20.uvl,-1;-1;-1,-4,0.90;0.88;1.14,3832,0.01;0.01;0.01,-3;-3;-3,-4,0.02;0.02;0.02,921600,-3;-3;-3,-9
synthesized/except_one/groupCard/small/root_21.uvl,-1;-1;-1,-4,0.81;0.78;1.17,3486,0.01;0.01;0.01,-3;-3;-3,-4,0.01;0.01;0.01,4,-3;-3;-3,-9
synthesized/except_one/groupCard/small/root_22.uvl,1.09;0.93;0.92,3511,0.95;0.88;0.80,3108,0.00;0.00;0.00,0.09;0.09;0.09,1,0.01;0.01;0.01,1,0.04;0.04;0.30,1
synthesized/except_one/groupCard/small/root_23.uvl,-1;-1;-1,-4,1.10;0.95;1.02,10285,0.01;0.01;0.01,-3;-3;-3,-4,0.04;0.04;0.04,380928,-3;-3;-3,-9
synthesized/except_one/groupCard/small/root_24.uvl,-1;-1;-1,-4,0.90;0.80;0.98,3184,0.02;0.00;0.00,-3;-3;-3,-4,0.01;0.01;0.01,256,-3;-3;-3,-9
synthesized/except_one/groupCard/small/root_25.uvl,-1;-1;-1,-4,1.07;0.92;0.98,4196,0.01;0.01;0.01,-3;-3;-3,-4,0.02;0.02;0.02,73728,-3;-3;-3,-9
synthesized/except_one/groupCard/small/root_26.uvl,-1;-1;-1,-4,1.20;1.24;1.11,19202,0.02;0.02;0.02,-3;-3;-3,-4,0.11;0.11;0.11,62193780,-1;-1;-1,-9
synthesized/except_one/groupCard/small/root_27.uvl,-1;-1;-1,-4,1.02;1.04;1.41,23590,0.03;0.03;0.02,-3;-3;-3,-4,0.07;0.08;0.08,24877021003776,-1;-1;-1,-9
synthesized/except_one/groupCard/small/root_28.uvl,-1;-1;-1,-4,0.96;1.03;1.04,7497,0.01;0.01;0.01,-3;-3;-3,-4,0.03;0.02;0.03,104448,-3;-3;-3,-9
synthesized/except_one/groupCard/small/root_29.uvl,-1;-1;-1,-4,0.85;1.03;0.94,11174,0.01;0.01;0.01,-3;-3;-3,-4,0.04;0.12;0.09,18414720,-3;-3;-3,-9
synthesized/except_one/groupCard/small/root_2.uvl,-1;-1;-1,-4,0.87;0.75;0.83,2136,0.03;0.01;0.00,-3;-3;-3,-4,0.01;0.01;0.01,393216,-3;-3;-3,-9
synthesized/except_one/groupCard/small/root_30.uvl,-1;-1;-1,-4,0.92;0.76;0.88,4160,0.02;0.05;0.01,-3;-3;-3,-4,0.02;0.02;0.02,4325376,0.05;0.05;0.05,4325376
synthesized/except_one/groupCard/small/root_31.uvl,-1;-1;-1,-4,0.75;0.80;0.88,3370,0.00;0.00;0.00,-3;-3;-3,-4,0.01;0.01;0.01,124800,-3;-3;-3,-9
synthesized/except_one/groupCard/small/root_32.uvl,-1;-1;-1,-4,1.05;1.00;0.74,3331,0.00;0.03;0.00,-3;-3;-3,-4,0.01;0.01;0.05,48,-3;-3;-3,-9
synthesized/except_one/groupCard/small/root_33.uvl,-1;-1;-1,-4,0.80;1.03;0.79,2670,0.00;0.00;0.00,-3;-3;-3,-4,0.01;0.01;0.01,19584,-3;-3;-3,-9
synthesized/except_one/groupCard/small/root_34.uvl,-1;-1;-1,-4,1.38;0.86;0.88,2198,0.00;0.00;0.01,-3;-3;-3,-4,0.01;0.01;0.01,6144,-3;-3;-3,-9
synthesized/except_one/groupCard/small/root_35.uvl,-1;-1;-1,-4,0.99;1.15;0.85,7661,0.01;0.01;0.01,-3;-3;-3,-4,0.09;0.03;0.03,28661760,-3;-3;-3,-9
synthesized/except_one/groupCard/small/root_36.uvl,-1;-1;-1,-4,1.05;0.95;0.85,2176,0.00;0.00;0.01,-3;-3;-3,-4,0.01;0.01;0.01,55296,-3;-3;-3,-9
synthesized/except_one/groupCard/small/root_37.uvl,-1;-1;-1,-4,0.91;0.88;1.13,2419,0.00;0.00;0.00,-3;-3;-3,-4,0.01;0.01;0.01,4096,-3;-3;-3,-9
synthesized/except_one/groupCard/small/root_38.uvl,-1;-1;-1,-4,1.08;0.82;0.85,4682,0.01;0.01;0.01,-3;-3;-3,-4,0.02;0.02;0.02,1,-3;-3;-3,-9
synthesized/except_one/groupCard/small/root_39.uvl,-1;-1;-1,-4,0.89;0.96;1.20,10330,0.02;0.01;0.01,-3;-3;-3,-4,0.06;0.06;0.06,602112,0.21;0.18;0.30,602112
synthesized/except_one/groupCard/small/root_3.uvl,-1;-1;-1,-4,0.77;1.58;0.91,1958,0.00;0.00;0.00,-3;-3;-3,-4,0.03;0.07;0.01,1024,-3;-3;-3,-9
synthesized/except_one/groupCard/small/root_40.uvl,-1;-1;-1,-4,0.96;0.89;1.07,6302,0.01;0.01;0.01,-3;-3;-3,-4,0.03;0.03;0.02,11473920,-3;-3;-3,-9
synthesized/except_one/groupCard/small/root_41.uvl,-1;-1;-1,-4,0.89;0.90;0.81,1618,0.00;0.00;0.00,-3;-3;-3,-4,0.04;0.03;0.01,49152,-3;-3;-3,-9
synthesized/except_one/groupCard/small/root_42.uvl,-1;-1;-1,-4,0.79;0.91;0.92,2752,0.01;0.01;0.01,-3;-3;-3,-4,0.02;0.01;0.01,3168,-3;-3;-3,-9
synthesized/except_one/groupCard/small/root_43.uvl,-1;-1;-1,-4,2.12;0.86;0.95,3370,0.01;0.01;0.00,-3;-3;-3,-4,0.01;0.01;0.01,115200,-3;-3;-3,-9
synthesized/except_one/groupCard/small/root_44.uvl,-1;-1;-1,-4,0.79;0.87;0.85,1872,0.00;0.00;0.00,-3;-3;-3,-4,0.01;0.01;0.01,256,-3;-3;-3,-9
synthesized/except_one/groupCard/small/root_45.uvl,-1;-1;-1,-4,0.86;0.82;1.01,1960,0.00;0.01;0.02,-3;-3;-3,-4,0.01;0.01;0.01,1152,-3;-3;-3,-9
synthesized/except_one/groupCard/small/root_46.uvl,-1;-1;-1,-4,0.98;0.88;1.98,2150,0.00;0.00;0.00,-3;-3;-3,-4,0.01;0.01;0.01,256,-3;-3;-3,-9
synthesized/except_one/groupCard/small/root_47.uvl,-1;-1;-1,-4,1.15;1.09;1.06,13632,0.02;0.02;0.02,-3;-3;-3,-4,0.06;0.07;0.06,2178553129734105804570624,-1;-1;-1,-9
synthesized/except_one/groupCard/small/root_48.uvl,-1;-1;-1,-4,1.05;0.88;0.96,3905,0.01;0.01;0.01,-3;-3;-3,-4,0.01;0.01;0.01,15360,-3;-3;-3,-9
synthesized/except_one/groupCard/small/root_49.uvl,-1;-1;-1,-4,0.89;0.85;0.73,2227,0.00;0.00;0.00,-3;-3;-3,-4,0.01;0.01;0.01,320,8.28;6.89;7.01,320
synthesized/except_one/groupCard/small/root_4.uvl,-1;-1;-1,-4,1.07;0.85;0.92,6832,0.01;0.01;0.01,-3;-3;-3,-4,0.09;0.03;0.03,6912,0.08;0.12;0.07,6912
synthesized/except_one/groupCard/small/root_50.uvl,-1;-1;-1,-4,0.81;0.86;0.76,2128,0.00;0.00;0.00,-3;-3;-3,-4,0.01;0.01;0.01,512,-3;-3;-3,-9
synthesized/except_one/groupCard/small/root_51.uvl,-1;-1;-1,-4,1.02;0.92;0.90,8221,0.01;0.01;0.01,-3;-3;-3,-4,0.08;0.06;0.03,9216,-3;-3;-3,-9
synthesized/except_one/groupCard/small/root_52.uvl,-1;-1;-1,-4,0.76;0.94;1.16,4794,0.01;0.01;0.01,-3;-3;-3,-4,0.02;0.02;0.02,580608,-3;-3;-3,-9
synthesized/except_one/groupCard/small/root_53.uvl,-1;-1;-1,-4,0.77;0.95;0.74,2147,0.00;0.00;0.00,-3;-3;-3,-4,0.01;0.01;0.01,1,28.25;28.06;28.37,1
synthesized/except_one/groupCard/small/root_54.uvl,-1;-1;-1,-4,1.02;1.11;0.93,8817,0.01;0.01;0.01,-3;-3;-3,-4,0.06;0.06;0.09,120960,-3;-3;-3,-9
synthesized/except_one/groupCard/small/root_55.uvl,-1;-1;-1,-4,1.02;1.01;1.07,3879,0.01;0.01;0.01,-3;-3;-3,-4,0.01;0.01;0.01,12,-3;-3;-3,-9
synthesized/except_one/groupCard/small/root_56.uvl,0.79;0.77;0.79,2151,1.02;1.30;0.86,1671,0.00;0.00;0.00,0.08;0.09;0.09,2,0.01;0.01;0.01,2,0.03;0.03;0.03,2
synthesized/except_one/groupCard/small/root_57.uvl,-1;-1;-1,-4,1.03;0.79;0.78,2032,0.00;0.00;0.00,-3;-3;-3,-4,0.01;0.01;0.01,36,0.04;0.04;0.04,36
synthesized/except_one/groupCard/small/root_58.uvl,1.10;0.99;0.98,6797,0.85;0.88;0.91,6953,0.01;0.01;0.01,0.09;0.09;0.08,1,0.02;0.02;0.02,1,0.23;0.45;0.42,1
synthesized/except_one/groupCard/small/root_59.uvl,-1;-1;-1,-4,0.80;0.86;1.06,1596,0.00;0.00;0.00,-3;-3;-3,-4,0.01;0.01;0.01,1600,-3;-3;-3,-9
synthesized/except_one/groupCard/small/root_5.uvl,-1;-1;-1,-4,0.99;0.89;0.94,8081,0.01;0.04;0.01,-3;-3;-3,-4,0.02;0.02;0.02,2304,85.25;74.54;64.31,2304
synthesized/except_one/groupCard/small/root_60.uvl,-1;-1;-1,-4,0.81;0.92;1.02,2588,0.00;0.00;0.00,-3;-3;-3,-4,0.11;0.13;0.01,24576,-3;-3;-3,-9
synthesized/except_one/groupCard/small/root_61.uvl,1.20;2.89;1.35,17110,0.92;0.83;0.87,4857,0.01;0.01;0.03,0.19;0.21;0.21,1,0.02;0.02;0.02,1,0.07;0.07;0.07,1
synthesized/except_one/groupCard/small/root_62.uvl,-1;-1;-1,-4,0.81;0.78;0.93,2220,0.00;0.00;0.03,-3;-3;-3,-4,0.01;0.01;0.01,192,-3;-3;-3,-9
synthesized/except_one/groupCard/small/root_63.uvl,-1;-1;-1,-4,0.89;1.07;1.04,10070,0.01;0.01;0.01,-3;-3;-3,-4,0.03;0.03;0.06,24,-3;-3;-3,-9
synthesized/except_one/groupCard/small/root_64.uvl,-1;-1;-1,-4,0.81;0.99;1.21,5488,0.01;0.01;0.01,-3;-3;-3,-4,0.02;0.02;0.02,9216,-3;-3;-3,-9
synthesized/except_one/groupCard/small/root_65.uvl,-1;-1;-1,-4,0.99;1.02;0.86,4143,0.01;0.01;0.01,-3;-3;-3,-4,0.01;0.01;0.02,320,0.03;0.03;0.03,320
synthesized/except_one/groupCard/small/root_66.uvl,-1;-1;-1,-4,1.10;0.84;0.94,2177,0.00;0.00;0.00,-3;-3;-3,-4,0.05;0.01;0.01,30720,-3;-3;-3,-9
synthesized/except_one/groupCard/small/root_67.uvl,-1;-1;-1,-4,1.47;1.57;1.16,46793,0.05;0.05;0.05,-3;-3;-3,-4,0.11;0.11;0.11,896,-1;-1;-1,-9
synthesized/except_one/groupCard/small/root_68.uvl,-1;-1;-1,-4,0.76;1.07;1.11,2521,0.01;0.01;0.00,-3;-3;-3,-4,0.01;0.05;0.01,49152,-3;-3;-3,-9
synthesized/except_one/groupCard/small/root_69.uvl,1.03;1.40;0.99,3607,0.85;0.86;0.73,2677,0.01;0.00;0.00,0.08;0.09;0.09,8,0.01;0.02;0.01,8,0.10;0.07;0.05,8
synthesized/except_one/groupCard/small/root_6.uvl,-1;-1;-1,-4,1.23;0.94;0.78,1749,0.00;0.00;0.00,-3;-3;-3,-4,0.01;0.01;0.01,512,-3;-3;-3,-9
synthesized/except_one/groupCard/small/root_70.uvl,-1;-1;-1,-4,0.82;0.93;0.82,2481,0.00;0.01;0.00,-3;-3;-3,-4,0.01;0.01;0.08,2,-3;-3;-3,-9
synthesized/except_one/groupCard/small/root_71.uvl,-1;-1;-1,-4,0.98;0.67;1.01,1828,0.00;0.00;0.00,-3;-3;-3,-4,0.01;0.01;0.01,2,0.29;0.38;0.43,2
synthesized/except_one/groupCard/small/root_72.uvl,-1;-1;-1,-4,0.87;0.83;0.93,1949,0.00;0.00;0.00,-3;-3;-3,-4,0.04;0.05;0.01,48,-3;-3;-3,-9
synthesized/except_one/groupCard/small/root_73.uvl,-1;-1;-1,-4,0.77;0.78;0.90,3700,0.01;0.01;0.01,-3;-3;-3,-4,0.01;0.01;0.08,4,-3;-3;-3,-9
synthesized/except_one/groupCard/small/root_74.uvl,-1;-1;-1,-4,0.97;0.77;0.88,4834,0.01;0.01;0.01,-3;-3;-3,-4,0.02;0.02;0.02,1,14.51;9.59;11.20,1
synthesized/except_one/groupCard/small/root_75.uvl,-1;-1;-1,-4,0.98;1.74;1.08,3183,0.01;0.00;0.01,-3;-3;-3,-4,0.01;0.01;0.01,120000,-3;-3;-3,-9
synthesized/except_one/groupCard/small/root_76.uvl,-1;-1;-1,-4,0.79;0.75;0.83,1673,0.00;0.00;0.00,-3;-3;-3,-4,0.01;0.09;0.06,1536,-3;-3;-3,-9
synthesized/except_one/groupCard/small/root_77.uvl,-1;-1;-1,-4,0.75;0.91;0.87,2194,0.00;0.00;0.00,-3;-3;-3,-4,0.04;0.01;0.01,48,-3;-3;-3,-9
synthesized/except_one/groupCard/small/root_78.uvl,-1;-1;-1,-4,0.86;1.71;1.04,3086,0.00;0.00;0.00,-3;-3;-3,-4,0.01;0.12;0.01,192,-3;-3;-3,-9
synthesized/except_one/groupCard/small/root_79.uvl,-1;-1;-1,-4,0.99;0.87;0.97,4722,0.01;0.01;0.01,-3;-3;-3,-4,0.02;0.02;0.02,17920,-3;-3;-3,-9
synthesized/except_one/groupCard/small/root_7.uvl,-1;-1;-1,-4,0.96;1.03;0.92,3715,0.01;0.01;0.01,-3;-3;-3,-4,0.01;0.01;0.07,2,-3;-3;-3,-9
synthesized/except_one/groupCard/small/root_80.uvl,-1;-1;-1,-4,1.36;1.01;1.21,12468,0.01;0.01;0.01,-3;-3;-3,-4,0.04;0.04;0.04,9841920,-3;-3;-3,-9
synthesized/except_one/groupCard/small/root_81.uvl,-1;-1;-1,-4,1.10;0.77;0.91,1744,0.00;0.00;0.04,-3;-3;-3,-4,0.01;0.01;0.01,1,0.03;0.03;0.30,1
synthesized/except_one/groupCard/small/root_82.uvl,-1;-1;-1,-4,0.87;0.81;0.91,2517,0.00;0.00;0.00,-3;-3;-3,-4,0.04;0.04;0.01,331776,-3;-3;-3,-9
synthesized/except_one/groupCard/small/root_83.uvl,-1;-1;-1,-4,0.92;1.34;0.82,1603,0.00;0.01;0.01,-3;-3;-3,-4,0.01;0.01;0.01,201326592,-3;-3;-3,-9
synthesized/except_one/groupCard/small/root_84.uvl,-1;-1;-1,-4,0.94;1.05;0.76,2205,0.01;0.00;0.03,-3;-3;-3,-4,0.01;0.01;0.01,10240,-3;-3;-3,-9
synthesized/except_one/groupCard/small/root_85.uvl,-1;-1;-1,-4,1.06;0.90;0.97,2011,0.00;0.00;0.00,-3;-3;-3,-4,0.01;0.01;0.04,8,-3;-3;-3,-9
synthesized/except_one/groupCard/small/root_86.uvl,-1;-1;-1,-4,0.94;1.41;1.06,1841,0.01;0.01;0.01,-3;-3;-3,-4,0.01;0.06;0.02,192,-3;-3;-3,-9
synthesized/except_one/groupCard/small/root_87.uvl,-1;-1;-1,-4,5.55;0.80;0.77,3027,0.00;0.00;0.01,-3;-3;-3,-4,0.01;0.01;0.08,46080,-3;-3;-3,-9
synthesized/except_one/groupCard/small/root_88.uvl,-1;-1;-1,-4,0.96;0.90;0.84,4878,0.01;0.01;0.01,-3;-3;-3,-4,0.02;0.02;0.02,8,0.04;0.03;0.03,8
synthesized/except_one/groupCard/small/root_89.uvl,-1;-1;-1,-4,0.81;1.04;1.08,1997,0.00;0.00;0.00,-3;-3;-3,-4,0.01;0.02;0.02,24576,-3;-3;-3,-9
synthesized/except_one/groupCard/small/root_8.uvl,-1;-1;-1,-4,0.87;0.86;0.85,9290,0.05;0.02;0.01,-3;-3;-3,-4,0.13;0.08;0.08,16654425984,-1;-1;-1,-9
synthesized/except_one/groupCard/small/root_90.uvl,-1;-1;-1,-4,1.13;1.01;0.85,2753,0.00;0.00;0.00,-3;-3;-3,-4,0.01;0.04;0.01,64,-3;-3;-3,-9
synthesized/except_one/groupCard/small/root_91.uvl,-1;-1;-1,-4,1.12;1.25;1.20,36853,0.04;0.04;0.04,-3;-3;-3,-4,0.23;0.24;0.24,4523726344462663680,-1;-1;-1,-9
synthesized/except_one/groupCard/small/root_92.uvl,-1;-1;-1,-4,1.11;0.85;0.81,1877,0.00;0.00;0.00,-3;-3;-3,-4,0.01;0.01;0.01,262144,-3;-3;-3,-9
synthesized/except_one/groupCard/small/root_93.uvl,-1;-1;-1,-4,0.79;0.99;0.96,1770,0.00;0.00;0.00,-3;-3;-3,-4,0.12;0.02;0.01,20736,-3;-3;-3,-9
synthesized/except_one/groupCard/small/root_94.uvl,-1;-1;-1,-4,0.80;0.90;1.13,2325,0.00;0.00;0.00,-3;-3;-3,-4,0.02;0.02;0.04,6144,-3;-3;-3,-9
synthesized/except_one/groupCard/small/root_95.uvl,-1;-1;-1,-4,0.79;1.13;1.28,2171,0.00;0.00;0.00,-3;-3;-3,-4,0.07;0.02;0.01,768,-3;-3;-3,-9
synthesized/except_one/groupCard/small/root_96.uvl,-1;-1;-1,-4,0.87;0.93;1.12,9066,0.01;0.01;0.01,-3;-3;-3,-4,0.05;0.05;0.05,65801,32.61;38.25;36.12,65801
synthesized/except_one/groupCard/small/root_97.uvl,-1;-1;-1,-4,0.91;0.94;0.88,1946,0.00;0.00;0.00,-3;-3;-3,-4,0.02;0.01;0.02,1048576,-3;-3;-3,-9
synthesized/except_one/groupCard/small/root_98.uvl,-1;-1;-1,-4,0.78;0.75;0.93,2408,0.00;0.00;0.00,-3;-3;-3,-4,0.01;0.01;0.06,48,-3;-3;-3,-9
synthesized/except_one/groupCard/small/root_99.uvl,-1;-1;-1,-4,0.87;0.81;0.88,10504,0.01;0.01;0.01,-3;-3;-3,-4,0.12;0.03;0.03,1152,-3;-3;-3,-9
synthesized/except_one/groupCard/small/root_9.uvl,-1;-1;-1,-4,1.30;1.16;0.80,2333,0.00;0.00;0.00,-3;-3;-3,-4,0.01;0.01;0.01,35389440,-3;-3;-3,-9
synthesized/just_one/aggregate/large/root_100.uvl,-1;-1;-1,-4,2.34;2.62;2.25,34735,-9;-9;-9,-3;-3;-3,-4,0.15;0.12;0.12,55081682656191541772550144,-3;-3;-3,-9
synthesized/just_one/aggregate/large/root_10.uvl,-1;-1;-1,-4,4.25;2.46;2.73,39078,0.08;0.07;0.07,-3;-3;-3,-4,0.14;0.14;0.16,21855025037539452047843946451764587699727076939336569614082889609562673208558595604480,-3;-3;-3,-9
synthesized/just_one/aggregate/large/root_11.uvl,-1;-1;-1,-4,2.28;2.40;2.22,33600,0.04;0.04;0.06,-3;-3;-3,-4,0.12;0.12;0.12,5310771084122086847626078987778794811033679696258786416222142175123729589679738731888640000,-3;-3;-3,-9
synthesized/just_one/aggregate/large/root_12.uvl,-1;-1;-1,-4,3.01;3.13;3.19,44689,0.05;0.05;0.05,-3;-3;-3,-4,0.18;0.16;0.18,89476057917477777917155331080347743721481165045060809523200,-3;-3;-3,-9
synthesized/just_one/aggregate/large/root_13.uvl,-1;-1;-1,-4,2.82;2.74;2.79,36095,0.04;0.04;0.06,-3;-3;-3,-4,0.15;0.13;0.13,266145778819117219303035831375101952,-3;-3;-3,-9
synthesized/just_one/aggregate/large/root_14.uvl,-1;-1;-1,-4,2.46;2.75;2.59,47785,0.05;0.05;0.05,-3;-3;-3,-4,0.19;0.19;0.19,1248094986346885253320469377916762982571718196949173039318362671979069177856,-3;-3;-3,-9
synthesized/just_one/aggregate/large/root_15.uvl,-1;-1;-1,-4,2.26;2.57;2.69,36904,0.04;0.04;0.04,-3;-3;-3,-4,0.14;0.13;0.13,887152596063724064343452771250339840,-3;-3;-3,-9
synthesized/just_one/aggregate/large/root_16.uvl,-1;-1;-1,-4,3.17;2.58;3.03,41111,0.05;0.04;0.05,-3;-3;-3,-4,0.17;0.16;0.14,12234256528497154683654097267708477697694420403109200246963446110603193404620800,-3;-3;-3,-9
synthesized/just_one/aggregate/large/root_17.uvl,-1;-1;-1,-4,3.71;3.14;3.20,46278,0.05;0.09;0.07,-3;-3;-3,-4,0.17;0.23;0.26,1899956092796928,-3;-3;-3,-9
synthesized/just_one/aggregate/large/root_18.uvl,-1;-1;-1,-4,2.62;2.67;2.93,39434,0.04;0.04;0.05,-3;-3;-3,-4,0.14;0.14;0.15,324884983910055199344526161346560,-3;-3;-3,-9
synthesized/just_one/aggregate/large/root_19.uvl,-1;-1;-1,-4,2.76;2.53;2.70,40779,-9;0.04;-9,-3;-3;-3,-4,0.13;0.13;0.15,4174594958197843206502799126884704331069425236342357129114419200000000,-3;-3;-3,-4
synthesized/just_one/aggregate/large/root_1.uvl,-1;-1;-1,-4,2.37;2.60;2.31,44717,0.05;0.05;0.05,-3;-3;-3,-4,0.15;0.14;0.13,124955502321579083826142972300448803972126504796549970873034997760,-3;-3;-3,-9
synthesized/just_one/aggregate/large/root_20.uvl,2.32;2.29;2.55,44712,2.49;2.19;2.31,35334,0.04;0.04;0.04,0.09;0.09;0.09,32,0.17;0.17;0.14,32,-1;-1;-1,-9
synthesized/just_one/aggregate/large/root_21.uvl,-1;-1;-1,-4,2.43;2.47;2.77,44286,0.05;0.05;0.05,-3;-3;-3,-4,0.18;0.19;0.18,19965496953594613073573075484672000,-3;-3;-3,-9
synthesized/just_one/aggregate/large/root_22.uvl,-1;-1;-1,-4,2.81;2.35;2.80,41192,0.04;0.05;0.04,-3;-3;-3,-4,0.16;0.16;0.16,37602428693293425850060898304,-3;-3;-3,-9
synthesized/just_one/aggregate/large/root_23.uvl,-1;-1;-1,-4,2.74;2.59;2.42,43217,0.05;0.05;0.05,-3;-3;-3,-4,0.14;0.13;0.13,2777702420871635834287707106531527629789001154560,-3;-3;-3,-9
synthesized/just_one/aggregate/large/root_24.uvl,-1;-1;-1,-4,3.26;2.40;2.66,47820,0.05;0.05;0.05,-3;-3;-3,-4,0.18;0.16;0.16,83560952651763168555690885120,-3;-3;-3,-9
synthesized/just_one/aggregate/large/root_25.uvl,-1;-1;-1,-4,2.27;2.36;2.48,37482,0.04;0.04;0.04,-3;-3;-3,-4,0.13;0.12;0.12,7609277968187219658361917133597451968697211458462956381091622747764357241371331356822384754766650597823469322240,-3;-3;-3,-9
synthesized/just_one/aggregate/large/root_26.uvl,-1;-1;-1,-4,2.66;2.72;2.40,40028,0.05;0.04;0.04,-3;-3;-3,-4,0.14;0.14;0.21,42911704890087583124616441404805666844369042875118155612060823232446464,-3;-3;-3,-9
synthesized/just_one/aggregate/large/root_27.uvl,-1;-1;-1,-4,2.60;2.75;2.85,43657,0.05;0.05;0.05,-3;-3;-3,-4,0.23;0.16;0.18,293768974166354889453600768,-3;-3;-3,-9
synthesized/just_one/aggregate/large/root_28.uvl,-1;-1;-1,-4,3.75;2.94;4.39,45157,0.05;0.06;0.05,-3;-3;-3,-4,0.16;0.16;0.15,268946232292593355044979451736407391968591071434112417936483198590517248000,-3;-3;-3,-9
synthesized/just_one/aggregate/large/root_29.uvl,-1;-1;-1,-4,2.82;2.66;2.65,36140,0.04;0.04;0.04,-3;-3;-3,-4,0.13;0.13;0.13,55187988695932146594677509993941140766720,-3;-3;-3,-9
synthesized/just_one/aggregate/large/root_2.uvl,-1;-1;-1,-4,2.47;2.58;2.31,44708,0.05;0.05;0.05,-3;-3;-3,-4,0.15;0.16;0.16,105312291668557186697918027683670432318895095400549111254310977536,-3;-3;-3,-9
synthesized/just_one/aggregate/large/root_30.uvl,-1;-1;-1,-4,2.70;2.51;3.01,37018,0.04;0.04;0.04,-3;-3;-3,-4,0.12;0.12;0.14,37748736,-3;-3;-3,-9
synthesized/just_one/aggregate/large/root_31.uvl,-1;-1;-1,-4,2.95;2.74;2.91,39493,0.06;0.04;0.04,-3;-3;-3,-4,0.15;0.13;0.14,2032155406216103033772442327595081942232465408,-3;-3;-3,-9
synthesized/just_one/aggregate/large/root_32.uvl,-1;-1;-1,-4,2.71;2.90;2.54,45173,0.05;0.05;0.05,-3;-3;-3,-4,0.17;0.16;0.16,6151642663452221037297662513768310090055789024387159977447479830527992810248244784066130810377338880,-3;-3;-3,-9
synthesized/just_one/aggregate/large/root_33.uvl,-1;-1;-1,-4,3.32;3.28;3.20,50314,0.05;0.06;0.06,-3;-3;-3,-4,0.19;0.20;0.20,1,-1;-1;-1,-9
synthesized/just_one/aggregate/large/root_34.uvl,-1;-1;-1,-4,2.39;2.60;2.32,37201,0.04;0.04;0.04,-3;-3;-3,-4,0.21;0.16;0.15,1407336703603157676858886026643600735807437511774345251098984448000,-3;-3;-3,-9
synthesized/just_one/aggregate/large/root_35.uvl,-1;-1;-1,-4,3.17;2.64;3.02,42473,0.04;0.05;0.05,-3;-3;-3,-4,0.18;0.18;0.18,57284949962439203443452149760000,-3;-3;-3,-9
synthesized/just_one/aggregate/large/root_36.uvl,-1;-1;-1,-4,2.93;2.40;2.75,43382,0.05;0.05;0.04,-3;-3;-3,-4,0.14;0.17;0.15,109434502072181540952546977431806393216386340915573086725457030676480,-3;-3;-3,-9
synthesized/just_one/aggregate/large/root_37.uvl,-1;-1;-1,-4,2.94;2.57;2.45,47174,0.05;0.05;0.05,-3;-3;-3,-4,0.16;0.17;0.15,682969532423107876495123326617643365616471154354267800440090300298833537767456112640,-3;-3;-3,-9
synthesized/just_one/aggregate/large/root_38.uvl,-1;-1;-1,-4,2.63;2.61;2.83,43569,0.06;0.06;0.06,-3;-3;-3,-4,0.19;0.18;0.15,2291665473376296847052001399460550431182901942874178281965658005523678962233753794456322048,-3;-3;-3,-9
synthesized/just_one/aggregate/large/root_39.uvl,-1;-1;-1,-4,2.89;2.80;2.58,46310,0.05;0.05;0.05,-3;-3;-3,-4,0.15;0.16;0.16,6481305648700483613337983248573564469507669360640,-3;-3;-3,-9
synthesized/just_one/aggregate/large/root_3.uvl,-1;-1;-1,-4,2.41;2.27;2.57,37174,0.05;-9;-9,-3;-3;-3,-4,0.17;0.14;0.16,146712860574038367140798502045524951040000,-3;-3;-3,-9
synthesized/just_one/aggregate/large/root_40.uvl,-1;-1;-1,-4,3.51;2.34;2.35,36572,0.04;0.04;0.04,-3;-3;-3,-4,0.13;0.13;0.13,1963809227269745468689280243190073936273935035282541772800,-3;-3;-3,-9
synthesized/just_one/aggregate/large/root_41.uvl,-1;-1;-1,-4,2.89;2.71;2.65,40151,0.04;0.04;0.04,-3;-3;-3,-4,0.14;0.14;0.13,70776959876129882922749822436603195717187249693846929408000000,-3;-3;-3,-9
synthesized/just_one/aggregate/large/root_42.uvl,-1;-1;-1,-4,2.73;2.76;3.01,44089,0.05;0.05;0.05,-3;-3;-3,-4,0.17;0.17;0.16,1515783380930753538061821258378510336,-3;-3;-3,-9
synthesized/just_one/aggregate/large/root_43.uvl,-1;-1;-1,-4,2.97;3.34;3.49,47388,0.05;0.05;0.05,-3;-3;-3,-4,0.17;0.18;0.18,768,-3;-3;-3,-9
synthesized/just_one/aggregate/large/root_44.uvl,-1;-1;-1,-4,3.22;2.85;2.83,40036,0.04;0.05;0.05,-3;-3;-3,-4,0.16;0.16;0.17,2294937740124145526288503611416348127731672753897472,-3;-3;-3,-9
synthesized/just_one/aggregate/large/root_45.uvl,-1;-1;-1,-4,2.52;2.73;2.45,40097,0.04;0.05;0.04,-3;-3;-3,-4,0.14;0.16;0.14,33961768335969666757019574909299672995148794474807429641315991074260385792000,-3;-3;-3,-9
synthesized/just_one/aggregate/large/root_46.uvl,-1;-1;-1,-4,2.84;2.88;2.82,38911,0.04;0.04;0.04,-3;-3;-3,-4,0.15;0.15;0.15,94812242632418503143687069236276143096797906075648000,-3;-3;-3,-9
synthesized/just_one/aggregate/large/root_47.uvl,-1;-1;-1,-4,2.51;2.33;2.81,41294,0.04;0.04;0.04,-3;-3;-3,-4,0.15;0.14;0.15,259907987128044159475620929077248,-3;-3;-3,-9
synthesized/just_one/aggregate/large/root_48.uvl,-1;-1;-1,-4,2.65;2.87;2.63,36950,0.04;0.04;0.04,-3;-3;-3,-4,0.13;0.22;0.13,1120639702477855260672,-3;-3;-3,-9
synthesized/just_one/aggregate/large/root_49.uvl,-1;-1;-1,-4,2.48;2.41;2.69,49029,0.07;0.06;0.05,-3;-3;-3,-4,0.18;0.23;0.25,10318245588185228615413933349179588149567776099116840602830379232631193600,-3;-3;-3,-9
synthesized/just_one/aggregate/large/root_4.uvl,-1;-1;-1,-4,2.55;2.33;3.14,37615,0.04;0.04;0.04,-3;-3;-3,-4,0.12;0.13;0.12,31128880624384868352,-3;-3;-3,-9
synthesized/just_one/aggregate/large/root_50.uvl,-1;-1;-1,-4,2.97;2.84;2.59,45781,0.05;0.05;0.05,-3;-3;-3,-4,1.83;1.88;1.86,7055879607571638747162,-1;-1;-1,-9
synthesized/just_one/aggregate/large/root_51.uvl,-1;-1;-1,-4,2.55;2.49;2.63,50183,0.06;0.06;0.06,-3;-3;-3,-4,0.17;0.18;0.18,20792638970243532758049674326179840,-3;-3;-3,-9
synthesized/just_one/aggregate/large/root_52.uvl,-1;-1;-1,-4,2.60;2.84;2.69,37248,0.04;0.04;0.04,-3;-3;-3,-4,0.15;0.12;0.12,373546567492618420224,-3;-3;-3,-9
synthesized/just_one/aggregate/large/root_53.uvl,-1;-1;-1,-4,2.44;2.66;3.09,42477,0.05;0.05;0.05,-3;-3;-3,-4,0.14;0.15;0.15,6535570744850851880239104,-3;-3;-3,-9
synthesized/just_one/aggregate/large/root_54.uvl,-1;-1;-1,-4,2.50;2.71;2.69,44491,0.05;0.05;0.05,-3;-3;-3,-4,0.13;0.17;0.15,50665495807918080,-3;-3;-3,-9
synthesized/just_one/aggregate/large/root_55.uvl,-1;-1;-1,-4,2.45;3.03;3.05,46074,0.05;0.05;0.05,-3;-3;-3,-4,0.17;0.15;0.16,19380144178544073426937506938887423918080,-3;-3;-3,-9
synthesized/just_one/aggregate/large/root_56.uvl,-1;-1;-1,-4,2.28;2.46;2.46,38699,0.04;0.05;0.04,-3;-3;-3,-4,0.15;0.15;0.15,5947022445829025239616846480487323409120193190237980930213379334950384687014314241650085088428815393300812876840902314075483533746456662657466368,-3;-3;-3,-9
synthesized/just_one/aggregate/large/root_57.uvl,-1;-1;-1,-4,2.46;2.58;2.46,39295,0.04;0.04;0.05,-3;-3;-3,-4,0.13;0.13;0.13,802185145456926418134632497152,-3;-3;-3,-9
synthesized/just_one/aggregate/large/root_58.uvl,-1;-1;-1,-4,2.30;2.33;2.81,38803,0.04;0.04;0.07,-3;-3;-3,-4,0.16;0.14;0.14,7968993439842526298112,-3;-3;-3,-9
synthesized/just_one/aggregate/large/root_59.uvl,-1;-1;-1,-4,2.91;2.80;2.88,42448,0.05;0.05;0.05,-3;-3;-3,-4,0.17;0.19;0.17,13281295421856461977529849468464562566350176367116662614147318448914432,-3;-3;-3,-9
synthesized/just_one/aggregate/large/root_5.uvl,-1;-1;-1,-4,2.36;3.03;2.76,45384,0.05;0.05;0.05,-3;-3;-3,-4,0.17;0.17;0.15,1766847064778384329583297500742918515827483896875618958121606201292619776,-3;-3;-3,-9
synthesized/just_one/aggregate/large/root_60.uvl,-1;-1;-1,-4,2.46;2.35;2.30,41164,0.05;0.05;0.07,-3;-3;-3,-4,0.15;0.13;0.13,141281251061586295282374425584489320362803200,-3;-3;-3,-9
synthesized/just_one/aggregate/large/root_61.uvl,-1;-1;-1,-4,2.72;2.36;2.68,41581,0.05;0.05;0.04,-3;-3;-3,-4,0.18;0.16;0.17,8144309627333088407748183024557874628515263378323757240156160,-3;-3;-3,-9
synthesized/just_one/aggregate/large/root_62.uvl,-1;-1;-1,-4,3.55;3.74;2.47,45853,0.05;0.05;0.08,-3;-3;-3,-4,0.17;0.18;0.29,6329400047559066028650374266185121552253583360,-1;-1;-1,-9
synthesized/just_one/aggregate/large/root_63.uvl,-1;-1;-1,-4,2.89;2.66;2.83,49068,0.08;0.07;0.05,-3;-3;-3,-4,0.15;0.21;0.20,10060310439362630889654754425978853785600,-3;-3;-3,-9
synthesized/just_one/aggregate/large/root_64.uvl,-1;-1;-1,-4,2.37;2.72;2.84,45214,-9;0.05;-9,-3;-3;-3,-4,0.21;0.16;0.15,102397222043011983395182034775178234544541738561699840,-3;-3;-3,-4
synthesized/just_one/aggregate/large/root_65.uvl,-1;-1;-1,-4,2.38;2.27;2.34,37657,0.05;0.05;0.06,-3;-3;-3,-4,0.19;0.17;0.13,1153432999397291444493311721331558141885460442072592495771402468223998651921545897012399526945751040,-3;-3;-3,-9
synthesized/just_one/aggregate/large/root_66.uvl,-1;-1;-1,-4,2.33;2.30;2.34,37636,-9;-9;-9,-3;-3;-3,-4,0.13;0.15;0.14,610823222049981630581113726841840597138644753374281793011712000,-3;-3;-3,-4
synthesized/just_one/aggregate/large/root_67.uvl,-1;-1;-1,-4,3.22;2.78;3.04,48794,0.05;0.05;0.06,-3;-3;-3,-4,0.21;0.16;0.16,2799680927722255263196802850710555347652056871543311918624986376204739838975201181726096866589508894720,-3;-3;-3,-9
synthesized/just_one/aggregate/large/root_68.uvl,-1;-1;-1,-4,2.64;2.96;3.16,46042,0.05;0.05;0.05,-3;-3;-3,-4,0.19;0.17;0.35,1183227156895797328803762171088391549017528755747743261361971228835840,-3;-3;-3,-9
synthesized/just_one/aggregate/large/root_69.uvl,-1;-1;-1,-4,2.58;2.58;2.59,46739,0.05;0.05;0.05,-3;-3;-3,-4,0.16;0.17;0.16,2404566695921957686945612297085589694695988936133197706369905459200,-3;-3;-3,-9
synthesized/just_one/aggregate/large/root_6.uvl,-1;-1;-1,-4,2.45;2.35;2.23,38028,0.06;0.05;0.04,-3;-3;-3,-4,0.12;0.12;0.13,958124803748821989490928992950367027200000,-3;-3;-3,-9
synthesized/just_one/aggregate/large/root_70.uvl,-1;-1;-1,-4,2.48;3.14;2.26,39459,0.05;0.04;0.04,-3;-3;-3,-4,0.15;0.14;0.15,529804691480948607308904095941834951360512,-3;-3;-3,-9
synthesized/just_one/aggregate/large/root_71.uvl,-1;-1;-1,-4,2.61;2.41;2.69,39759,0.04;0.04;0.07,-3;-3;-3,-4,0.14;0.14;0.14,58366651170721628160,-3;-3;-3,-9
synthesized/just_one/aggregate/large/root_72.uvl,-1;-1;-1,-4,2.63;2.41;2.41,44266,0.05;0.05;0.05,-3;-3;-3,-4,0.14;0.14;0.13,139984046386112763159840142535527767382602843577165595931249318810236991948760059086304843329475444736,-3;-3;-3,-9
synthesized/just_one/aggregate/large/root_73.uvl,2.60;2.65;2.98,46986,2.66;3.18;3.20,43781,0.05;0.05;0.05,0.09;0.09;0.11,32,0.18;0.18;0.13,32,-3;-3;-3,-9
synthesized/just_one/aggregate/large/root_74.uvl,-1;-1;-1,-4,2.70;2.76;2.35,39863,0.05;0.05;0.05,-3;-3;-3,-4,0.13;0.14;0.15,205286293105621450936431700403004366561157388249736310892908300618968510070997792705575990025256960,-3;-3;-3,-9
synthesized/just_one/aggregate/large/root_75.uvl,-1;-1;-1,-4,2.30;2.42;2.59,38172,0.04;0.04;0.04,-3;-3;-3,-4,0.15;0.15;0.15,49902333528584478619319218382831616,-3;-3;-3,-9
synthesized/just_one/aggregate/large/root_76.uvl,-1;-1;-1,-4,2.53;2.65;2.59,46498,0.06;0.06;0.06,-3;-3;-3,-4,0.20;0.20;0.20,2691686691464454642630209297067697766400,-3;-3;-3,-9
synthesized/just_one/aggregate/large/root_77.uvl,-1;-1;-1,-4,2.55;2.52;2.97,41086,0.04;0.04;0.04,-3;-3;-3,-4,0.14;0.14;0.14,1437187205623232984236393489425550540800,-3;-3;-3,-9
synthesized/just_one/aggregate/large/root_78.uvl,-1;-1;-1,-4,2.51;2.73;2.34,40601,0.05;0.05;0.05,-3;-3;-3,-4,0.15;0.15;0.19,14194441537019585029495244340005437440,-3;-3;-3,-9
synthesized/just_one/aggregate/large/root_79.uvl,-1;-1;-1,-4,2.37;2.58;2.75,45345,0.05;0.07;0.07,-3;-3;-3,-4,0.15;0.14;0.14,2958111787307585990069502908412667827326340687296922410656141113169322760455294287872,-3;-3;-3,-9
synthesized/just_one/aggregate/large/root_7.uvl,-1;-1;-1,-4,3.13;3.03;3.21,41818,0.05;0.04;0.04,-3;-3;-3,-4,0.14;0.14;0.13,1596874672914703315818214988250611712,-3;-3;-3,-9
synthesized/just_one/aggregate/large/root_80.uvl,-1;-1;-1,-4,2.39;2.59;3.17,37820,0.05;0.04;0.04,-3;-3;-3,-4,0.13;0.12;0.13,71385860722424238137224986624,-3;-3;-3,-9
synthesized/just_one/aggregate/large/root_81.uvl,-1;-1;-1,-4,2.52;2.20;2.32,35148,0.04;0.04;0.04,-3;-3;-3,-4,0.12;0.12;0.12,1744212976068966608424375624499868152627200,-3;-3;-3,-9
synthesized/just_one/aggregate/large/root_82.uvl,-1;-1;-1,-4,2.23;2.41;2.56,37581,0.04;0.04;0.04,-3;-3;-3,-4,0.14;0.14;0.14,1000443651010411928459653310475063523852252667511134473300913525828369440089047040,-3;-3;-3,-9
synthesized/just_one/aggregate/large/root_83.uvl,-1;-1;-1,-4,2.41;3.06;2.66,44060,-9;-9;0.05,-3;-3;-3,-4,0.16;0.17;0.17,1301157140893461961037064064500498432,-3;-3;-3,-9
synthesized/just_one/aggregate/large/root_84.uvl,-1;-1;-1,-4,2.58;2.56;2.85,47573,0.05;0.05;0.05,-3;-3;-3,-4,0.18;0.18;0.17,2399072354560677192648022192299749515135549440,-3;-3;-3,-9
synthesized/just_one/aggregate/large/root_85.uvl,-1;-1;-1,-4,2.87;2.90;2.88,49965,0.06;0.06;0.05,-3;-3;-3,-4,0.19;0.19;0.17,232375848705808066852945920,-1;-1;-1,-9
synthesized/just_one/aggregate/large/root_86.uvl,-1;-1;-1,-4,2.59;2.84;2.53,36449,0.04;0.04;0.04,-3;-3;-3,-4,0.13;0.14;0.14,3595842090948020267375391070294324834485965030424576,-3;-3;-3,-9
synthesized/just_one/aggregate/large/root_87.uvl,-1;-1;-1,-4,2.52;3.29;2.91,45106,0.05;0.05;0.05,-3;-3;-3,-4,0.19;0.17;0.18,1880121434664671292503044915200,-3;-3;-3,-9
synthesized/just_one/aggregate/large/root_88.uvl,-1;-1;-1,-4,2.73;2.63;2.69,44269,0.05;0.05;0.05,-3;-3;-3,-4,0.67;0.66;0.63,1584450,-1;-1;-1,-9
synthesized/just_one/aggregate/large/root_89.uvl,-1;-1;-1,-4,2.98;3.01;2.94,43167,0.05;0.05;0.05,-3;-3;-3,-4,0.17;0.17;0.17,36527705884231128056899492360241162896857470817995624879751168000,-3;-3;-3,-9
synthesized/just_one/aggregate/large/root_8.uvl,-1;-1;-1,-4,2.62;2.57;2.47,39369,0.04;0.05;0.12,-3;-3;-3,-4,0.19;0.15;0.15,2061584302080,-3;-3;-3,-9
synthesized/just_one/aggregate/large/root_90.uvl,-1;-1;-1,-4,2.45;2.46;3.10,43491,0.07;0.08;0.06,-3;-3;-3,-4,0.14;0.16;0.15,2787593149816327892691964784081045188247552,-3;-3;-3,-9
synthesized/just_one/aggregate/large/root_91.uvl,-1;-1;-1,-4,2.33;2.43;2.29,37289,0.04;0.04;0.04,-3;-3;-3,-4,0.15;0.15;0.15,3542843885401063246583264045765331780246471750193250304000,-3;-3;-3,-9
synthesized/just_one/aggregate/large/root_92.uvl,-1;-1;-1,-4,2.60;2.45;2.43,41670,0.04;0.04;0.05,-3;-3;-3,-4,0.24;0.23;0.18,9197998115988691099112918332323523461120,-3;-3;-3,-9
synthesized/just_one/aggregate/large/root_93.uvl,-1;-1;-1,-4,2.57;2.60;2.42,46287,0.05;0.05;0.06,-3;-3;-3,-4,0.18;0.16;0.15,107997070123489201237106052301945794246196364889292800,-3;-3;-3,-9
synthesized/just_one/aggregate/large/root_94.uvl,-1;-1;-1,-4,2.38;2.50;2.56,46021,0.07;0.05;0.07,-3;-3;-3,-4,0.19;0.28;0.28,57394070943497224594648877541398374839992842353130654924800,-3;-3;-3,-9
synthesized/just_one/aggregate/large/root_95.uvl,-1;-1;-1,-4,3.09;2.63;2.84,35984,0.04;0.04;0.04,-3;-3;-3,-4,0.12;0.12;0.12,1130462495494286988047100095811993634840251256012800,-3;-3;-3,-9
synthesized/just_one/aggregate/large/root_96.uvl,-1;-1;-1,-4,2.60;2.85;2.44,43592,0.05;0.06;0.06,-3;-3;-3,-4,0.18;0.18;0.16,9620465747287210681652541197758989404933654865644938239934464000,-3;-3;-3,-9
synthesized/just_one/aggregate/large/root_97.uvl,-1;-1;-1,-4,2.94;2.75;4.61,39325,0.04;0.05;0.05,-3;-3;-3,-4,0.29;0.25;0.26,-9,-1;-1;-1,-9
synthesized/just_one/aggregate/large/root_98.uvl,-1;-1;-1,-4,2.31;2.33;2.58,42869,0.05;0.04;0.05,-3;-3;-3,-4,0.16;0.16;0.17,114243489953582457009733632,-3;-3;-3,-9
synthesized/just_one/aggregate/large/root_99.uvl,-1;-1;-1,-4,2.58;3.17;3.09,48254,0.05;0.05;0.05,-3;-3;-3,-4,0.17;0.23;0.23,922312182073365415106239546421150178218762247716434903760230447841280000,-3;-3;-3,-9
synthesized/just_one/aggregate/large/root_9.uvl,-1;-1;-1,-4,2.49;2.54;2.32,42084,0.05;0.05;0.05,-3;-3;-3,-4,0.15;0.20;0.20,104854536592135452197817397014957580050346213503009414305285919570099136086239341587726336000,-3;-3;-3,-9
synthesized/just_one/aggregate/medium/root_100.uvl,-1;-1;-1,-4,1.52;1.75;1.59,10641,0.03;0.03;0.04,-3;-3;-3,-4,0.03;0.03;0.03,311537811512089657711829779753205760,-3;-3;-3,-9
synthesized/just_one/aggregate/medium/root_10.uvl,-1;-1;-1,-4,1.63;1.70;1.69,10077,0.01;0.01;0.01,-3;-3;-3,-4,0.04;0.04;0.03,735419804751092514816,-3;-3;-3,-9
synthesized/just_one/aggregate/medium/root_11.uvl,-1;-1;-1,-4,1.64;1.36;1.58,8656,0.01;0.01;0.01,-3;-3;-3,-4,0.03;0.03;0.03,13510798882111488,-3;-3;-3,-9
synthesized/just_one/aggregate/medium/root_12.uvl,-1;-1;-1,-4,1.54;1.50;1.33,8450,0.02;0.02;0.01,-3;-3;-3,-4,0.03;0.03;0.03,16384,-3;-3;-3,-9
synthesized/just_one/aggregate/medium/root_13.uvl,-1;-1;-1,-4,1.49;1.51;1.43,11098,0.01;0.01;0.01,-3;-3;-3,-4,0.03;0.04;0.04,12023159649730560,-3;-3;-3,-9
synthesized/just_one/aggregate/medium/root_14.uvl,-1;-1;-1,-4,1.56;1.50;1.44,9977,0.01;0.01;0.01,-3;-3;-3,-4,0.06;0.03;0.03,1392682544196052809261514752,-3;-3;-3,-9
synthesized/just_one/aggregate/medium/root_15.uvl,-1;-1;-1,-4,1.53;1.55;1.47,10527,0.01;0.01;0.02,-3;-3;-3,-4,0.03;0.09;0.08,8246337208320,-3;-3;-3,-9
synthesized/just_one/aggregate/medium/root_16.uvl,-1;-1;-1,-4,1.60;1.46;1.63,8728,0.01;0.01;0.01,-3;-3;-3,-4,0.03;0.03;0.03,466933209365773025280,-3;-3;-3,-9
synthesized/just_one/aggregate/medium/root_17.uvl,-1;-1;-1,-4,1.68;1.67;1.52,10494,0.01;0.01;0.01,-3;-3;-3,-4,0.10;0.03;0.03,25165824,-3;-3;-3,-9
synthesized/just_one/aggregate/medium/root_18.uvl,-1;-1;-1,-4,1.84;1.75;1.52,8795,0.01;0.01;0.01,-3;-3;-3,-4,0.03;0.05;0.07,614400,-3;-3;-3,-9
synthesized/just_one/aggregate/medium/root_19.uvl,-1;-1;-1,-4,1.42;1.74;1.72,10138,0.01;0.01;0.01,-3;-3;-3,-4,0.08;0.03;0.03,39614081257132168796771975168,-3;-3;-3,-9
synthesized/just_one/aggregate/medium/root_1.uvl,-1;-1;-1,-4,1.52;1.60;1.44,10413,0.01;0.01;0.01,-3;-3;-3,-4,0.03;0.03;0.04,128247036263792640,-3;-3;-3,-9
synthesized/just_one/aggregate/medium/root_20.uvl,-1;-1;-1,-4,2.88;1.71;1.76,11050,0.01;0.01;0.01,-3;-3;-3,-4,0.04;0.04;0.04,2415919104,-3;-3;-3,-9
synthesized/just_one/aggregate/medium/root_21.uvl,-1;-1;-1,-4,1.58;1.64;1.55,10283,0.01;0.01;0.01,-3;-3;-3,-4,0.06;0.04;0.05,2393673122836965765918228480,-3;-3;-3,-9
synthesized/just_one/aggregate/medium/root_22.uvl,-1;-1;-1,-4,1.51;1.55;1.56,9990,0.01;0.01;0.01,-3;-3;-3,-4,0.03;0.08;0.03,566231040,-3;-3;-3,-9
synthesized/just_one/aggregate/medium/root_23.uvl,-1;-1;-1,-4,1.51;1.49;1.65,9174,0.01;0.01;0.01,-3;-3;-3,-4,0.03;0.03;0.08,1392682544196052809261514752,-3;-3;-3,-9
synthesized/just_one/aggregate/medium/root_24.uvl,-1;-1;-1,-4,1.39;1.33;1.52,8518,0.01;0.03;0.04,-3;-3;-3,-4,0.03;0.03;0.03,77309411328,-3;-3;-3,-9
synthesized/just_one/aggregate/medium/root_25.uvl,-1;-1;-1,-4,1.47;1.35;1.58,10184,0.01;0.01;0.01,-3;-3;-3,-4,0.04;0.07;0.06,747093134985236840448,-3;-3;-3,-9
synthesized/just_one/aggregate/medium/root_26.uvl,-1;-1;-1,-4,1.54;1.59;1.42,8332,0.02;0.02;0.02,-3;-3;-3,-4,0.03;0.03;0.03,5368709120,-3;-3;-3,-9
synthesized/just_one/aggregate/medium/root_27.uvl,-1;-1;-1,-4,1.47;1.37;2.18,11082,0.03;0.03;0.01,-3;-3;-3,-4,0.08;0.07;0.07,1467670855680,-3;-3;-3,-9
synthesized/just_one/aggregate/medium/root_28.uvl,-1;-1;-1,-4,1.48;1.72;1.71,11718,0.01;0.01;0.02,-3;-3;-3,-4,0.04;0.04;0.04,42949672960,-3;-3;-3,-9
synthesized/just_one/aggregate/medium/root_29.uvl,-1;-1;-1,-4,1.64;1.40;1.49,10052,0.01;0.02;0.01,-3;-3;-3,-4,0.03;0.03;0.03,3623878656,-3;-3;-3,-9
synthesized/just_one/aggregate/medium/root_2.uvl,-1;-1;-1,-4,1.30;1.58;1.48,9754,0.01;0.01;0.01,-3;-3;-3,-4,0.10;0.04;0.07,3072,-3;-3;-3,-9
synthesized/just_one/aggregate/medium/root_30.uvl,-1;-1;-1,-4,1.46;1.67;1.25,9005,0.01;0.01;0.01,-3;-3;-3,-4,0.03;0.03;0.03,12824703626379264,-3;-3;-3,-9
synthesized/just_one/aggregate/medium/root_31.uvl,-1;-1;-1,-4,1.40;1.70;1.61,11406,0.02;0.01;0.01,-3;-3;-3,-4,0.04;0.04;0.04,1649267441664,-3;-3;-3,-9
synthesized/just_one/aggregate/medium/root_32.uvl,-1;-1;-1,-4,1.37;1.38;1.45,10183,0.01;0.01;0.01,-3;-3;-3,-4,0.13;0.11;0.08,860651291502992840196096,-3;-3;-3,-9
synthesized/just_one/aggregate/medium/root_33.uvl,-1;-1;-1,-4,1.65;1.40;1.42,9792,0.01;0.01;0.01,-3;-3;-3,-4,0.03;0.04;0.04,2137450604396544,-3;-3;-3,-9
synthesized/just_one/aggregate/medium/root_34.uvl,-1;-1;-1,-4,1.44;1.68;1.45,11736,0.01;0.02;0.01,-3;-3;-3,-4,0.04;0.04;0.04,2111062325329920,-3;-3;-3,-9
synthesized/just_one/aggregate/medium/root_35.uvl,-1;-1;-1,-4,1.64;1.58;1.52,10873,0.01;0.01;0.01,-3;-3;-3,-4,0.04;0.04;0.04,78444779173449868247040,-3;-3;-3,-9
synthesized/just_one/aggregate/medium/root_36.uvl,-1;-1;-1,-4,1.58;1.52;1.42,10685,0.02;0.01;0.01,-3;-3;-3,-4,0.11;0.03;0.04,2446118092800,-3;-3;-3,-9
synthesized/just_one/aggregate/medium/root_37.uvl,-1;-1;-1,-4,1.53;1.36;1.37,9919,0.01;0.01;0.01,-3;-3;-3,-4,0.03;0.03;0.03,1179648,-3;-3;-3,-9
synthesized/just_one/aggregate/medium/root_38.uvl,-1;-1;-1,-4,1.70;1.52;2.32,9367,0.01;0.01;0.01,-3;-3;-3,-4,0.04;0.03;0.04,25048249270272,-3;-3;-3,-9
synthesized/just_one/aggregate/medium/root_39.uvl,-1;-1;-1,-4,1.69;1.50;1.68,11643,0.02;0.02;0.01,-3;-3;-3,-4,0.04;0.07;0.09,4718592,-3;-3;-3,-9
synthesized/just_one/aggregate/medium/root_3.uvl,-1;-1;-1,-4,1.48;1.36;1.49,8256,0.01;0.01;0.01,-3;-3;-3,-4,0.03;0.03;0.03,32985348833280,-3;-3;-3,-9
synthesized/just_one/aggregate/medium/root_40.uvl,-1;-1;-1,-4,1.77;1.56;1.60,11215,0.01;0.01;0.01,-3;-3;-3,-4,0.06;0.04;0.03,33397665693696,-3;-3;-3,-9
synthesized/just_one/aggregate/medium/root_41.uvl,1.93;1.75;1.85,10791,1.53;1.48;1.31,8899,0.01;0.01;0.01,0.09;0.09;0.09,256,0.03;0.03;0.03,256,-3;-3;-3,-9
synthesized/just_one/aggregate/medium/root_42.uvl,-1;-1;-1,-4,1.44;1.39;1.53,8405,0.01;0.01;0.01,-3;-3;-3,-4,0.03;0.03;0.03,18014398509481984,-3;-3;-3,-9
synthesized/just_one/aggregate/medium/root_43.uvl,-1;-1;-1,-4,1.64;1.45;1.38,10909,0.01;0.01;0.01,-3;-3;-3,-4,0.04;0.04;0.06,20171514644601394692096000,-3;-3;-3,-9
synthesized/just_one/aggregate/medium/root_44.uvl,-1;-1;-1,-4,1.57;1.68;1.70,10909,0.01;0.01;0.01,-3;-3;-3,-4,0.04;0.04;0.04,32212254720,-3;-3;-3,-9
synthesized/just_one/aggregate/medium/root_45.uvl,-1;-1;-1,-4,1.70;1.54;1.59,9689,0.02;0.02;0.02,-3;-3;-3,-4,0.03;0.03;0.03,3710851743744,-3;-3;-3,-9
synthesized/just_one/aggregate/medium/root_46.uvl,-1;-1;-1,-4,1.47;1.34;1.97,10746,0.02;0.01;0.01,-3;-3;-3,-4,0.03;0.03;0.03,12288,-3;-3;-3,-9
synthesized/just_one/aggregate/medium/root_47.uvl,-1;-1;-1,-4,1.58;1.54;1.47,10016,0.01;0.03;0.05,-3;-3;-3,-4,0.03;0.03;0.09,2038431744,-3;-3;-3,-9
synthesized/just_one/aggregate/medium/root_48.uvl,-1;-1;-1,-4,1.69;1.43;1.61,9897,0.01;0.02;0.02,-3;-3;-3,-4,0.03;0.03;0.03,1132462080,-3;-3;-3,-9
synthesized/just_one/aggregate/medium/root_49.uvl,-1;-1;-1,-4,1.68;1.89;1.59,9004,0.01;0.01;0.01,-3;-3;-3,-4,0.03;0.03;0.03,1709960483517235200,-3;-3;-3,-9
synthesized/just_one/aggregate/medium/root_4.uvl,-1;-1;-1,-4,1.48;1.48;1.59,8736,0.02;0.04;0.01,-3;-3;-3,-4,0.03;0.03;0.03,534790096971284278756421664768,-3;-3;-3,-9
synthesized/just_one/aggregate/medium/root_50.uvl,-1;-1;-1,-4,1.77;1.45;1.42,9819,0.01;0.01;0.01,-3;-3;-3,-4,0.03;0.10;0.07,85070591730234615865843651857942052864,-3;-3;-3,-9
synthesized/just_one/aggregate/medium/root_51.uvl,-1;-1;-1,-4,1.41;1.59;1.55,9643,0.01;0.01;0.01,-3;-3;-3,-4,0.08;0.03;0.04,64,-3;-3;-3,-9
synthesized/just_one/aggregate/medium/root_52.uvl,-1;-1;-1,-4,1.55;1.49;1.42,8927,0.01;0.01;0.01,-3;-3;-3,-4,0.07;0.08;0.08,568595,26.22;67.57;41.28,568595
synthesized/just_one/aggregate/medium/root_53.uvl,-1;-1;-1,-4,1.50;1.52;1.81,11596,0.01;0.01;0.01,-3;-3;-3,-4,0.10;0.06;0.04,5898240,-3;-3;-3,-9
synthesized/just_one/aggregate/medium/root_54.uvl,-1;-1;-1,-4,1.33;1.51;1.56,10920,0.02;0.01;0.01,-3;-3;-3,-4,0.07;0.04;0.04,12970366926827028480,-3;-3;-3,-9
synthesized/just_one/aggregate/medium/root_55.uvl,-1;-1;-1,-4,1.46;1.65;1.57,10453,0.01;0.01;0.04,-3;-3;-3,-4,0.08;0.04;0.09,105553116266496,-3;-3;-3,-9
synthesized/just_one/aggregate/medium/root_56.uvl,-1;-1;-1,-4,1.50;1.54;1.68,11459,0.02;0.01;0.01,-3;-3;-3,-4,0.04;0.04;0.04,1688849860263936,-3;-3;-3,-9
synthesized/just_one/aggregate/medium/root_57.uvl,-1;-1;-1,-4,1.33;1.38;1.37,8802,0.01;0.01;0.02,-3;-3;-3,-4,0.03;0.03;0.03,4608,-3;-3;-3,-9
synthesized/just_one/aggregate/medium/root_58.uvl,-1;-1;-1,-4,1.63;1.97;1.52,10918,0.03;0.03;0.04,-3;-3;-3,-4,0.03;0.03;0.03,10376293541461622784,-3;-3;-3,-9
synthesized/just_one/aggregate/medium/root_59.uvl,-1;-1;-1,-4,1.51;1.60;1.32,9469,0.01;0.01;0.01,-3;-3;-3,-4,0.03;0.03;0.03,1142434899535824570097336320,-3;-3;-3,-9
synthesized/just_one/aggregate/medium/root_5.uvl,-1;-1;-1,-4,1.54;1.59;1.75,11069,0.01;0.01;0.01,-3;-3;-3,-4,0.04;0.04;0.04,56998682783907840,-3;-3;-3,-9
synthesized/just_one/aggregate/medium/root_60.uvl,-1;-1;-1,-4,1.36;1.39;1.44,9173,0.03;0.02;0.01,-3;-3;-3,-4,0.03;0.07;0.08,10133099161583616,-3;-3;-3,-9
synthesized/just_one/aggregate/medium/root_61.uvl,-1;-1;-1,-4,1.49;1.52;1.44,12023,0.01;0.01;0.01,-3;-3;-3,-4,0.04;0.06;0.13,38911100780481085440,-3;-3;-3,-9
synthesized/just_one/aggregate/medium/root_62.uvl,-1;-1;-1,-4,1.46;1.74;1.56,10263,0.01;0.01;0.01,-3;-3;-3,-4,0.03;0.03;0.03,31128880624384868352,-3;-3;-3,-9
synthesized/just_one/aggregate/medium/root_63.uvl,-1;-1;-1,-4,1.47;1.40;1.52,10019,0.01;0.01;0.01,-3;-3;-3,-4,0.03;0.05;0.05,2087354105856,-3;-3;-3,-9
synthesized/just_one/aggregate/medium/root_64.uvl,-1;-1;-1,-4,1.48;1.35;1.63,8587,0.06;0.01;0.01,-3;-3;-3,-4,0.03;0.10;0.08,86973087744,-3;-3;-3,-9
synthesized/just_one/aggregate/medium/root_65.uvl,-1;-1;-1,-4,1.71;2.52;1.38,11352,0.01;0.01;0.01,-3;-3;-3,-4,0.04;0.04;0.09,8192,-3;-3;-3,-9
synthesized/just_one/aggregate/medium/root_66.uvl,-1;-1;-1,-4,1.61;1.62;1.34,9099,0.01;0.02;0.02,-3;-3;-3,-4,0.08;0.07;0.03,8549802417586176000,-3;-3;-3,-9
synthesized/just_one/aggregate/medium/root_67.uvl,1.65;1.69;1.77,15897,1.51;1.44;1.31,10461,0.01;0.01;0.01,0.20;0.09;0.09,16,0.03;0.03;0.03,16,-3;-3;-3,-9
synthesized/just_one/aggregate/medium/root_68.uvl,-1;-1;-1,-4,1.48;1.62;1.41,11117,0.01;0.01;0.02,-3;-3;-3,-4,0.11;0.04;0.04,8,-3;-3;-3,-9
synthesized/just_one/aggregate/medium/root_69.uvl,-1;-1;-1,-4,1.53;1.54;1.44,10420,0.01;0.01;0.01,-3;-3;-3,-4,0.09;0.10;0.07,50331648,-3;-3;-3,-9
synthesized/just_one/aggregate/medium/root_6.uvl,-1;-1;-1,-4,1.60;1.72;1.51,10740,0.02;0.01;0.01,-3;-3;-3,-4,0.04;0.04;0.03,1,2.91;1.49;3.40,1
synthesized/just_one/aggregate/medium/root_70.uvl,-1;-1;-1,-4,1.54;1.32;1.48,10794,0.02;0.01;0.01,-3;-3;-3,-4,0.04;0.04;0.04,32768,-3;-3;-3,-9
synthesized/just_one/aggregate/medium/root_71.uvl,-1;-1;-1,-4,1.50;1.38;1.56,9524,0.01;0.01;0.03,-3;-3;-3,-4,0.03;0.03;0.03,2783138807808,-3;-3;-3,-9
synthesized/just_one/aggregate/medium/root_72.uvl,1.57;1.69;1.54,9411,1.44;1.24;1.21,8057,0.01;0.01;0.01,0.09;0.10;0.09,8,0.03;0.03;0.03,8,-3;-3;-3,-9
synthesized/just_one/aggregate/medium/root_73.uvl,-1;-1;-1,-4,1.60;1.47;1.50,10836,0.01;0.01;0.01,-3;-3;-3,-4,0.03;0.03;0.03,550829555712,-3;-3;-3,-9
synthesized/just_one/aggregate/medium/root_74.uvl,-1;-1;-1,-4,13.38;1.39;1.48,9799,0.01;0.01;0.01,-3;-3;-3,-4,0.03;0.03;0.03,4058744094720,-3;-3;-3,-9
synthesized/just_one/aggregate/medium/root_75.uvl,-1;-1;-1,-4,1.38;1.31;1.33,8863,0.01;0.01;0.01,-3;-3;-3,-4,0.03;0.03;0.03,77309411328,-3;-3;-3,-9
synthesized/just_one/aggregate/medium/root_76.uvl,-1;-1;-1,-4,1.49;1.69;1.72,9195,0.01;0.01;0.01,-3;-3;-3,-4,0.05;0.03;0.03,601157982486528,-3;-3;-3,-9
synthesized/just_one/aggregate/medium/root_77.uvl,-1;-1;-1,-4,1.63;1.76;1.74,11063,0.01;0.01;0.01,-3;-3;-3,-4,0.04;0.04;0.04,3713820117856140824697372672,-3;-3;-3,-9
synthesized/just_one/aggregate/medium/root_78.uvl,-1;-1;-1,-4,1.38;1.58;1.38,9580,0.01;0.01;0.01,-3;-3;-3,-4,0.10;0.06;0.06,154618822656,-3;-3;-3,-9
synthesized/just_one/aggregate/medium/root_79.uvl,-1;-1;-1,-4,1.86;1.62;1.48,10815,0.01;0.01;0.01,-3;-3;-3,-4,0.03;0.03;0.03,1152,-3;-3;-3,-9
synthesized/just_one/aggregate/medium/root_7.uvl,-1;-1;-1,-4,1.33;1.41;1.34,9499,0.01;0.01;0.01,-3;-3;-3,-4,0.03;0.10;0.07,10133099161583616,-3;-3;-3,-9
synthesized/just_one/aggregate/medium/root_80.uvl,-1;-1;-1,-4,1.49;1.59;1.44,10809,0.01;0.01;0.01,-3;-3;-3,-4,0.03;0.03;0.03,9727775195120271360,-3;-3;-3,-9
synthesized/just_one/aggregate/medium/root_81.uvl,-1;-1;-1,-4,1.57;1.40;1.43,10497,0.01;0.01;0.01,-3;-3;-3,-4,0.04;0.03;0.03,9895604649984,-3;-3;-3,-9
synthesized/just_one/aggregate/medium/root_82.uvl,-1;-1;-1,-4,1.55;1.40;1.51,9645,0.01;0.01;0.01,-3;-3;-3,-4,0.03;0.03;0.03,8,-1;-1;-1,-9
synthesized/just_one/aggregate/medium/root_83.uvl,-1;-1;-1,-4,1.62;1.80;1.41,12104,0.02;0.03;0.01,-3;-3;-3,-4,0.04;0.04;0.04,16384,-3;-3;-3,-9
synthesized/just_one/aggregate/medium/root_84.uvl,-1;-1;-1,-4,1.42;1.38;2.18,10110,0.01;0.01;0.01,-3;-3;-3,-4,0.06;0.04;0.04,679477248,-3;-3;-3,-9
synthesized/just_one/aggregate/medium/root_85.uvl,-1;-1;-1,-4,1.53;1.46;1.46,10596,0.01;0.01;0.02,-3;-3;-3,-4,0.03;0.07;0.07,20769187434139310514121985316880384,-3;-3;-3,-9
synthesized/just_one/aggregate/medium/root_86.uvl,-1;-1;-1,-4,1.54;1.59;1.62,10899,0.03;0.04;0.01,-3;-3;-3,-4,0.03;0.04;0.03,927712935936,-3;-3;-3,-9
synthesized/just_one/aggregate/medium/root_87.uvl,-1;-1;-1,-4,1.39;1.48;1.39,9692,0.02;0.02;0.02,-3;-3;-3,-4,0.03;0.03;0.03,31260215089299456,-3;-3;-3,-9
synthesized/just_one/aggregate/medium/root_88.uvl,-1;-1;-1,-4,1.45;1.55;1.54,9605,0.01;0.01;0.01,-3;-3;-3,-4,0.04;0.10;0.03,2533274790395904,-3;-3;-3,-9
synthesized/just_one/aggregate/medium/root_89.uvl,-1;-1;-1,-4,1.58;1.29;1.62,8487,0.01;0.01;0.01,-3;-3;-3,-4,0.06;0.05;0.03,4718592,-3;-3;-3,-9
synthesized/just_one/aggregate/medium/root_8.uvl,-1;-1;-1,-4,1.37;1.60;1.37,9887,0.02;0.02;0.02,-3;-3;-3,-4,0.03;0.03;0.03,52776558133248,-3;-3;-3,-9
synthesized/just_one/aggregate/medium/root_90.uvl,-1;-1;-1,-4,1.47;1.63;1.32,9545,0.03;0.04;0.04,-3;-3;-3,-4,0.03;0.03;0.03,25165824,-3;-3;-3,-9
synthesized/just_one/aggregate/medium/root_91.uvl,1.68;1.60;1.45,12432,1.49;1.32;1.42,7979,0.01;0.01;0.01,0.09;0.09;0.09,64,0.03;0.03;0.03,64,1.19;1.22;1.21,64
synthesized/just_one/aggregate/medium/root_92.uvl,-1;-1;-1,-4,1.58;1.54;1.43,9296,0.01;0.01;0.01,-3;-3;-3,-4,0.04;0.13;0.10,10687253021982720,-3;-3;-3,-9
synthesized/just_one/aggregate/medium/root_93.uvl,-1;-1;-1,-4,1.99;1.65;1.97,11812,0.02;0.01;0.01,-3;-3;-3,-4,0.07;0.09;0.04,9180280442698590295425024,-3;-3;-3,-9
synthesized/just_one/aggregate/medium/root_94.uvl,-1;-1;-1,-4,1.35;1.57;1.51,9954,0.01;0.01;0.01,-3;-3;-3,-4,0.03;0.03;0.03,37748736,-3;-3;-3,-9
synthesized/just_one/aggregate/medium/root_95.uvl,-1;-1;-1,-4,3.19;1.98;1.58,8810,0.01;0.01;0.01,-3;-3;-3,-4,0.05;0.05;0.10,26388279066624,-3;-3;-3,-9
synthesized/just_one/aggregate/medium/root_96.uvl,-1;-1;-1,-4,1.41;1.59;1.45,10896,0.01;0.01;0.01,-3;-3;-3,-4,0.04;0.04;0.04,400771988324352000,-3;-3;-3,-9
synthesized/just_one/aggregate/medium/root_97.uvl,-1;-1;-1,-4,1.70;1.44;1.46,10695,0.01;0.01;0.01,-3;-3;-3,-4,0.08;0.04;0.05,28311552,-3;-3;-3,-9
synthesized/just_one/aggregate/medium/root_98.uvl,-1;-1;-1,-4,1.45;1.37;1.60,9078,0.01;0.01;0.02,-3;-3;-3,-4,0.03;0.03;0.03,4831838208,-3;-3;-3,-9
synthesized/just_one/aggregate/medium/root_99.uvl,-1;-1;-1,-4,1.50;1.57;1.44,11405,0.01;0.01;0.01,-3;-3;-3,-4,0.04;0.04;0.04,49806208999015789363200,-3;-3;-3,-9
synthesized/just_one/aggregate/medium/root_9.uvl,-1;-1;-1,-4,1.37;1.54;1.60,9200,0.02;0.03;0.01,-3;-3;-3,-4,0.08;0.09;0.12,16698832846848,-3;-3;-3,-9
synthesized/just_one/aggregate/small/root_100.uvl,-1;-1;-1,-4,0.74;0.92;1.09,2108,0.00;0.00;0.00,-3;-3;-3,-4,0.01;0.01;0.01,8,-3;-3;-3,-9
synthesized/just_one/aggregate/small/root_10.uvl,-1;-1;-1,-4,0.75;0.75;0.72,1733,0.00;0.01;0.00,-3;-3;-3,-4,0.01;0.01;0.01,384,-3;-3;-3,-9
synthesized/just_one/aggregate/small/root_11.uvl,-1;-1;-1,-4,0.79;0.85;0.82,1935,0.00;0.00;0.04,-3;-3;-3,-4,0.01;0.01;0.01,8192,-3;-3;-3,-9
synthesized/just_one/aggregate/small/root_12.uvl,-1;-1;-1,-4,0.87;0.80;0.77,1887,0.00;0.00;0.00,-3;-3;-3,-4,0.01;0.01;0.01,24,-3;-3;-3,-9
synthesized/just_one/aggregate/small/root_13.uvl,-1;-1;-1,-4,0.95;1.23;0.96,1765,0.03;0.01;0.00,-3;-3;-3,-4,0.01;0.01;0.01,512,-3;-3;-3,-9
synthesized/just_one/aggregate/small/root_14.uvl,-1;-1;-1,-4,0.76;0.84;1.11,2026,0.03;0.00;0.00,-3;-3;-3,-4,0.01;0.01;0.01,48,-3;-3;-3,-9
synthesized/just_one/aggregate/small/root_15.uvl,-1;-1;-1,-4,0.81;0.81;0.73,1833,0.00;0.00;0.00,-3;-3;-3,-4,0.01;0.03;0.01,512,-3;-3;-3,-9
synthesized/just_one/aggregate/small/root_16.uvl,-1;-1;-1,-4,0.75;0.83;0.77,1828,0.00;0.00;0.01,-3;-3;-3,-4,0.01;0.04;0.01,16,0.08;0.08;0.08,16
synthesized/just_one/aggregate/small/root_17.uvl,-1;-1;-1,-4,0.77;0.77;0.74,1878,0.00;0.00;0.02,-3;-3;-3,-4,0.03;0.01;0.01,384,-3;-3;-3,-9
synthesized/just_one/aggregate/small/root_18.uvl,-1;-1;-1,-4,0.74;1.07;0.76,1983,0.00;0.00;0.00,-3;-3;-3,-4,0.04;0.01;0.01,128,-3;-3;-3,-9
synthesized/just_one/aggregate/small/root_19.uvl,-1;-1;-1,-4,0.75;0.93;1.56,1718,0.00;0.00;0.00,-3;-3;-3,-4,0.01;0.01;0.01,4,-3;-3;-3,-9
synthesized/just_one/aggregate/small/root_1.uvl,-1;-1;-1,-4,0.74;0.74;0.76,1513,0.00;0.00;0.00,-3;-3;-3,-4,0.06;0.02;0.02,4,-3;-3;-3,-9
synthesized/just_one/aggregate/small/root_20.uvl,-1;-1;-1,-4,0.71;1.06;0.80,1705,0.00;0.00;0.00,-3;-3;-3,-4,0.01;0.01;0.01,96,-3;-3;-3,-9
synthesized/just_one/aggregate/small/root_21.uvl,-1;-1;-1,-4,0.75;1.23;0.76,1691,0.00;0.00;0.00,-3;-3;-3,-4,0.01;0.01;0.01,576,-3;-3;-3,-9
synthesized/just_one/aggregate/small/root_22.uvl,-1;-1;-1,-4,0.78;0.75;0.73,1718,0.00;0.02;0.00,-3;-3;-3,-4,0.01;0.01;0.01,1280,-3;-3;-3,-9
synthesized/just_one/aggregate/small/root_23.uvl,0.96;1.13;0.73,1820,0.85;0.77;1.07,1325,0.01;0.01;0.01,0.09;0.09;0.08,2,0.01;0.01;0.01,2,0.03;0.03;0.03,2
synthesized/just_one/aggregate/small/root_24.uvl,-1;-1;-1,-4,0.84;0.70;0.69,1576,0.00;0.00;0.00,-3;-3;-3,-4,0.02;0.02;0.01,12,0.32;0.31;0.02,12
synthesized/just_one/aggregate/small/root_25.uvl,-1;-1;-1,-4,0.99;0.88;1.14,1619,0.00;0.00;0.00,-3;-3;-3,-4,0.01;0.02;0.06,147456,-3;-3;-3,-9
synthesized/just_one/aggregate/small/root_26.uvl,-1;-1;-1,-4,0.72;1.09;0.71,1607,0.04;0.00;0.00,-3;-3;-3,-4,0.04;0.06;0.01,128,-3;-3;-3,-9
synthesized/just_one/aggregate/small/root_27.uvl,-1;-1;-1,-4,1.00;0.72;1.09,1618,0.00;0.00;0.00,-3;-3;-3,-4,0.01;0.01;0.08,1152,-3;-3;-3,-9
synthesized/just_one/aggregate/small/root_28.uvl,-1;-1;-1,-4,0.74;0.65;0.73,1437,0.00;0.00;0.00,-3;-3;-3,-4,0.08;0.01;0.02,2,0.73;1.32;2.64,2
synthesized/just_one/aggregate/small/root_29.uvl,-1;-1;-1,-4,1.21;1.53;0.77,1713,0.00;0.00;0.00,-3;-3;-3,-4,0.01;0.01;0.01,512,-3;-3;-3,-9
synthesized/just_one/aggregate/small/root_2.uvl,-1;-1;-1,-4,1.09;0.83;0.82,2155,0.00;0.00;0.00,-3;-3;-3,-4,0.01;0.01;0.01,3072,-3;-3;-3,-9
synthesized/just_one/aggregate/small/root_30.uvl,-1;-1;-1,-4,0.75;0.74;0.72,1534,0.00;0.00;0.00,-3;-3;-3,-4,0.03;0.11;0.01,1152,-3;-3;-3,-9
synthesized/just_one/aggregate/small/root_31.uvl,-1;-1;-1,-4,0.97;0.74;0.71,1550,0.00;0.00;0.00,-3;-3;-3,-4,0.01;0.01;0.01,128,-3;-3;-3,-9
synthesized/just_one/aggregate/small/root_32.uvl,-1;-1;-1,-4,0.81;0.77;0.87,1314,0.00;0.00;0.00,-3;-3;-3,-4,0.05;0.05;0.01,2,-3;-3;-3,-9
synthesized/just_one/aggregate/small/root_33.uvl,-1;-1;-1,-4,0.77;0.83;0.78,1835,0.00;0.00;0.00,-3;-3;-3,-4,0.01;0.01;0.01,13824,-3;-3;-3,-9
synthesized/just_one/aggregate/small/root_34.uvl,-1;-1;-1,-4,0.83;0.91;0.90,1857,0.00;0.00;0.00,-3;-3;-3,-4,0.01;0.01;0.04,12288,-3;-3;-3,-9
synthesized/just_one/aggregate/small/root_35.uvl,-1;-1;-1,-4,0.70;0.68;0.73,1336,0.00;0.00;0.00,-3;-3;-3,-4,0.01;0.01;0.01,-9,0.93;0.92;2.37,1
synthesized/just_one/aggregate/small/root_36.uvl,-1;-1;-1,-4,0.79;0.91;0.79,1645,0.00;0.00;0.03,-3;-3;-3,-4,0.02;0.02;0.01,32,0.16;0.19;0.02,32
synthesized/just_one/aggregate/small/root_37.uvl,-1;-1;-1,-4,0.79;0.94;0.86,2006,0.00;0.01;0.00,-3;-3;-3,-4,0.01;0.07;0.06,2097152,-3;-3;-3,-9
synthesized/just_one/aggregate/small/root_38.uvl,-1;-1;-1,-4,0.73;1.43;1.05,2259,0.01;0.00;0.00,-3;-3;-3,-4,0.01;0.01;0.04,384,-3;-3;-3,-9
synthesized/just_one/aggregate/small/root_39.uvl,-1;-1;-1,-4,0.78;0.77;0.72,1878,0.00;0.00;0.00,-3;-3;-3,-4,0.01;0.01;0.01,8,-3;-3;-3,-9
synthesized/just_one/aggregate/small/root_3.uvl,-1;-1;-1,-4,0.83;0.74;0.77,1872,0.00;0.00;0.01,-3;-3;-3,-4,0.02;0.02;0.03,64,-3;-3;-3,-9
synthesized/just_one/aggregate/small/root_40.uvl,-1;-1;-1,-4,0.78;0.92;0.82,1950,0.00;0.00;0.00,-3;-3;-3,-4,0.01;0.01;0.01,4718592,-3;-3;-3,-9
synthesized/just_one/aggregate/small/root_41.uvl,-1;-1;-1,-4,1.01;0.84;1.41,1657,0.00;0.00;0.00,-3;-3;-3,-4,0.01;0.01;0.01,64,0.03;0.02;0.02,64
synthesized/just_one/aggregate/small/root_42.uvl,-1;-1;-1,-4,0.81;0.77;0.74,1854,0.00;0.00;0.00,-3;-3;-3,-4,0.01;0.01;0.01,768,-3;-3;-3,-9
synthesized/just_one/aggregate/small/root_43.uvl,-1;-1;-1,-4,0.76;0.74;0.71,1887,0.01;0.01;0.02,-3;-3;-3,-4,0.02;0.01;0.02,256,-3;-3;-3,-9
synthesized/just_one/aggregate/small/root_44.uvl,-1;-1;-1,-4,0.73;0.95;0.74,1484,0.00;0.00;0.00,-3;-3;-3,-4,0.01;0.01;0.01,1769472,-3;-3;-3,-9
synthesized/just_one/aggregate/small/root_45.uvl,-1;-1;-1,-4,0.88;0.86;0.80,1967,0.00;0.00;0.00,-3;-3;-3,-4,0.01;0.04;0.04,24,-3;-3;-3,-9
synthesized/just_one/aggregate/small/root_46.uvl,-1;-1;-1,-4,0.77;0.75;0.70,1584,0.00;0.00;0.00,-3;-3;-3,-4,0.01;0.01;0.01,128,-3;-3;-3,-9
synthesized/just_one/aggregate/small/root_47.uvl,0.88;0.71;0.83,1551,0.78;0.62;0.85,1184,0.00;0.00;0.00,0.09;0.09;0.09,1,0.01;0.01;0.01,1,0.21;0.22;0.14,1
synthesized/just_one/aggregate/small/root_48.uvl,-1;-1;-1,-4,0.87;0.83;0.75,2298,0.00;0.00;0.00,-3;-3;-3,-4,0.01;0.01;0.01,128,-3;-3;-3,-9
synthesized/just_one/aggregate/small/root_49.uvl,0.80;0.81;0.83,1833,0.88;0.71;0.75,1655,0.02;0.00;0.00,0.09;0.09;0.09,2,0.01;0.01;0.01,2,1.05;1.86;1.00,2
synthesized/just_one/aggregate/small/root_4.uvl,0.97;1.31;0.94,1916,0.84;0.78;0.82,1668,0.00;0.00;0.00,0.09;0.09;0.09,4,0.01;0.03;0.01,4,0.27;0.58;1.54,4
synthesized/just_one/aggregate/small/root_50.uvl,-1;-1;-1,-4,0.77;0.79;0.78,2247,0.01;0.01;0.01,-3;-3;-3,-4,0.01;0.01;0.01,1,-3;-3;-3,-9
synthesized/just_one/aggregate/small/root_51.uvl,-1;-1;-1,-4,0.76;1.00;0.76,1942,0.00;0.00;0.00,-3;-3;-3,-4,0.01;0.01;0.01,256,-3;-3;-3,-9
synthesized/just_one/aggregate/small/root_52.uvl,-1;-1;-1,-4,0.85;0.85;0.74,1865,0.00;0.01;0.00,-3;-3;-3,-4,0.01;0.01;0.01,4,-3;-3;-3,-9
synthesized/just_one/aggregate/small/root_53.uvl,-1;-1;-1,-4,1.06;0.91;1.26,2188,0.00;0.00;0.00,-3;-3;-3,-4,0.06;0.01;0.01,73728,-3;-3;-3,-9
synthesized/just_one/aggregate/small/root_54.uvl,-1;-1;-1,-4,0.86;0.73;0.89,1963,0.00;0.00;0.00,-3;-3;-3,-4,0.01;0.01;0.01,64,-3;-3;-3,-9
synthesized/just_one/aggregate/small/root_55.uvl,-1;-1;-1,-4,0.77;0.78;0.79,1810,0.00;0.00;0.00,-3;-3;-3,-4,0.01;0.01;0.01,16384,-3;-3;-3,-9
synthesized/just_one/aggregate/small/root_56.uvl,-1;-1;-1,-4,0.89;0.90;0.79,1901,0.00;0.00;0.04,-3;-3;-3,-4,0.01;0.01;0.01,16777216,-3;-3;-3,-9
synthesized/just_one/aggregate/small/root_57.uvl,-1;-1;-1,-4,0.74;0.83;0.81,1830,0.00;0.00;0.00,-3;-3;-3,-4,0.02;0.01;0.02,32768,-3;-3;-3,-9
synthesized/just_one/aggregate/small/root_58.uvl,-1;-1;-1,-4,0.81;0.81;0.75,1666,0.00;0.00;0.01,-3;-3;-3,-4,0.01;0.01;0.01,160,-3;-3;-3,-9
synthesized/just_one/aggregate/small/root_59.uvl,-1;-1;-1,-4,7.53;0.83;1.53,1784,0.00;0.00;0.00,-3;-3;-3,-4,0.01;0.01;0.01,12,-3;-3;-3,-9
synthesized/just_one/aggregate/small/root_5.uvl,-1;-1;-1,-4,0.73;0.95;0.83,1941,0.00;0.00;0.00,-3;-3;-3,-4,0.01;0.01;0.01,-9,-3;-3;-3,-9
synthesized/just_one/aggregate/small/root_60.uvl,-1;-1;-1,-4,0.85;0.81;0.80,1747,0.06;0.03;0.02,-3;-3;-3,-4,0.01;0.01;0.01,8192,-3;-3;-3,-9
synthesized/just_one/aggregate/small/root_61.uvl,-1;-1;-1,-4,1.06;1.04;1.25,1722,0.00;0.00;0.00,-3;-3;-3,-4,0.01;0.01;0.01,294912,-3;-3;-3,-9
synthesized/just_one/aggregate/small/root_62.uvl,-1;-1;-1,-4,0.78;0.84;0.75,1751,0.00;0.00;0.00,-3;-3;-3,-4,0.01;0.01;0.01,128,-3;-3;-3,-9
synthesized/just_one/aggregate/small/root_63.uvl,-1;-1;-1,-4,0.77;1.01;0.78,1832,0.00;0.00;0.00,-3;-3;-3,-4,0.01;0.01;0.01,2816,-3;-3;-3,-9
synthesized/just_one/aggregate/small/root_64.uvl,-1;-1;-1,-4,0.81;0.84;1.06,1716,0.00;0.00;0.00,-3;-3;-3,-4,0.01;0.01;0.01,49152,-3;-3;-3,-9
synthesized/just_one/aggregate/small/root_65.uvl,0.99;0.77;0.74,1662,0.78;0.83;0.97,1453,0.00;0.00;0.00,0.09;0.09;0.09,1,0.02;0.01;0.01,1,0.06;0.07;0.05,1
synthesized/just_one/aggregate/small/root_66.uvl,-1;-1;-1,-4,0.76;0.85;0.76,1968,0.00;0.00;0.00,-3;-3;-3,-4,0.01;0.01;0.01,4,-3;-3;-3,-9
synthesized/just_one/aggregate/small/root_67.uvl,-1;-1;-1,-4,0.79;0.72;0.73,1641,0.02;0.00;0.00,-3;-3;-3,-4,0.01;0.01;0.06,256,-3;-3;-3,-9
synthesized/just_one/aggregate/small/root_68.uvl,-1;-1;-1,-4,0.77;0.76;0.67,1624,0.00;0.00;0.00,-3;-3;-3,-4,0.01;0.01;0.01,8388608,0.06;0.06;0.02,8388608
synthesized/just_one/aggregate/small/root_69.uvl,-1;-1;-1,-4,0.78;0.83;0.76,1666,0.00;0.00;0.00,-3;-3;-3,-4,0.01;0.01;0.01,12288,-3;-3;-3,-9
synthesized/just_one/aggregate/small/root_6.uvl,-1;-1;-1,-4,0.76;0.76;0.85,1648,0.00;0.00;0.00,-3;-3;-3,-4,0.01;0.01;0.01,4,-3;-3;-3,-9
synthesized/just_one/aggregate/small/root_70.uvl,-1;-1;-1,-4,0.80;1.38;0.70,1759,0.00;0.00;0.00,-3;-3;-3,-4,0.01;0.01;0.01,2304,-3;-3;-3,-9
synthesized/just_one/aggregate/small/root_71.uvl,-1;-1;-1,-4,1.37;0.95;0.71,1682,0.01;0.02;0.00,-3;-3;-3,-4,0.01;0.01;0.01,2,-3;-3;-3,-9
synthesized/just_one/aggregate/small/root_72.uvl,-1;-1;-1,-4,0.83;0.92;0.89,2053,0.00;0.00;0.00,-3;-3;-3,-4,0.01;0.01;0.01,12,-3;-3;-3,-9
synthesized/just_one/aggregate/small/root_73.uvl,-1;-1;-1,-4,0.73;0.83;0.78,1953,0.01;0.00;0.00,-3;-3;-3,-4,0.01;0.02;0.01,2,0.14;0.13;0.12,2
synthesized/just_one/aggregate/small/root_74.uvl,-1;-1;-1,-4,0.78;0.73;0.77,1528,0.00;0.00;0.00,-3;-3;-3,-4,0.01;0.01;0.01,2,0.03;0.11;0.11,2
synthesized/just_one/aggregate/small/root_75.uvl,-1;-1;-1,-4,0.73;0.71;0.90,1479,0.00;0.00;0.01,-3;-3;-3,-4,0.01;0.01;0.01,1105920,-3;-3;-3,-9
synthesized/just_one/aggregate/small/root_76.uvl,-1;-1;-1,-4,1.02;0.86;0.85,1846,0.01;0.01;0.01,-3;-3;-3,-4,0.01;0.01;0.12,3072,-3;-3;-3,-9
synthesized/just_one/aggregate/small/root_77.uvl,-1;-1;-1,-4,0.74;0.74;0.73,1666,0.00;0.00;0.00,-3;-3;-3,-4,0.04;0.01;0.02,2,-3;-3;-3,-9
synthesized/just_one/aggregate/small/root_78.uvl,-1;-1;-1,-4,0.88;1.47;0.75,2236,0.00;0.00;0.00,-3;-3;-3,-4,0.01;0.01;0.01,16,0.03;0.03;0.03,16
synthesized/just_one/aggregate/small/root_79.uvl,-1;-1;-1,-4,0.80;1.57;0.83,1796,0.00;0.00;0.00,-3;-3;-3,-4,0.01;0.01;0.01,40,0.08;0.18;0.08,40
synthesized/just_one/aggregate/small/root_7.uvl,-1;-1;-1,-4,0.75;0.75;0.75,1814,0.00;0.00;0.02,-3;-3;-3,-4,0.01;0.01;0.01,2,-3;-3;-3,-9
synthesized/just_one/aggregate/small/root_80.uvl,-1;-1;-1,-4,0.83;0.75;0.67,1545,0.02;0.00;0.00,-3;-3;-3,-4,0.08;0.01;0.01,294912,-3;-3;-3,-9
synthesized/just_one/aggregate/small/root_81.uvl,-1;-1;-1,-4,0.74;0.70;0.79,1262,0.03;0.00;0.00,-3;-3;-3,-4,0.01;0.01;0.01,192,-3;-3;-3,-9
synthesized/just_one/aggregate/small/root_82.uvl,-1;-1;-1,-4,0.81;0.78;0.76,1512,0.00;0.00;0.00,-3;-3;-3,-4,0.06;0.03;0.02,128,-3;-3;-3,-9
synthesized/just_one/aggregate/small/root_83.uvl,-1;-1;-1,-4,0.73;1.64;0.96,1709,0.00;0.00;0.00,-3;-3;-3,-4,0.02;0.02;0.07,294912,-3;-3;-3,-9
synthesized/just_one/aggregate/small/root_84.uvl,-1;-1;-1,-4,0.74;0.72;0.76,1529,0.00;0.00;0.00,-3;-3;-3,-4,0.01;0.01;0.01,98304,-3;-3;-3,-9
synthesized/just_one/aggregate/small/root_85.uvl,-1;-1;-1,-4,0.99;0.83;0.82,1978,0.02;0.03;0.00,-3;-3;-3,-4,0.01;0.02;0.02,-9,-3;-3;-3,-9
synthesized/just_one/aggregate/small/root_86.uvl,-1;-1;-1,-4,0.71;0.94;0.97,1376,0.00;0.00;0.00,-3;-3;-3,-4,0.01;0.01;0.01,983040,-3;-3;-3,-9
synthesized/just_one/aggregate/small/root_87.uvl,-1;-1;-1,-4,0.69;0.91;0.74,1457,0.00;0.00;0.00,-3;-3;-3,-4,0.01;0.01;0.01,12,-3;-3;-3,-9
synthesized/just_one/aggregate/small/root_88.uvl,-1;-1;-1,-4,0.82;1.22;0.80,2025,0.00;0.00;0.00,-3;-3;-3,-4,0.04;0.01;0.01,-9,-3;-3;-3,-9
synthesized/just_one/aggregate/small/root_89.uvl,-1;-1;-1,-4,0.85;0.83;0.77,2017,0.00;0.00;0.00,-3;-3;-3,-4,0.01;0.01;0.01,12288,-3;-3;-3,-9
synthesized/just_one/aggregate/small/root_8.uvl,-1;-1;-1,-4,0.71;1.07;1.12,1310,0.00;0.00;0.00,-3;-3;-3,-4,0.01;0.01;0.01,262144,-3;-3;-3,-9
synthesized/just_one/aggregate/small/root_90.uvl,-1;-1;-1,-4,0.78;0.86;0.98,2272,0.00;0.00;0.00,-3;-3;-3,-4,0.01;0.05;0.06,512,0.02;0.21;0.02,512
synthesized/just_one/aggregate/small/root_91.uvl,-1;-1;-1,-4,0.85;0.79;0.82,1976,0.00;0.00;0.00,-3;-3;-3,-4,0.02;0.01;0.01,1024,-3;-3;-3,-9
synthesized/just_one/aggregate/small/root_92.uvl,-1;-1;-1,-4,0.98;0.78;0.82,2159,0.01;0.01;0.01,-3;-3;-3,-4,0.01;0.01;0.01,384,-3;-3;-3,-9
synthesized/just_one/aggregate/small/root_93.uvl,-1;-1;-1,-4,0.81;0.84;0.83,2114,0.00;0.00;0.01,-3;-3;-3,-4,0.01;0.01;0.01,1,0.93;0.94;2.64,1
synthesized/just_one/aggregate/small/root_94.uvl,-1;-1;-1,-4,0.69;1.09;0.86,1425,0.01;0.04;0.02,-3;-3;-3,-4,0.01;0.04;0.05,4,-3;-3;-3,-9
synthesized/just_one/aggregate/small/root_95.uvl,-1;-1;-1,-4,0.69;0.75;0.66,1277,0.00;0.00;0.00,-3;-3;-3,-4,0.01;0.01;0.01,491520,-3;-3;-3,-9
synthesized/just_one/aggregate/small/root_96.uvl,-1;-1;-1,-4,1.32;0.96;0.97,2038,0.03;0.00;0.00,-3;-3;-3,-4,0.01;0.01;0.01,33554432,0.02;0.02;0.02,33554432
synthesized/just_one/aggregate/small/root_97.uvl,-1;-1;-1,-4,0.89;0.78;0.76,2004,0.00;0.02;0.02,-3;-3;-3,-4,0.01;0.01;0.01,384,-3;-3;-3,-9
synthesized/just_one/aggregate/small/root_98.uvl,-1;-1;-1,-4,0.79;0.82;0.78,2080,0.00;0.00;0.00,-3;-3;-3,-4,0.06;0.01;0.01,640,-3;-3;-3,-9
synthesized/just_one/aggregate/small/root_99.uvl,-1;-1;-1,-4,1.01;1.15;0.75,2046,0.00;0.00;0.00,-3;-3;-3,-4,0.01;0.01;0.01,1024,-3;-3;-3,-9
synthesized/just_one/aggregate/small/root_9.uvl,-1;-1;-1,-4,0.82;0.76;0.74,1640,0.00;0.00;0.00,-3;-3;-3,-4,0.01;0.01;0.01,3072,-3;-3;-3,-9
synthesized/just_one/expression/large/root_100.uvl,3.61;2.89;3.00,44869,2.49;2.49;2.71,45352,0.09;0.06;0.05,0.14;0.14;0.14,17929748819506223669665296782427159464572738095607494529098879906034483200,0.20;0.20;0.20,143437990556049789357322374259417275716581904764859956232791039248275865600,-3;-3;-3,-9
synthesized/just_one/expression/large/root_10.uvl,2.63;2.72;2.69,42717,2.30;2.15;2.40,34840,0.04;0.04;0.04,0.14;0.13;0.12,198929294563914656862152899258728336040182460318939086976185590757263798805013350213222400,0.14;0.14;0.14,198929294563914656862152899258728336040182460318939086976185590757263798805013350213222400,-3;-3;-3,-9
synthesized/just_one/expression/large/root_11.uvl,2.92;3.08;3.54,50555,5.09;2.53;2.52,47205,0.05;0.05;0.05,0.13;0.13;0.13,2057557348793804321694597856690020466510371225600,0.19;0.19;0.19,2057557348793804321694597856690020466510371225600,-3;-3;-3,-9
synthesized/just_one/expression/large/root_12.uvl,2.87;3.43;3.61,43003,2.46;2.41;2.39,42014,0.05;0.10;0.08,0.13;0.13;0.14,238602821113274074445747549547593983257283106786828825395200000,0.16;0.16;0.15,238602821113274074445747549547593983257283106786828825395200000,-3;-3;-3,-9
synthesized/just_one/expression/large/root_13.uvl,3.07;2.96;2.95,33968,2.36;2.26;2.42,32983,0.05;0.04;0.04,0.13;0.13;0.12,29571753202124135478115092375011328,0.13;0.14;0.14,29571753202124135478115092375011328,-3;-3;-3,-9
synthesized/just_one/expression/large/root_14.uvl,3.55;3.75;2.81,49309,2.58;2.88;2.69,44304,0.05;0.05;0.05,0.32;0.13;0.13,1375766078424697148721857779890611753275703479882245413710717231017492480000,0.24;0.19;0.18,1375766078424697148721857779890611753275703479882245413710717231017492480000,-3;-3;-3,-9
synthesized/just_one/expression/large/root_15.uvl,2.76;3.07;2.88,35278,2.69;2.55;2.39,34641,0.04;0.04;0.04,0.13;0.13;0.13,141009107599850346937728368640,0.15;0.15;0.15,141009107599850346937728368640,-3;-3;-3,-9
synthesized/just_one/expression/large/root_16.uvl,2.96;3.00;2.69,39837,2.42;2.47;2.54,38750,0.04;0.04;0.05,0.14;0.14;0.14,343652656958846452759310424125148860533635085455702838868698988544,0.22;0.20;0.15,343652656958846452759310424125148860533635085455702838868698988544,-3;-3;-3,-9
synthesized/just_one/expression/large/root_17.uvl,2.79;2.69;2.75,44915,2.45;2.50;2.53,42631,0.05;0.05;0.05,0.12;0.13;0.13,2918332558536081408,0.16;0.17;0.17,2918332558536081408,-3;-3;-3,-9
synthesized/just_one/expression/large/root_18.uvl,3.21;3.45;2.90,38072,2.61;2.57;2.66,37247,0.04;0.04;0.04,0.13;0.13;0.28,31578820436057365376287942882885632,0.13;0.14;0.14,63157640872114730752575885765771264,-3;-3;-3,-9
synthesized/just_one/expression/large/root_19.uvl,3.13;3.15;3.01,43069,2.64;2.43;2.44,41278,0.04;0.05;0.05,0.31;0.32;0.16,687333229544410914041248085116525877695877262348889620480,0.15;0.15;0.15,687333229544410914041248085116525877695877262348889620480,-3;-3;-3,-9
synthesized/just_one/expression/large/root_1.uvl,2.78;2.83;3.57,46423,2.41;2.49;2.46,39972,0.05;0.04;0.05,0.14;0.12;0.13,347098617559941899517063811945691122144795846657083252425097216,0.16;0.22;0.16,347098617559941899517063811945691122144795846657083252425097216,-3;-3;-3,-9
synthesized/just_one/expression/large/root_20.uvl,2.61;2.46;2.35,45574,2.24;2.32;2.47,36347,0.04;0.04;0.04,0.09;0.09;0.09,35184372088832,0.22;0.22;0.14,35184372088832,-3;-3;-3,-9
synthesized/just_one/expression/large/root_21.uvl,3.35;3.34;2.92,43150,2.58;2.66;2.48,40061,0.05;0.05;0.05,0.13;0.12;0.12,525720056926651297388712753333534720,0.19;0.18;0.16,525720056926651297388712753333534720,-3;-3;-3,-9
synthesized/just_one/expression/large/root_22.uvl,3.15;3.03;3.05,45249,3.07;2.79;2.55,42196,0.05;0.05;0.05,0.12;0.12;0.29,11382825540385131274918722110294056093607852572571130007334838338313892296124268544,0.15;0.15;0.15,11382825540385131274918722110294056093607852572571130007334838338313892296124268544,-3;-3;-3,-9
synthesized/just_one/expression/large/root_23.uvl,2.83;3.30;3.15,43218,2.81;2.43;2.71,40794,0.05;0.05;0.05,0.13;0.13;0.13,2354687517693104921372907093074822006046720,0.17;0.17;0.23,2354687517693104921372907093074822006046720,-3;-3;-3,-9
synthesized/just_one/expression/large/root_24.uvl,2.85;2.90;3.37,44151,2.74;2.69;2.54,43524,0.05;0.05;0.05,0.14;0.13;0.13,898242003514520615147745930890969088,0.17;0.17;0.16,898242003514520615147745930890969088,-3;-3;-3,-9
synthesized/just_one/expression/large/root_25.uvl,2.90;3.19;2.56,63796,2.25;2.43;2.58,38622,0.05;0.05;0.05,0.13;0.31;0.13,436645713459574388010650481130078843665999192314070921882858385694826830443043499280559552483056821923574674258568114339235756887407291547593705796105332195401252962005864035936012111583887062607105218523232756836188613177635766272,0.14;0.13;0.16,873291426919148776021300962260157687331998384628141843765716771389653660886086998561119104966113643847149348517136228678471513774814583095187411592210664390802505924011728071872024223167774125214210437046465513672377226355271532544,-3;-3;-3,-9
synthesized/just_one/expression/large/root_26.uvl,3.54;3.30;2.74,36575,2.48;2.98;2.59,36280,0.04;0.04;0.10,0.13;0.13;0.13,75057957525501742765807254754325372576396667294631746725279170560,0.15;0.15;0.15,75057957525501742765807254754325372576396667294631746725279170560,-3;-3;-3,-9
synthesized/just_one/expression/large/root_27.uvl,2.74;2.89;3.40,42064,2.31;2.67;2.80,39422,0.07;0.07;0.05,0.13;0.12;0.28,54147497318342533224087693557760,0.17;0.17;0.16,54147497318342533224087693557760,-3;-3;-3,-9
synthesized/just_one/expression/large/root_28.uvl,3.15;2.87;3.10,44333,2.57;2.38;2.77,42774,0.05;0.05;0.05,0.14;0.14;0.14,2444378130367039534173182253747744314214321016012800000,0.14;0.15;0.14,2444378130367039534173182253747744314214321016012800000,-3;-3;-3,-9
synthesized/just_one/expression/large/root_29.uvl,3.07;3.50;3.38,34093,2.43;2.36;2.66,33249,0.04;0.04;0.04,0.13;0.34;0.30,66536444704779304825758957843775488,0.14;0.20;0.13,66536444704779304825758957843775488,-3;-3;-3,-9
synthesized/just_one/expression/large/root_2.uvl,3.02;3.19;3.23,49081,3.12;2.37;2.56,42464,0.05;0.05;0.05,0.12;0.12;0.13,1234128417990904531616226886918012878737051899225184897511456768,0.15;0.14;0.14,1234128417990904531616226886918012878737051899225184897511456768,-3;-3;-3,-9
synthesized/just_one/expression/large/root_30.uvl,2.85;3.07;3.36,35822,2.34;2.17;2.20,33745,0.04;0.04;0.04,0.13;0.14;0.14,2684354560,0.16;0.12;0.12,2684354560,-3;-3;-3,-9
synthesized/just_one/expression/large/root_31.uvl,2.96;3.13;3.31,38865,2.38;3.06;2.48,36720,0.04;0.04;0.04,0.13;0.13;0.13,59190816311901568187249235725009462296065267990528000,0.14;0.13;0.13,59190816311901568187249235725009462296065267990528000,-3;-3;-3,-9
synthesized/just_one/expression/large/root_32.uvl,2.55;2.53;2.52,35821,2.48;2.41;2.28,34480,0.04;0.05;0.07,0.13;0.14;0.14,75996181994570514550379845438754439733601625635814643559345160192000,0.13;0.14;0.14,75996181994570514550379845438754439733601625635814643559345160192000,-3;-3;-3,-9
synthesized/just_one/expression/large/root_33.uvl,2.88;2.74;2.93,42673,2.42;2.37;3.28,42567,0.05;0.05;0.05,0.14;0.13;0.14,24639331554099758504465677117777262687280355841409024000,0.20;0.16;0.16,24639331554099758504465677117777262687280355841409024000,-3;-3;-3,-9
synthesized/just_one/expression/large/root_34.uvl,5.15;2.98;2.80,35231,2.45;2.53;2.27,34390,0.04;0.04;0.04,0.14;0.14;0.14,3427211721019216300377622595638343441121530311181720554255487231105471348736000,0.16;0.16;0.16,3427211721019216300377622595638343441121530311181720554255487231105471348736000,-3;-3;-3,-9
synthesized/just_one/expression/large/root_35.uvl,2.89;3.38;3.10,40445,2.69;2.41;2.42,37925,0.05;0.05;0.05,0.13;0.12;0.13,1542287114373363169631404032,0.15;0.16;0.15,1542287114373363169631404032,-3;-3;-3,-9
synthesized/just_one/expression/large/root_36.uvl,2.76;2.98;3.06,40479,2.41;2.60;2.41,40171,0.04;0.05;0.05,0.15;0.14;0.16,294159941570023982080446275336695584965646484381060457118028498458378240,0.16;0.15;0.19,294159941570023982080446275336695584965646484381060457118028498458378240,-3;-3;-3,-9
synthesized/just_one/expression/large/root_37.uvl,2.89;3.00;2.85,49928,2.52;2.57;2.59,43712,0.05;0.05;0.05,0.12;0.12;0.12,32014196832333181710708905935202032763272085360356303145629232826507822082849505280,0.17;0.16;0.17,32014196832333181710708905935202032763272085360356303145629232826507822082849505280,-3;-3;-3,-9
synthesized/just_one/expression/large/root_38.uvl,3.19;3.67;2.79,46784,2.34;2.52;2.82,40306,0.05;0.05;0.05,0.30;0.13;0.12,95486061390679035293833391644189601299287580953090761748569083563486623426406408102346752,0.15;0.15;0.19,95486061390679035293833391644189601299287580953090761748569083563486623426406408102346752,-3;-3;-3,-9
synthesized/just_one/expression/large/root_39.uvl,3.24;3.39;4.10,45174,2.75;2.50;2.54,45353,0.06;0.06;0.05,0.14;0.13;0.18,244134001834421118247943007409997545586923929600,0.16;0.17;0.17,244134001834421118247943007409997545586923929600,-3;-3;-3,-9
synthesized/just_one/expression/large/root_3.uvl,2.74;2.80;2.89,35192,2.46;2.25;2.25,32693,0.04;0.04;0.04,0.30;0.13;0.14,7760810910365458114876524842897972920320000000,0.13;0.14;0.13,15521621820730916229753049685795945840640000000,-3;-3;-3,-9
synthesized/just_one/expression/large/root_40.uvl,2.97;2.87;5.37,44299,2.51;2.66;2.61,43286,0.05;0.05;0.05,0.13;0.13;0.14,595358029164873935675520213162621662763417600,0.20;0.16;0.16,595358029164873935675520213162621662763417600,-3;-3;-3,-9
synthesized/just_one/expression/large/root_41.uvl,2.90;3.39;3.07,38307,2.88;2.60;2.61,36885,0.04;0.05;0.04,0.13;0.14;0.14,12579498727984022160098112972130646113796952582304825344000,0.14;0.14;0.18,12579498727984022160098112972130646113796952582304825344000,-3;-3;-3,-9
synthesized/just_one/expression/large/root_42.uvl,2.88;3.11;3.07,40170,2.60;2.35;2.61,39049,0.04;0.05;0.05,0.12;0.12;0.13,4990233352858447861931921838283161600,0.18;0.18;0.15,4990233352858447861931921838283161600,-3;-3;-3,-9
synthesized/just_one/expression/large/root_43.uvl,2.93;2.66;2.46,46990,2.55;2.32;2.33,43184,0.04;0.05;0.05,0.10;0.10;0.09,24,0.15;0.15;0.15,24,-1;-1;-1,-9
synthesized/just_one/expression/large/root_44.uvl,2.54;2.65;2.57,37633,2.43;2.38;2.31,33826,0.04;0.04;0.04,0.16;0.15;0.15,40839755997675269719628318924249682730661667462522220820681452030588933472464547347754502290941665624804839915520000000000,0.15;0.15;0.14,40839755997675269719628318924249682730661667462522220820681452030588933472464547347754502290941665624804839915520000000000,-3;-3;-3,-9
synthesized/just_one/expression/large/root_45.uvl,2.96;2.77;2.75,39193,2.96;2.53;2.32,36615,0.05;0.05;0.05,0.13;0.13;0.13,53065263024952604307843085795780739054919991366886608814556236053531852800000,0.13;0.14;0.14,106130526049905208615686171591561478109839982733773217629112472107063705600000,-3;-3;-3,-9
synthesized/just_one/expression/large/root_46.uvl,2.93;3.13;3.22,35895,2.53;2.38;2.37,34031,0.04;0.04;0.04,0.13;0.13;0.12,6828042164886106193475406220719475325901083770880000,0.15;0.16;0.16,6828042164886106193475406220719475325901083770880000,-3;-3;-3,-9
synthesized/just_one/expression/large/root_47.uvl,3.00;2.93;2.77,38862,2.40;2.73;2.55,36936,0.07;0.04;0.04,0.14;0.14;0.14,61438333225807190037109220865106940726725043137019904000,0.16;0.16;0.16,61438333225807190037109220865106940726725043137019904000,-3;-3;-3,-9
synthesized/just_one/expression/large/root_48.uvl,2.89;2.69;2.83,45648,2.34;2.62;2.82,42888,0.05;0.05;0.05,0.28;0.12;0.12,1641562064176545792,0.15;0.15;0.15,1641562064176545792,-3;-3;-3,-9
synthesized/just_one/expression/large/root_49.uvl,3.45;2.89;3.45,47961,2.54;2.66;2.48,44584,0.05;0.05;0.05,0.13;0.13;0.13,22110526260396918461601285748241974606216663069536087006065098355638272000,0.16;0.18;0.18,22110526260396918461601285748241974606216663069536087006065098355638272000,-3;-3;-3,-9
synthesized/just_one/expression/large/root_4.uvl,2.94;2.90;3.19,44272,2.76;2.44;2.71,44401,0.05;0.06;0.05,0.15;0.33;0.32,1603756491333814638371024876683895044556016018605998080000000,0.16;0.16;0.16,6415025965335258553484099506735580178224064074423992320000000,-3;-3;-3,-9
synthesized/just_one/expression/large/root_50.uvl,3.05;2.90;2.90,45065,2.34;3.12;3.39,40997,0.05;0.05;0.05,0.13;0.14;0.13,1757764813207832051385189653351982328225852293120000000,0.15;0.14;0.15,1757764813207832051385189653351982328225852293120000000,-3;-3;-3,-9
synthesized/just_one/expression/large/root_51.uvl,2.98;3.47;2.86,48532,2.55;2.72;2.63,46406,0.05;0.05;0.06,0.13;0.13;0.12,7931762302491582015247220736000,0.17;0.17;0.25,7931762302491582015247220736000,-3;-3;-3,-9
synthesized/just_one/expression/large/root_52.uvl,3.50;3.54;2.98,36559,2.65;3.02;2.67,34474,0.04;0.04;0.04,0.14;0.19;0.14,91197892454252544,0.12;0.12;0.12,91197892454252544,-3;-3;-3,-9
synthesized/just_one/expression/large/root_53.uvl,3.13;2.81;2.79,40309,2.46;2.43;2.25,37978,0.04;0.04;0.05,0.32;0.13;0.13,20182721560449722463813550545945231360,0.17;0.17;0.14,40365443120899444927627101091890462720,-3;-3;-3,-9
synthesized/just_one/expression/large/root_54.uvl,3.03;4.19;2.91,38038,2.36;2.50;2.81,36651,0.04;0.04;0.04,0.12;0.12;0.12,108381621664858828467863590805071036919064821760,0.16;0.15;0.15,108381621664858828467863590805071036919064821760,-3;-3;-3,-9
synthesized/just_one/expression/large/root_55.uvl,3.15;3.03;3.17,45241,2.64;2.49;3.30,45663,0.05;0.09;0.05,0.13;0.13;0.13,646004805951469114231250231296247463936,0.18;0.17;0.17,646004805951469114231250231296247463936,-3;-3;-3,-9
synthesized/just_one/expression/large/root_56.uvl,2.77;2.82;2.67,41100,2.29;2.43;2.34,34631,0.04;0.04;0.04,0.39;0.13;0.12,599375721660670508425266668120287930703730843391674460964958136248071373853394999063098771788190458462686770775310071595926011330423350778807713792,0.14;0.13;0.19,599375721660670508425266668120287930703730843391674460964958136248071373853394999063098771788190458462686770775310071595926011330423350778807713792,-3;-3;-3,-9
synthesized/just_one/expression/large/root_57.uvl,3.04;3.30;3.22,38032,2.35;2.31;2.27,37809,0.05;0.04;0.04,0.13;0.12;0.12,13369752424282106968910541619200,0.14;0.15;0.15,13369752424282106968910541619200,-3;-3;-3,-9
synthesized/just_one/expression/large/root_58.uvl,2.91;3.00;3.62,43693,2.60;2.48;2.43,40785,0.06;0.06;0.05,0.12;0.28;0.30,40407597268924803882495478254939792927447222948200448,0.16;0.14;0.14,40407597268924803882495478254939792927447222948200448,-3;-3;-3,-9
synthesized/just_one/expression/large/root_59.uvl,15.17;2.92;2.90,39223,2.36;2.71;2.53,39208,0.05;0.04;0.04,0.14;0.14;0.14,72839604579244033658015268178610335324826748513405446524464199618265088000,0.16;0.17;0.16,72839604579244033658015268178610335324826748513405446524464199618265088000,-3;-3;-3,-9
synthesized/just_one/expression/large/root_5.uvl,3.04;3.03;2.85,35361,2.71;2.82;2.86,33172,0.04;0.04;0.04,0.13;0.12;0.28,17993592334307388070964588011264627771986216690703195805717039677440,0.15;0.15;0.15,35987184668614776141929176022529255543972433381406391611434079354880,-3;-3;-3,-9
synthesized/just_one/expression/large/root_60.uvl,2.51;2.50;2.41,37604,2.18;2.39;2.29,33879,0.04;0.04;0.04,0.13;0.13;0.12,84934656,0.13;0.13;0.13,84934656,-3;-3;-3,-9
synthesized/just_one/expression/large/root_61.uvl,3.11;3.04;2.87,46337,2.44;2.97;3.23,45732,0.05;0.05;0.05,0.13;0.12;0.12,48771729749186472810538615862281966613579169792,0.18;0.18;0.18,48771729749186472810538615862281966613579169792,-3;-3;-3,-9
synthesized/just_one/expression/large/root_62.uvl,2.95;3.09;2.73,41161,2.41;2.40;2.56,39670,0.04;0.04;0.07,0.13;0.13;0.13,2574004030367000780720413400354093709752972129445533152444416,0.16;0.16;0.16,2574004030367000780720413400354093709752972129445533152444416,-3;-3;-3,-9
synthesized/just_one/expression/large/root_63.uvl,3.33;3.17;3.27,44472,2.61;2.60;2.49,41690,0.05;0.04;0.05,0.14;0.14;0.31,78596175307520553825427768952959795200,0.17;0.17;0.16,78596175307520553825427768952959795200,-3;-3;-3,-9
synthesized/just_one/expression/large/root_64.uvl,2.85;2.83;2.80,46504,2.58;2.65;2.74,45199,0.05;0.05;0.05,0.13;0.16;0.13,83283504176161611160095817728,0.16;0.16;0.16,83283504176161611160095817728,-3;-3;-3,-9
synthesized/just_one/expression/large/root_65.uvl,2.77;2.87;2.86,35134,2.60;2.29;2.39,34873,0.04;0.04;0.05,0.13;0.13;0.12,802185145456926418134632497152,0.14;0.14;0.14,802185145456926418134632497152,-3;-3;-3,-9
synthesized/just_one/expression/large/root_66.uvl,2.60;2.84;3.52,33015,2.14;2.44;2.29,30931,0.03;0.04;0.04,0.27;0.31;0.19,3799912185593856,0.18;0.15;0.12,3799912185593856,-3;-3;-3,-9
synthesized/just_one/expression/large/root_67.uvl,2.91;4.07;2.87,36419,2.60;2.38;2.47,34363,0.04;0.04;0.04,0.13;0.14;0.14,204794444086023966790364069550356469089083477123399680000,0.14;0.14;0.14,409588888172047933580728139100712938178166954246799360000,-3;-3;-3,-9
synthesized/just_one/expression/large/root_68.uvl,3.01;3.21;2.75,52180,2.50;2.50;2.59,43407,0.05;0.05;0.05,0.12;0.29;0.29,78222181491244265712708314434920121384376386316771952024427793255208241910912129517442459238400,0.17;0.17;0.16,78222181491244265712708314434920121384376386316771952024427793255208241910912129517442459238400,-3;-3;-3,-9
synthesized/just_one/expression/large/root_69.uvl,2.64;3.23;2.94,33941,2.30;2.50;2.57,32232,0.04;0.04;0.04,0.13;0.13;0.12,5274500039632555023875311888487601293544652800,0.11;0.11;0.15,10549000079265110047750623776975202587089305600,-3;-3;-3,-9
synthesized/just_one/expression/large/root_6.uvl,2.65;2.79;2.68,35647,2.61;2.28;2.22,35048,0.05;0.04;0.04,0.13;0.13;0.14,4061062298875689991806577016832000,0.13;0.17;0.13,16244249195502759967226308067328000,-3;-3;-3,-9
synthesized/just_one/expression/large/root_70.uvl,3.03;3.82;3.06,46404,2.48;2.44;2.54,44188,0.05;0.05;0.05,0.15;0.14;0.14,1972947077080385003073275050321667749058659689243590849986560000,0.16;0.16;0.21,1972947077080385003073275050321667749058659689243590849986560000,-3;-3;-3,-9
synthesized/just_one/expression/large/root_71.uvl,2.55;2.80;3.11,36002,2.56;2.54;2.45,34270,0.04;0.04;0.04,0.13;0.13;0.13,14716796985581905758580669331717637537792,0.16;0.18;0.15,14716796985581905758580669331717637537792,-3;-3;-3,-9
synthesized/just_one/expression/large/root_72.uvl,2.63;2.64;2.73,35939,2.24;2.69;2.33,36079,0.04;0.04;0.04,0.13;0.13;0.13,261482597244832894156800,0.13;0.17;0.19,261482597244832894156800,-3;-3;-3,-9
synthesized/just_one/expression/large/root_73.uvl,2.76;3.23;3.39,44263,2.44;2.35;2.34,40354,0.05;0.05;0.05,0.12;0.40;0.45,1042962419883256876169444192465601618458351817556959360325703910069443225478828393565899456512,0.13;0.15;0.13,1042962419883256876169444192465601618458351817556959360325703910069443225478828393565899456512,-3;-3;-3,-9
synthesized/just_one/expression/large/root_74.uvl,3.00;2.83;2.85,44016,2.46;2.47;2.50,44626,0.05;0.05;0.05,0.30;0.14;0.13,6375194751874021038489600,0.16;0.16;0.16,6375194751874021038489600,-3;-3;-3,-9
synthesized/just_one/expression/large/root_75.uvl,2.87;2.91;2.88,40479,2.42;2.50;2.56,35843,0.04;0.04;0.04,0.13;0.13;0.13,304614590418546554397042573941500895152928877909940785846366164862446188601692268156247188170620803257770030501130763506601164800,0.13;0.12;0.12,304614590418546554397042573941500895152928877909940785846366164862446188601692268156247188170620803257770030501130763506601164800,-3;-3;-3,-9
synthesized/just_one/expression/large/root_76.uvl,2.81;2.72;3.25,40406,2.59;2.66;2.59,38353,0.04;0.05;0.05,0.14;0.14;0.13,166355755170214900121537216417961545272183896423043782311270930087176513982975878480527360000000,0.16;0.17;0.15,166355755170214900121537216417961545272183896423043782311270930087176513982975878480527360000000,-3;-3;-3,-9
synthesized/just_one/expression/large/root_77.uvl,2.98;3.02;3.50,43245,2.60;2.64;2.59,42661,0.05;0.05;0.05,0.12;0.13;0.30,323002402975734557115625115648123731968,0.20;0.20;0.19,323002402975734557115625115648123731968,-3;-3;-3,-9
synthesized/just_one/expression/large/root_78.uvl,2.92;3.03;3.17,35117,2.31;2.30;2.39,34483,0.05;0.05;0.04,0.32;0.14;0.14,75701634470976393245170293420843346233770096132562134881054172328738480185928673394688000,0.15;0.15;0.15,75701634470976393245170293420843346233770096132562134881054172328738480185928673394688000,-3;-3;-3,-9
synthesized/just_one/expression/large/root_79.uvl,2.72;2.88;3.00,38190,2.27;2.42;2.69,36300,0.04;0.04;0.04,0.12;0.12;0.12,19471113219505603606989361234575360,0.14;0.15;0.14,19471113219505603606989361234575360,-3;-3;-3,-9
synthesized/just_one/expression/large/root_7.uvl,2.95;2.80;2.88,40104,2.51;2.36;2.35,38839,0.04;0.04;0.05,0.13;0.13;0.36,7476907476290151785083914714076938240,0.15;0.15;0.13,14953814952580303570167829428153876480,-3;-3;-3,-9
synthesized/just_one/expression/large/root_80.uvl,2.86;2.54;2.58,37043,2.24;2.53;2.29,33757,0.04;0.04;0.05,0.14;0.14;0.14,278306330546522880433519941792313622071295015756157141940961280,0.16;0.15;0.15,278306330546522880433519941792313622071295015756157141940961280,-3;-3;-3,-9
synthesized/just_one/expression/large/root_81.uvl,2.98;2.97;2.84,34696,2.53;2.45;2.29,35413,0.04;0.04;0.04,0.12;0.12;0.12,171132831030810969202054932725760,0.15;0.15;0.14,171132831030810969202054932725760,-3;-3;-3,-9
synthesized/just_one/expression/large/root_82.uvl,2.84;2.82;3.01,32379,2.37;2.25;2.29,32425,0.04;0.04;0.04,0.31;0.13;0.12,1635199665064656195397852147968626393088,0.14;0.16;0.13,3270399330129312390795704295937252786176,-3;-3;-3,-9
synthesized/just_one/expression/large/root_83.uvl,2.80;2.76;2.88,44097,2.44;2.56;2.51,41858,0.05;0.05;0.05,0.13;0.15;0.13,87578595342665759976905228261869486080,0.17;0.16;0.16,87578595342665759976905228261869486080,-3;-3;-3,-9
synthesized/just_one/expression/large/root_84.uvl,2.84;6.04;3.08,41604,2.65;2.42;2.56,39565,0.04;0.04;0.04,0.13;0.13;0.13,134736300527178092272161889633645363200,0.16;0.18;0.17,134736300527178092272161889633645363200,-3;-3;-3,-9
synthesized/just_one/expression/large/root_85.uvl,2.99;2.95;2.83,47696,2.50;2.43;2.49,45358,0.05;0.05;0.05,0.13;0.12;0.13,6272084587086737758556920764182351673556992,0.18;0.18;0.19,12544169174173475517113841528364703347113984,-3;-3;-3,-9
synthesized/just_one/expression/large/root_86.uvl,3.10;3.60;3.03,45042,2.73;2.63;2.52,44505,0.05;0.05;0.05,0.16;0.13;0.28,1531270651144223085585185733442956951552,0.16;0.15;0.16,3062541302288446171170371466885913903104,-3;-3;-3,-9
synthesized/just_one/expression/large/root_87.uvl,3.10;2.92;2.86,35376,2.25;2.28;2.29,34754,0.04;0.04;0.04,0.36;0.36;0.13,421387745032971125083053641050116191541324027002880,0.15;0.16;0.18,421387745032971125083053641050116191541324027002880,-3;-3;-3,-9
synthesized/just_one/expression/large/root_88.uvl,3.02;2.55;3.71,41248,2.49;2.52;2.31,39414,0.04;0.04;0.04,0.12;0.12;0.13,7219666309112337763211692474368,0.15;0.14;0.14,7219666309112337763211692474368,-3;-3;-3,-9
synthesized/just_one/expression/large/root_89.uvl,3.02;2.68;2.69,41594,2.43;2.37;2.35,33738,0.04;0.04;0.04,0.13;0.13;0.12,1405749401117764693044108438380049044686423178961187172321643724800,0.16;0.16;0.13,2811498802235529386088216876760098089372846357922374344643287449600,-3;-3;-3,-9
synthesized/just_one/expression/large/root_8.uvl,2.79;2.81;2.96,47245,2.38;2.39;2.65,36411,0.09;0.07;0.06,0.14;0.09;0.10,35917864239044270117773758448835371491064198176178176,0.14;0.14;0.13,35917864239044270117773758448835371491064198176178176,-3;-3;-3,-9
synthesized/just_one/expression/large/root_90.uvl,3.18;2.94;2.92,42139,2.55;2.65;2.40,39259,0.04;0.04;0.04,0.13;0.13;0.14,98301333161291504059374753384171105162760069019231846400,0.22;0.21;0.17,98301333161291504059374753384171105162760069019231846400,-3;-3;-3,-9
synthesized/just_one/expression/large/root_91.uvl,3.08;2.87;3.42,46703,2.44;2.55;2.31,41812,0.05;0.05;0.05,0.12;0.13;0.12,5892774601718200566197257245512053135252720013279232,0.14;0.14;0.14,11785549203436401132394514491024106270505440026558464,-3;-3;-3,-9
synthesized/just_one/expression/large/root_92.uvl,2.61;2.92;2.81,34756,2.44;2.51;2.34,33971,0.04;0.04;0.04,0.30;0.32;0.37,171577799780951640103712521414965656373856756643822258529817853952000,0.18;0.16;0.15,171577799780951640103712521414965656373856756643822258529817853952000,-3;-3;-3,-9
synthesized/just_one/expression/large/root_93.uvl,2.91;2.74;3.23,38714,2.55;2.85;2.81,36952,0.04;0.04;0.04,0.12;0.13;0.13,12183186896627069975419731050496,0.15;0.15;0.16,12183186896627069975419731050496,-3;-3;-3,-9
synthesized/just_one/expression/large/root_94.uvl,2.52;2.63;2.99,43600,2.37;2.38;2.34,41282,0.05;0.05;0.05,0.28;0.12;0.12,396361728,0.13;0.13;0.13,396361728,-3;-3;-3,-9
synthesized/just_one/expression/large/root_95.uvl,2.76;2.93;2.80,50175,2.60;2.69;2.72,46558,0.05;0.05;0.05,0.31;0.13;0.13,25011091275260298211491332761876588096306316687778361832522838145709236002226176,0.16;0.23;0.16,25011091275260298211491332761876588096306316687778361832522838145709236002226176,-3;-3;-3,-9
synthesized/just_one/expression/large/root_96.uvl,2.89;2.65;2.74,39584,2.50;2.81;2.48,36913,0.04;0.05;0.05,0.13;0.14;0.13,127503895037480420769792,0.14;0.14;0.14,255007790074960841539584,-3;-3;-3,-9
synthesized/just_one/expression/large/root_97.uvl,3.32;3.38;2.79,42501,2.56;2.57;2.51,37146,0.04;0.04;0.04,0.12;0.13;0.29,79073403812874263983731099658877758763611303816566778443092459520,0.14;0.14;0.15,79073403812874263983731099658877758763611303816566778443092459520,-3;-3;-3,-9
synthesized/just_one/expression/large/root_98.uvl,2.74;2.63;2.81,43122,2.63;2.68;2.63,41354,0.05;0.05;0.05,0.13;0.32;0.14,176942399690324707306874556091507989292968124234617323520000,0.15;0.15;0.14,176942399690324707306874556091507989292968124234617323520000,-3;-3;-3,-9
synthesized/just_one/expression/large/root_99.uvl,3.12;2.97;2.76,40879,3.24;3.16;2.38,39329,0.05;0.05;0.04,0.13;0.13;0.13,2203267306247661670902005760,0.14;0.14;0.15,2203267306247661670902005760,-3;-3;-3,-9
synthesized/just_one/expression/large/root_9.uvl,2.72;3.30;3.26,40795,2.60;2.32;2.51,39044,0.05;0.05;0.04,0.13;0.33;0.31,529002588457473494587753961673278389380307938494527553178377443225215252097005225246720,0.17;0.17;0.17,529002588457473494587753961673278389380307938494527553178377443225215252097005225246720,-3;-3;-3,-9
synthesized/just_one/expression/medium/root_100.uvl,1.46;1.70;1.46,10019,1.60;1.42;1.59,9627,0.03;0.05;0.02,0.13;0.12;0.12,15820279490848302930678856003092480,0.03;0.04;0.04,15820279490848302930678856003092480,-3;-3;-3,-9
synthesized/just_one/expression/medium/root_10.uvl,1.60;1.72;1.65,9373,1.38;1.44;1.42,9181,0.01;0.01;0.01,0.12;0.12;0.13,461689330549653504000,0.03;0.03;0.03,461689330549653504000,-3;-3;-3,-9
synthesized/just_one/expression/medium/root_11.uvl,1.70;1.68;1.69,9266,1.40;1.56;1.51,8917,0.01;0.01;0.01,0.08;0.08;0.09,140737488355328,0.06;0.03;0.09,281474976710656,-3;-3;-3,-9
synthesized/just_one/expression/medium/root_12.uvl,1.70;1.73;1.44,7847,1.55;1.61;1.42,7399,0.02;0.02;0.02,0.12;0.12;0.12,3538944,0.03;0.03;0.03,3538944,-3;-3;-3,-9
synthesized/just_one/expression/medium/root_13.uvl,1.80;1.75;1.55,10620,1.45;1.40;1.57,9967,0.01;0.01;0.01,0.12;0.12;0.12,19791209299968,0.03;0.04;0.03,19791209299968,-3;-3;-3,-9
synthesized/just_one/expression/medium/root_14.uvl,1.60;1.59;1.66,13145,1.60;2.00;1.59,8807,0.01;0.01;0.01,0.09;0.09;0.09,38685626227668133590597632,0.03;0.12;0.03,38685626227668133590597632,-3;-3;-3,-9
synthesized/just_one/expression/medium/root_15.uvl,1.48;1.41;1.80,8107,1.42;1.83;1.69,7729,0.01;0.01;0.01,0.12;0.13;0.12,807490945616699581267968,0.04;0.04;0.03,1614981891233399162535936,-3;-3;-3,-9
synthesized/just_one/expression/medium/root_16.uvl,1.47;1.74;1.73,8664,1.33;1.54;1.45,8164,0.01;0.01;0.01,0.12;0.12;0.12,14183096234485355642880,0.03;0.03;0.03,14183096234485355642880,-3;-3;-3,-9
synthesized/just_one/expression/medium/root_17.uvl,1.53;1.71;1.54,10317,1.72;1.73;1.78,10313,0.01;0.01;0.01,0.12;0.12;0.34,452984832,0.03;0.06;0.03,452984832,-3;-3;-3,-9
synthesized/just_one/expression/medium/root_18.uvl,1.63;1.66;1.62,8461,1.56;1.50;1.50,8054,0.01;0.01;0.01,0.08;0.09;0.09,4096,0.03;0.03;0.03,8192,-3;-3;-3,-9
synthesized/just_one/expression/medium/root_19.uvl,1.46;1.64;1.43,12004,1.42;1.45;1.61,9323,0.01;0.01;0.01,0.09;0.09;0.09,5192296858534827628530496329220096,0.03;0.03;0.08,5192296858534827628530496329220096,-3;-3;-3,-9
synthesized/just_one/expression/medium/root_1.uvl,1.75;1.84;1.63,10150,1.54;1.53;1.43,10247,0.02;0.01;0.01,0.12;0.12;0.12,7514474781081600,0.08;0.03;0.03,7514474781081600,-3;-3;-3,-9
synthesized/just_one/expression/medium/root_20.uvl,1.85;1.76;1.68,10196,1.61;1.50;1.52,9739,0.01;0.01;0.01,0.12;0.13;0.28,3623878656,0.03;0.11;0.08,7247757312,-3;-3;-3,-9
synthesized/just_one/expression/medium/root_21.uvl,1.62;1.83;1.63,9885,1.40;1.74;1.40,9038,0.01;0.01;0.01,0.12;0.12;0.12,367211217707943611817000960,0.03;0.15;0.10,734422435415887223634001920,-3;-3;-3,-9
synthesized/just_one/expression/medium/root_22.uvl,1.67;1.66;1.55,9033,1.42;1.55;1.51,8641,0.01;0.01;0.01,0.12;0.12;0.12,27648,0.03;0.03;0.03,27648,-3;-3;-3,-9
synthesized/just_one/expression/medium/root_23.uvl,1.44;1.60;1.43,9101,1.46;1.30;1.38,7983,0.01;0.01;0.01,0.27;0.28;0.12,166020696663385964544,0.03;0.03;0.03,166020696663385964544,-3;-3;-3,-9
synthesized/just_one/expression/medium/root_24.uvl,1.81;1.72;1.61,8041,1.66;1.45;1.34,8121,0.01;0.01;0.06,0.12;0.12;0.12,309237645312,0.03;0.03;0.03,309237645312,-3;-3;-3,-9
synthesized/just_one/expression/medium/root_25.uvl,1.72;1.58;1.60,10318,1.42;1.39;1.40,9382,0.01;0.01;0.01,0.31;0.29;0.45,283895391294389999370240,0.03;0.03;0.03,1135581565177559997480960,-3;-3;-3,-9
synthesized/just_one/expression/medium/root_26.uvl,1.42;1.86;1.80,8412,1.39;1.56;1.47,7923,0.05;0.03;0.04,0.09;0.09;0.32,100663296,0.03;0.03;0.03,100663296,-3;-3;-3,-9
synthesized/just_one/expression/medium/root_27.uvl,2.12;1.60;1.54,10349,1.65;1.62;1.46,9966,0.01;0.01;0.02,0.12;0.72;0.13,333976656936960,0.04;0.03;0.04,333976656936960,-3;-3;-3,-9
synthesized/just_one/expression/medium/root_28.uvl,1.70;1.77;1.66,11237,1.47;1.53;1.55,11098,0.01;0.01;0.01,0.12;0.12;0.12,687194767360,0.04;0.04;0.04,687194767360,-3;-3;-3,-9
synthesized/just_one/expression/medium/root_29.uvl,1.69;1.60;1.69,9298,1.43;1.56;1.47,9456,0.01;0.01;0.01,0.12;0.12;0.12,72477573120,0.11;0.10;0.03,72477573120,-3;-3;-3,-9
synthesized/just_one/expression/medium/root_2.uvl,1.76;1.59;1.78,9593,1.51;1.37;1.46,9458,0.01;0.01;0.01,0.32;0.12;0.11,5308416,0.03;0.03;0.03,5308416,-3;-3;-3,-9
synthesized/just_one/expression/medium/root_30.uvl,1.58;1.62;1.74,7781,1.42;1.46;1.46,7820,0.01;0.01;0.01,0.52;0.13;0.12,9233786610993070080,0.04;0.03;0.03,9233786610993070080,-3;-3;-3,-9
synthesized/just_one/expression/medium/root_31.uvl,1.62;1.88;1.73,10675,1.75;1.68;1.36,10772,0.02;0.01;0.01,0.09;0.09;0.23,1649267441664,0.04;0.03;0.04,1649267441664,-3;-3;-3,-9
synthesized/just_one/expression/medium/root_32.uvl,1.64;1.77;1.59,9993,1.45;1.47;1.41,9146,0.01;0.01;0.01,0.12;0.13;0.12,107954958005366723444736,0.03;0.04;0.03,215909916010733446889472,-3;-3;-3,-9
synthesized/just_one/expression/medium/root_33.uvl,1.65;1.46;1.63,9859,1.41;1.77;1.51,9453,0.01;0.01;0.01,0.12;0.12;0.12,316659348799488,0.07;0.03;0.03,316659348799488,-3;-3;-3,-9
synthesized/just_one/expression/medium/root_34.uvl,1.67;1.84;1.82,11320,1.80;1.82;1.90,10816,0.01;0.01;0.01,0.28;0.12;0.12,79164837199872,0.04;0.04;0.04,79164837199872,-3;-3;-3,-9
synthesized/just_one/expression/medium/root_35.uvl,1.62;1.80;1.79,10356,1.57;1.61;1.73,10034,0.01;0.01;0.01,0.15;0.13;0.12,16415620641765457920000,0.04;0.04;0.04,16415620641765457920000,-3;-3;-3,-9
synthesized/just_one/expression/medium/root_36.uvl,1.78;1.99;1.76,10163,1.80;2.00;1.72,10406,0.01;0.01;0.01,0.12;0.28;0.29,450868486864896,0.04;0.04;0.04,450868486864896,-3;-3;-3,-9
synthesized/just_one/expression/medium/root_37.uvl,1.66;1.70;1.71,8840,1.49;1.47;1.62,8357,0.01;0.01;0.01,0.19;0.09;0.09,67108864,0.08;0.03;0.03,67108864,-3;-3;-3,-9
synthesized/just_one/expression/medium/root_38.uvl,1.47;1.63;1.94,8803,1.47;1.39;1.57,8026,0.01;0.01;0.01,0.12;0.13;0.12,136796838681378816,0.03;0.03;0.03,273593677362757632,-3;-3;-3,-9
synthesized/just_one/expression/medium/root_39.uvl,1.62;1.72;1.81,10631,1.43;1.58;1.60,10434,0.01;0.01;0.02,0.12;0.12;0.12,100663296,0.06;0.04;0.05,100663296,-3;-3;-3,-9
synthesized/just_one/expression/medium/root_3.uvl,1.76;1.58;1.68,7982,1.56;1.42;1.59,7913,0.01;0.01;0.01,0.12;0.12;0.12,729583139634020352,0.03;0.03;0.08,729583139634020352,-3;-3;-3,-9
synthesized/just_one/expression/medium/root_40.uvl,1.61;1.71;1.74,10902,1.71;1.58;2.94,10375,0.01;0.01;0.02,0.27;0.26;0.26,51539607552,0.04;0.03;0.03,206158430208,-3;-3;-3,-9
synthesized/just_one/expression/medium/root_41.uvl,1.52;1.44;1.60,11058,1.31;1.29;1.21,9180,0.01;0.01;0.01,0.09;0.09;0.32,256,0.04;0.03;0.03,256,-3;-3;-3,-9
synthesized/just_one/expression/medium/root_42.uvl,1.59;1.49;1.52,9123,1.58;1.73;1.44,8083,0.01;0.01;0.01,0.12;0.12;0.11,83010348331692982272,0.03;0.03;0.07,83010348331692982272,-3;-3;-3,-9
synthesized/just_one/expression/medium/root_43.uvl,1.67;1.57;1.86,9928,1.40;1.41;1.44,9848,0.01;0.01;0.01,0.12;0.12;0.13,1181924686207112970240,0.04;0.03;0.03,1181924686207112970240,-3;-3;-3,-9
synthesized/just_one/expression/medium/root_44.uvl,1.68;1.85;1.52,10844,1.63;1.41;1.72,9720,0.01;0.01;0.01,0.13;0.13;0.12,679477248,0.04;0.04;0.03,679477248,-3;-3;-3,-9
synthesized/just_one/expression/medium/root_45.uvl,1.74;1.45;1.66,9817,1.55;1.38;1.40,9623,0.01;0.01;0.02,0.13;0.12;0.12,3019898880,0.03;0.03;0.03,6039797760,-3;-3;-3,-9
synthesized/just_one/expression/medium/root_46.uvl,1.77;1.89;1.76,10746,1.62;1.74;1.64,10849,0.01;0.01;0.01,0.12;0.12;0.12,36864,0.10;0.06;0.03,36864,-3;-3;-3,-9
synthesized/just_one/expression/medium/root_47.uvl,1.65;1.59;1.77,9429,1.70;1.79;1.72,9735,0.01;0.04;0.03,0.12;0.12;0.12,801543976648704,0.04;0.03;0.03,801543976648704,-3;-3;-3,-9
synthesized/just_one/expression/medium/root_48.uvl,1.93;1.65;1.71,9155,1.56;1.48;1.61,8954,0.01;0.01;0.02,0.12;0.28;0.28,2415919104,0.03;0.03;0.03,2415919104,-3;-3;-3,-9
synthesized/just_one/expression/medium/root_49.uvl,1.48;1.70;1.47,8996,1.65;1.62;1.40,7987,0.01;0.01;0.01,0.13;0.12;0.12,216172782113783808,0.04;0.05;0.03,216172782113783808,-3;-3;-3,-9
synthesized/just_one/expression/medium/root_4.uvl,1.51;1.64;1.44,8856,1.54;1.47;1.34,7729,0.01;0.02;0.01,0.12;0.12;0.13,171132831030810969202054932725760,0.09;0.10;0.06,342265662061621938404109865451520,-3;-3;-3,-9
synthesized/just_one/expression/medium/root_50.uvl,1.53;1.56;1.77,12096,1.52;1.70;1.49,9049,0.01;0.01;0.01,0.09;0.18;0.20,5575186299632655785383929568162090376495104,0.03;0.03;0.03,5575186299632655785383929568162090376495104,-3;-3;-3,-9
synthesized/just_one/expression/medium/root_51.uvl,1.69;1.77;1.54,8999,1.60;1.70;1.74,8508,0.01;0.02;0.04,0.09;0.09;0.09,384,0.03;0.03;0.03,384,-3;-3;-3,-9
synthesized/just_one/expression/medium/root_52.uvl,1.60;1.61;1.46,8905,1.34;1.32;1.47,8119,0.01;0.01;0.01,0.13;0.13;0.12,884736,0.03;0.03;0.06,884736,-3;-3;-3,-9
synthesized/just_one/expression/medium/root_53.uvl,1.72;1.70;1.84,10187,1.98;1.60;1.50,9830,0.01;0.01;0.01,0.12;0.12;0.13,16307453952,0.03;0.04;0.03,32614907904,-3;-3;-3,-9
synthesized/just_one/expression/medium/root_54.uvl,1.75;1.77;1.62,10780,1.75;1.52;1.44,10373,0.01;0.01;0.01,0.27;0.12;0.12,28334198897217871282176,0.08;0.04;0.04,28334198897217871282176,-3;-3;-3,-9
synthesized/just_one/expression/medium/root_55.uvl,1.69;1.52;1.64,9774,1.49;1.50;1.40,9438,0.01;0.01;0.01,0.31;0.29;0.12,29686813949952,0.04;0.03;0.03,29686813949952,-3;-3;-3,-9
synthesized/just_one/expression/medium/root_56.uvl,1.50;1.95;1.77,11216,1.98;1.75;3.64,10654,0.02;0.01;0.01,0.09;0.09;0.09,8796093022208,0.04;0.03;0.04,8796093022208,-3;-3;-3,-9
synthesized/just_one/expression/medium/root_57.uvl,1.52;1.48;1.40,8458,1.47;1.26;1.42,7928,0.01;0.02;0.04,0.13;0.12;0.11,1152,0.03;0.03;0.03,1152,-3;-3;-3,-9
synthesized/just_one/expression/medium/root_58.uvl,1.63;1.64;1.61,10616,1.41;1.73;1.89,10421,0.01;0.01;0.01,0.29;0.45;0.15,16698832846848,0.05;0.04;0.04,16698832846848,-3;-3;-3,-9
synthesized/just_one/expression/medium/root_59.uvl,1.74;1.70;1.48,9208,1.64;1.52;1.47,9020,0.01;0.01;0.01,0.13;0.12;0.12,13056398851837995086826700800,0.03;0.03;0.03,26112797703675990173653401600,-3;-3;-3,-9
synthesized/just_one/expression/medium/root_5.uvl,1.78;1.78;1.59,10497,1.59;1.82;1.65,10446,0.01;0.01;0.01,0.27;0.43;0.43,350199907024329768960,0.08;0.07;0.04,350199907024329768960,-3;-3;-3,-9
synthesized/just_one/expression/medium/root_60.uvl,2.22;2.01;1.69,8063,1.38;1.65;1.60,7687,0.01;0.01;0.01,0.27;0.26;0.26,6679533138739200,0.04;0.03;0.04,6679533138739200,-3;-3;-3,-9
synthesized/just_one/expression/medium/root_61.uvl,1.89;1.61;1.75,10902,1.62;1.51;1.59,10751,0.01;0.01;0.01,0.12;0.13;0.12,16888498602639360,0.04;0.03;0.03,16888498602639360,-3;-3;-3,-9
synthesized/just_one/expression/medium/root_62.uvl,1.47;1.68;1.62,9996,1.43;1.50;1.72,9219,0.01;0.01;0.01,0.12;0.12;0.12,41505174165846491136,0.03;0.03;0.03,41505174165846491136,-3;-3;-3,-9
synthesized/just_one/expression/medium/root_63.uvl,1.61;1.54;1.70,8924,1.57;1.47;1.38,8533,0.01;0.01;0.01,0.12;0.12;0.12,144955146240,0.06;0.03;0.03,144955146240,-3;-3;-3,-9
synthesized/just_one/expression/medium/root_64.uvl,1.56;1.77;1.78,8591,1.57;1.35;1.47,8356,0.05;0.01;0.01,0.11;0.12;0.12,16307453952,0.04;0.03;0.03,32614907904,-3;-3;-3,-9
synthesized/just_one/expression/medium/root_65.uvl,1.61;1.46;1.42,11535,1.55;1.66;1.56,10647,0.03;0.03;0.01,0.24;0.09;0.09,2,0.03;0.03;0.03,2,-3;-3;-3,-9
synthesized/just_one/expression/medium/root_66.uvl,1.59;1.77;1.56,8330,1.67;1.73;1.51,8661,0.03;0.03;0.03,0.13;0.13;0.12,630359832643793584128,0.10;0.05;0.05,630359832643793584128,-3;-3;-3,-9
synthesized/just_one/expression/medium/root_67.uvl,1.38;1.37;1.59,16270,1.70;1.51;1.44,10830,0.01;0.01;0.02,0.10;0.09;0.09,1,0.08;0.03;0.03,1,0.20;0.22;0.22,1
synthesized/just_one/expression/medium/root_68.uvl,1.57;1.62;1.65,10997,1.86;1.64;1.69,10673,0.02;0.01;0.01,0.09;0.09;0.08,512,0.03;0.03;0.04,512,-3;-3;-3,-9
synthesized/just_one/expression/medium/root_69.uvl,1.74;1.86;1.62,10213,1.54;1.44;1.49,10156,0.01;0.02;0.01,0.13;0.12;0.12,32614907904,0.03;0.13;0.03,32614907904,-3;-3;-3,-9
synthesized/just_one/expression/medium/root_6.uvl,1.72;1.56;1.56,9321,1.54;1.66;1.70,8816,0.01;0.01;0.06,0.12;0.26;0.26,1899956092796928,0.03;0.03;0.03,1899956092796928,-3;-3;-3,-9
synthesized/just_one/expression/medium/root_70.uvl,1.68;1.70;1.53,9971,1.43;1.60;1.40,9494,0.02;0.02;0.02,0.09;0.09;0.09,131072,0.08;0.03;0.03,131072,-3;-3;-3,-9
synthesized/just_one/expression/medium/root_71.uvl,1.64;1.55;1.64,9913,1.66;1.52;1.49,8899,0.01;0.01;0.05,0.47;0.13;0.12,2415919104,0.16;0.07;0.10,2415919104,-3;-3;-3,-9
synthesized/just_one/expression/medium/root_72.uvl,1.62;1.59;1.62,8788,1.36;1.63;1.43,7717,0.01;0.01;0.01,0.08;0.09;0.09,256,0.03;0.03;0.03,256,-3;-3;-3,-9
synthesized/just_one/expression/medium/root_73.uvl,2.63;1.93;1.86,9861,1.43;1.38;1.43,9695,0.01;0.01;0.01,0.12;0.12;0.12,1159641169920,0.04;0.04;0.04,1159641169920,-3;-3;-3,-9
synthesized/just_one/expression/medium/root_74.uvl,1.68;1.53;1.58,9457,1.64;1.56;1.55,8337,0.01;0.01;0.02,0.09;0.09;0.13,133804471191183738849214309635890169035882496,0.03;0.03;0.03,133804471191183738849214309635890169035882496,-3;-3;-3,-9
synthesized/just_one/expression/medium/root_75.uvl,1.57;1.66;1.59,8263,1.38;1.49;1.46,8212,0.01;0.01;0.01,0.42;0.34;0.68,1179648,0.03;0.03;0.03,2359296,-3;-3;-3,-9
synthesized/just_one/expression/medium/root_76.uvl,1.85;1.51;1.72,8835,1.57;1.59;1.32,8153,0.01;0.01;0.01,0.12;0.13;0.12,328232258437644288,0.03;0.07;0.06,656464516875288576,-3;-3;-3,-9
synthesized/just_one/expression/medium/root_77.uvl,1.93;1.55;1.72,11744,1.53;1.52;1.87,10731,0.01;0.01;0.01,0.28;0.13;0.12,249031044995078946816,0.03;0.04;0.04,249031044995078946816,-3;-3;-3,-9
synthesized/just_one/expression/medium/root_78.uvl,1.54;1.57;1.60,8763,1.55;1.46;1.67,8433,0.01;0.01;0.01,0.12;0.12;0.25,422212465065984,0.03;0.04;0.03,422212465065984,-3;-3;-3,-9
synthesized/just_one/expression/medium/root_79.uvl,1.54;1.51;1.51,10221,1.51;1.43;1.50,9557,0.01;0.01;0.01,0.13;0.13;0.15,786432,0.03;0.06;0.05,786432,-3;-3;-3,-9
synthesized/just_one/expression/medium/root_7.uvl,1.66;1.78;1.62,9075,1.50;1.49;1.50,8889,0.01;0.01;0.01,0.12;0.12;0.12,1236950581248,0.03;0.03;0.03,2473901162496,-3;-3;-3,-9
synthesized/just_one/expression/medium/root_80.uvl,1.59;1.76;1.97,10608,1.62;1.58;1.40,9696,0.01;0.01;0.01,0.12;0.12;0.12,17509995351216488448,0.03;0.03;0.03,17509995351216488448,-3;-3;-3,-9
synthesized/just_one/expression/medium/root_81.uvl,1.72;1.93;1.64,10132,2.05;1.93;1.75,9907,0.01;0.01;0.01,0.26;0.26;0.13,301989888,0.03;0.03;0.03,301989888,-3;-3;-3,-9
synthesized/just_one/expression/medium/root_82.uvl,1.46;1.56;1.59,9122,1.33;1.45;1.35,8169,0.03;0.01;0.01,0.09;0.09;0.09,16,0.03;0.03;0.03,16,-3;-3;-3,-9
synthesized/just_one/expression/medium/root_83.uvl,1.47;1.51;1.58,7900,1.61;1.45;1.59,7602,0.01;0.02;0.04,0.12;0.12;0.12,3623878656,0.03;0.03;0.03,3623878656,-3;-3;-3,-9
synthesized/just_one/expression/medium/root_84.uvl,1.57;1.66;1.60,9929,1.40;1.44;1.58,9794,0.03;0.01;0.01,0.26;0.25;0.25,4831838208,0.13;0.03;0.04,4831838208,-3;-3;-3,-9
synthesized/just_one/expression/medium/root_85.uvl,1.85;1.63;1.79,12512,1.45;1.52;1.62,9516,0.01;0.01;0.01,0.13;0.12;0.12,2677278067682020495961037169754112,0.03;0.17;0.05,5354556135364040991922074339508224,-3;-3;-3,-9
synthesized/just_one/expression/medium/root_86.uvl,1.63;1.86;2.07,10528,1.40;1.52;1.37,9575,0.01;0.01;0.01,0.12;0.12;0.12,2473901162496,0.06;0.03;0.03,2473901162496,-3;-3;-3,-9
synthesized/just_one/expression/medium/root_87.uvl,1.55;1.78;1.56,9347,1.48;1.54;1.30,8848,0.03;0.02;0.01,0.12;0.28;0.27,2671813255495680,0.05;0.03;0.03,2671813255495680,-3;-3;-3,-9
synthesized/just_one/expression/medium/root_88.uvl,1.55;1.96;1.68,9449,1.54;1.63;1.59,9201,0.01;0.01;0.01,0.30;0.12;0.12,34199209670344704,0.03;0.06;0.04,68398419340689408,-3;-3;-3,-9
synthesized/just_one/expression/medium/root_89.uvl,1.44;1.46;1.62,8250,2.28;1.78;1.77,7940,0.01;0.01;0.01,0.09;0.09;0.09,50331648,0.03;0.05;0.05,50331648,-3;-3;-3,-9
synthesized/just_one/expression/medium/root_8.uvl,1.65;1.65;1.69,9487,1.68;1.58;1.61,8734,0.02;0.02;0.02,0.30;0.13;0.12,56075093016576,0.03;0.09;0.03,56075093016576,-3;-3;-3,-9
synthesized/just_one/expression/medium/root_90.uvl,1.49;1.60;1.63,8598,1.32;1.35;1.33,8455,0.02;0.04;0.02,0.12;0.12;0.31,2717908992,0.03;0.05;0.08,2717908992,-3;-3;-3,-9
synthesized/just_one/expression/medium/root_91.uvl,1.73;1.68;1.49,12712,1.28;1.45;1.88,8394,0.02;0.04;0.01,0.09;0.09;0.09,512,0.03;0.03;0.03,512,-3;-3;-3,-9
synthesized/just_one/expression/medium/root_92.uvl,1.59;1.56;1.52,7984,2.03;1.92;1.72,7924,0.01;0.01;0.01,0.12;0.12;0.12,2251799813685248,0.03;0.03;0.03,2251799813685248,-3;-3;-3,-9
synthesized/just_one/expression/medium/root_93.uvl,1.84;1.69;1.77,10305,1.44;1.49;1.47,10826,0.01;0.01;0.01,0.13;0.30;0.13,93386641873154605056000,0.04;0.04;0.04,93386641873154605056000,-3;-3;-3,-9
synthesized/just_one/expression/medium/root_94.uvl,1.46;1.63;1.62,11306,1.42;1.49;1.37,10047,0.01;0.01;0.01,0.39;0.09;0.09,151115727451828646838272,0.03;0.03;0.03,151115727451828646838272,-3;-3;-3,-9
synthesized/just_one/expression/medium/root_95.uvl,1.69;1.70;1.89,8602,1.52;1.57;1.35,8266,0.01;0.01;0.01,0.30;0.30;0.29,927712935936,0.04;0.03;0.03,927712935936,-3;-3;-3,-9
synthesized/just_one/expression/medium/root_96.uvl,1.69;1.83;1.68,10828,1.54;1.45;1.67,10673,0.01;0.01;0.01,0.68;0.12;0.12,474989023199232,0.04;0.04;0.04,949978046398464,-3;-3;-3,-9
synthesized/just_one/expression/medium/root_97.uvl,1.78;1.67;1.74,10262,1.74;1.77;1.70,9557,0.01;0.01;0.01,0.20;0.22;0.24,6144,0.03;0.03;0.03,6144,-3;-3;-3,-9
synthesized/just_one/expression/medium/root_98.uvl,1.50;1.70;1.61,8279,1.63;1.41;1.37,7979,0.01;0.01;0.01,0.12;0.12;0.12,36238786560,0.03;0.10;0.03,36238786560,-3;-3;-3,-9
synthesized/just_one/expression/medium/root_99.uvl,1.57;1.89;1.66,10289,1.49;1.56;1.44,9854,0.01;0.02;0.01,0.14;0.15;0.13,433768250917508391458832384,0.04;0.03;0.03,433768250917508391458832384,-3;-3;-3,-9
synthesized/just_one/expression/medium/root_9.uvl,1.67;1.61;1.64,8297,1.48;1.61;1.72,7665,0.03;0.01;0.01,0.25;0.12;0.12,112717121716224,0.03;0.03;0.03,112717121716224,-3;-3;-3,-9
synthesized/just_one/expression/small/root_100.uvl,0.90;0.90;0.96,2269,0.93;0.93;0.79,2297,0.00;0.00;0.00,0.09;0.09;0.08,24,0.01;0.01;0.01,24,0.03;0.03;0.03,24
synthesized/just_one/expression/small/root_10.uvl,0.79;0.85;0.85,1538,0.97;0.72;0.74,1524,0.00;0.00;0.00,0.09;0.08;0.08,8,0.01;0.01;0.01,8,-3;-3;-3,-9
synthesized/just_one/expression/small/root_11.uvl,0.80;0.89;0.82,1750,0.75;0.74;0.74,1748,0.00;0.00;0.00,0.12;0.28;0.12,768,0.01;0.01;0.01,768,-3;-3;-3,-9
synthesized/just_one/expression/small/root_12.uvl,0.88;0.90;0.88,1764,0.74;0.77;0.78,1722,0.00;0.00;0.00,0.09;0.09;0.09,64,0.03;0.05;0.06,64,-3;-3;-3,-9
synthesized/just_one/expression/small/root_13.uvl,0.86;0.87;0.86,1548,0.76;0.78;0.70,1605,0.00;0.00;0.00,0.16;0.12;0.12,6144,0.01;0.01;0.01,6144,-3;-3;-3,-9
synthesized/just_one/expression/small/root_14.uvl,0.84;1.04;0.85,1932,0.97;0.76;0.79,1861,0.01;0.00;0.00,0.12;0.29;0.39,162,0.07;0.05;0.01,162,-3;-3;-3,-9
synthesized/just_one/expression/small/root_15.uvl,0.86;0.83;0.84,1719,0.77;0.77;0.78,1731,0.03;0.01;0.00,0.39;0.12;0.12,18432,0.01;0.01;0.01,18432,-3;-3;-3,-9
synthesized/just_one/expression/small/root_16.uvl,0.88;0.89;0.89,1899,0.78;0.80;0.78,1772,0.00;0.00;0.00,0.09;0.09;0.09,4,0.01;0.01;0.01,4,-3;-3;-3,-9
synthesized/just_one/expression/small/root_17.uvl,0.88;0.88;0.89,2000,0.78;0.78;0.78,1921,0.00;0.00;0.00,0.09;0.09;0.08,128,0.01;0.01;0.01,256,-3;-3;-3,-9
synthesized/just_one/expression/small/root_18.uvl,0.94;0.91;0.93,2076,0.75;0.76;0.76,1685,0.01;0.01;0.01,0.23;0.09;0.09,4096,0.01;0.01;0.01,4096,0.23;0.11;0.11,4096
synthesized/just_one/expression/small/root_19.uvl,0.89;0.89;0.87,1843,0.77;0.80;0.79,1905,0.00;0.00;0.00,0.09;0.10;0.09,48,0.01;0.01;0.01,48,-3;-3;-3,-9
synthesized/just_one/expression/small/root_1.uvl,0.82;0.83;0.82,1503,0.70;0.77;0.76,1494,0.00;0.00;0.00,0.21;0.09;0.09,2,0.01;0.01;0.01,2,0.24;0.02;0.02,2
synthesized/just_one/expression/small/root_20.uvl,0.81;0.97;0.89,1545,0.76;0.71;0.85,1524,0.00;0.00;0.00,0.32;0.12;0.12,512,0.01;0.01;0.01,2048,-3;-3;-3,-9
synthesized/just_one/expression/small/root_21.uvl,0.78;0.83;0.79,1579,0.73;0.75;0.74,1545,0.01;0.01;0.00,0.09;0.09;0.23,16,0.04;0.05;0.01,32,-3;-3;-3,-9
synthesized/just_one/expression/small/root_22.uvl,0.87;0.87;0.88,1723,0.78;0.95;1.17,1739,0.00;0.00;0.00,0.12;0.11;0.12,7680,0.01;0.01;0.01,15360,-3;-3;-3,-9
synthesized/just_one/expression/small/root_23.uvl,0.75;0.75;0.78,1962,0.64;0.69;0.68,1472,0.00;0.02;0.02,0.09;0.09;0.09,128,0.01;0.01;0.01,128,0.06;0.05;0.05,128
synthesized/just_one/expression/small/root_24.uvl,0.83;0.75;0.83,1416,0.75;0.71;0.73,1358,0.00;0.00;0.00,0.20;0.08;0.09,16,0.01;0.01;0.01,32,0.19;0.03;0.03,32
synthesized/just_one/expression/small/root_25.uvl,1.11;1.17;1.14,1729,0.74;0.74;0.65,1611,0.00;0.00;0.00,0.09;0.09;0.09,512,0.09;0.05;0.02,512,-3;-3;-3,-9
synthesized/just_one/expression/small/root_26.uvl,1.11;0.84;0.87,1431,0.74;0.74;0.74,1351,0.00;0.00;0.00,0.22;0.22;0.09,32,0.01;0.02;0.01,32,-3;-3;-3,-9
synthesized/just_one/expression/small/root_27.uvl,0.86;0.88;0.90,1473,0.76;0.73;0.75,1410,0.00;0.00;0.00,0.12;0.11;0.12,80,0.01;0.01;0.01,640,-3;-3;-3,-9
synthesized/just_one/expression/small/root_28.uvl,0.78;0.81;0.76,1524,0.70;0.76;0.76,1389,0.01;0.00;0.00,0.09;0.09;0.09,6,0.01;0.01;0.01,6,-3;-3;-3,-9
synthesized/just_one/expression/small/root_29.uvl,0.85;0.82;0.84,1640,0.90;0.71;0.87,1470,0.00;0.00;0.01,0.09;0.09;0.23,16384,0.01;0.01;0.01,16384,0.18;0.04;0.03,16384
synthesized/just_one/expression/small/root_2.uvl,0.97;0.94;0.89,2111,0.81;0.80;0.81,2228,0.03;0.02;0.03,0.30;0.57;0.30,9216,0.01;0.01;0.01,9216,-3;-3;-3,-9
synthesized/just_one/expression/small/root_30.uvl,0.83;0.82;0.81,1731,0.75;0.77;0.76,1686,0.00;0.00;0.00,0.12;0.12;0.28,1152,0.01;0.01;0.01,1152,-3;-3;-3,-9
synthesized/just_one/expression/small/root_31.uvl,0.82;0.81;0.98,1436,0.73;0.74;0.71,1452,0.00;0.00;0.00,0.08;0.08;0.08,96,0.01;0.01;0.01,96,-3;-3;-3,-9
synthesized/just_one/expression/small/root_32.uvl,0.87;0.87;0.85,1339,0.72;0.94;0.77,1424,0.00;0.00;0.00,0.12;0.31;0.29,12288,0.01;0.01;0.01,12288,-3;-3;-3,-9
synthesized/just_one/expression/small/root_33.uvl,0.86;0.87;0.87,2073,0.78;0.78;1.16,2097,0.00;0.02;0.00,0.12;0.13;0.28,2304,0.07;0.08;0.08,9216,-3;-3;-3,-9
synthesized/just_one/expression/small/root_34.uvl,0.82;0.83;0.85,1451,0.76;0.75;0.74,1415,0.00;0.00;0.00,0.13;0.12;0.12,768,0.08;0.04;0.01,768,-3;-3;-3,-9
synthesized/just_one/expression/small/root_35.uvl,0.71;0.76;0.68,1316,1.02;0.93;0.71,1172,0.00;0.00;0.00,0.09;0.09;0.09,2,0.01;0.01;0.04,2,-3;-3;-3,-9
synthesized/just_one/expression/small/root_36.uvl,0.85;0.84;0.83,1650,0.76;0.81;0.78,1680,0.00;0.00;0.00,0.08;0.08;0.08,8,0.01;0.01;0.01,8,-3;-3;-3,-9
synthesized/just_one/expression/small/root_37.uvl,0.85;0.87;0.86,1692,0.77;0.79;0.73,1647,0.01;0.01;0.02,0.09;0.08;0.08,262144,0.01;0.01;0.01,262144,0.02;0.06;0.06,262144
synthesized/just_one/expression/small/root_38.uvl,0.89;0.85;0.87,1950,0.79;0.75;0.79,1878,0.05;0.00;0.00,0.23;0.23;0.11,4096,0.01;0.01;0.01,4096,0.02;0.05;0.21,4096
synthesized/just_one/expression/small/root_39.uvl,0.87;0.90;0.89,1904,0.79;0.75;0.75,1781,0.00;0.00;0.00,0.09;0.09;0.09,3072,0.01;0.01;0.01,3072,-3;-3;-3,-9
synthesized/just_one/expression/small/root_3.uvl,0.87;0.83;0.87,1901,0.80;0.78;0.78,1879,0.00;0.00;0.00,0.08;0.10;0.13,256,0.01;0.01;0.09,256,-3;-3;-3,-9
synthesized/just_one/expression/small/root_40.uvl,0.94;0.81;0.89,1713,0.77;0.70;0.75,1657,0.07;0.00;0.00,0.12;0.12;0.11,41943040,0.01;0.01;0.01,41943040,-3;-3;-3,-9
synthesized/just_one/expression/small/root_41.uvl,0.87;1.11;0.86,1737,0.78;0.77;0.73,1727,0.00;0.00;0.00,0.09;0.09;0.09,128,0.01;0.01;0.01,128,0.20;0.02;0.03,128
synthesized/just_one/expression/small/root_42.uvl,0.93;0.95;0.97,1843,0.85;0.93;0.77,1874,0.00;0.00;0.00,0.09;0.20;0.09,12288,0.06;0.07;0.01,12288,-3;-3;-3,-9
synthesized/just_one/expression/small/root_43.uvl,0.91;0.90;0.85,1738,0.74;0.72;0.76,1591,0.04;0.02;0.02,0.21;0.22;0.09,16,0.01;0.01;0.05,16,-3;-3;-3,-9
synthesized/just_one/expression/small/root_44.uvl,0.86;1.04;0.89,1373,0.72;0.75;0.76,1385,0.00;0.00;0.00,0.13;0.12;0.16,73728,0.01;0.01;0.01,73728,-3;-3;-3,-9
synthesized/just_one/expression/small/root_45.uvl,0.87;0.90;0.91,1860,0.81;0.77;0.95,1945,0.00;0.00;0.00,0.09;0.09;0.09,4,0.07;0.07;0.01,8,-3;-3;-3,-9
synthesized/just_one/expression/small/root_46.uvl,1.02;1.34;0.92,1522,0.72;0.75;0.75,1561,0.00;0.00;0.01,0.09;0.09;0.11,24,0.04;0.01;0.01,24,-3;-3;-3,-9
synthesized/just_one/expression/small/root_47.uvl,0.75;0.71;0.76,1658,0.73;0.71;0.72,1325,0.00;0.00;0.00,0.09;0.09;0.08,4,0.01;0.01;0.01,4,0.05;0.06;0.06,4
synthesized/just_one/expression/small/root_48.uvl,1.08;0.85;0.88,1928,0.80;0.78;0.75,1923,0.00;0.00;0.00,0.12;0.11;0.12,1536,0.01;0.01;0.01,1536,-3;-3;-3,-9
synthesized/just_one/expression/small/root_49.uvl,0.84;0.81;0.86,1809,0.75;0.90;0.82,1679,0.00;0.00;0.00,0.09;0.09;0.08,32,0.01;0.01;0.01,32,-3;-3;-3,-9
synthesized/just_one/expression/small/root_4.uvl,0.94;0.89;0.90,1819,0.81;0.81;0.99,1651,0.00;0.00;0.00,0.09;0.09;0.08,24,0.01;0.01;0.02,24,-3;-3;-3,-9
synthesized/just_one/expression/small/root_50.uvl,0.90;0.90;0.90,1938,0.79;0.74;0.78,1819,0.00;0.01;0.01,0.21;0.08;0.09,4,0.01;0.01;0.02,4,-3;-3;-3,-9
synthesized/just_one/expression/small/root_51.uvl,0.90;0.90;0.93,1667,0.78;0.82;0.81,1887,0.00;0.00;0.00,0.21;0.10;0.10,64,0.01;0.01;0.01,64,-3;-3;-3,-9
synthesized/just_one/expression/small/root_52.uvl,0.92;0.88;0.92,1955,0.94;1.01;0.74,1842,0.00;0.00;0.00,0.08;0.09;0.22,4,0.01;0.01;0.01,4,-3;-3;-3,-9
synthesized/just_one/expression/small/root_53.uvl,0.83;0.79;0.86,1889,0.83;0.80;0.76,1908,0.00;0.00;0.00,0.12;0.12;0.12,294912,0.02;0.02;0.04,294912,-3;-3;-3,-9
synthesized/just_one/expression/small/root_54.uvl,0.85;0.82;0.85,1721,0.76;0.69;0.76,1729,0.00;0.00;0.00,0.09;0.09;0.09,512,0.01;0.01;0.01,1024,-3;-3;-3,-9
synthesized/just_one/expression/small/root_55.uvl,0.86;0.83;0.88,2286,0.77;0.77;0.76,1732,0.00;0.00;0.00,0.09;0.09;0.09,8192,0.01;0.01;0.10,8192,-3;-3;-3,-9
synthesized/just_one/expression/small/root_56.uvl,0.70;0.77;0.72,1966,0.65;0.84;0.69,1458,0.01;0.01;0.01,0.12;0.12;0.12,557056,0.04;0.03;0.03,557056,-3;-3;-3,-9
synthesized/just_one/expression/small/root_57.uvl,0.84;0.88;0.79,1575,0.85;0.67;0.72,1548,0.00;0.00;0.00,0.20;0.09;0.09,12288,0.01;0.01;0.01,12288,-3;-3;-3,-9
synthesized/just_one/expression/small/root_58.uvl,1.03;0.95;1.12,1623,0.92;0.72;0.69,1543,0.00;0.00;0.00,0.12;0.13;0.12,20,0.01;0.01;0.04,20,-3;-3;-3,-9
synthesized/just_one/expression/small/root_59.uvl,0.81;0.85;0.83,1551,0.92;0.74;0.70,1490,0.01;0.01;0.01,0.23;0.09;0.09,32,0.01;0.01;0.01,32,-3;-3;-3,-9
synthesized/just_one/expression/small/root_5.uvl,0.87;0.84;0.87,1853,0.73;0.78;0.76,1687,0.00;0.00;0.00,0.21;0.08;0.08,4294967296,0.01;0.01;0.01,4294967296,-3;-3;-3,-9
synthesized/just_one/expression/small/root_60.uvl,0.89;0.88;0.86,1731,0.77;0.76;0.75,1546,0.00;0.01;0.01,0.09;0.24;0.09,32768,0.01;0.01;0.01,65536,-3;-3;-3,-9
synthesized/just_one/expression/small/root_61.uvl,1.08;0.98;0.92,1681,0.76;0.78;0.78,1759,0.00;0.00;0.02,0.12;0.12;0.30,147456,0.01;0.01;0.01,147456,-3;-3;-3,-9
synthesized/just_one/expression/small/root_62.uvl,1.00;0.83;0.96,1802,0.77;0.73;0.77,1716,0.00;0.00;0.00,0.10;0.09;0.09,384,0.01;0.01;0.01,384,-3;-3;-3,-9
synthesized/just_one/expression/small/root_63.uvl,0.85;1.19;1.32,2095,0.80;0.76;0.78,2048,0.01;0.02;0.00,0.09;0.10;0.21,16,0.01;0.09;0.05,16,-3;-3;-3,-9
synthesized/just_one/expression/small/root_64.uvl,0.79;1.29;1.54,1714,0.80;0.63;0.73,1772,0.00;0.00;0.00,0.13;0.12;0.12,10240,0.01;0.01;0.01,10240,-3;-3;-3,-9
synthesized/just_one/expression/small/root_65.uvl,0.77;0.72;0.83,1656,0.74;0.79;0.79,1470,0.00;0.00;0.00,0.21;0.31;0.30,1,0.01;0.01;0.01,1,0.11;0.04;0.05,1
synthesized/just_one/expression/small/root_66.uvl,0.87;0.85;1.02,1889,0.76;0.73;0.74,1770,0.00;0.00;0.00,0.13;0.13;0.30,32,0.01;0.01;0.01,32,-3;-3;-3,-9
synthesized/just_one/expression/small/root_67.uvl,0.85;0.83;0.84,1618,0.78;0.76;0.73,1540,0.00;0.03;0.03,0.22;0.22;0.10,24,0.01;0.01;0.01,24,-3;-3;-3,-9
synthesized/just_one/expression/small/root_68.uvl,0.74;0.71;0.76,1490,1.19;1.19;0.69,1293,0.00;0.00;0.00,0.08;0.09;0.09,4194304,0.06;0.05;0.01,4194304,-3;-3;-3,-9
synthesized/just_one/expression/small/root_69.uvl,0.78;0.97;0.97,1426,0.77;1.08;0.97,1350,0.00;0.00;0.00,0.09;0.09;0.09,12288,0.01;0.01;0.01,12288,-3;-3;-3,-9
synthesized/just_one/expression/small/root_6.uvl,1.01;0.86;0.85,1663,0.79;0.72;0.94,1662,0.00;0.00;0.00,0.12;0.12;0.28,576,0.01;0.01;0.01,576,-3;-3;-3,-9
synthesized/just_one/expression/small/root_70.uvl,0.91;0.88;0.94,1725,0.77;0.78;0.73,1707,0.00;0.00;0.00,0.12;0.12;0.12,20480,0.01;0.01;0.01,20480,-3;-3;-3,-9
synthesized/just_one/expression/small/root_71.uvl,0.84;0.94;0.87,1456,0.72;0.72;0.75,1441,0.00;0.00;0.00,0.08;0.09;0.09,4,0.01;0.01;0.01,4,-3;-3;-3,-9
synthesized/just_one/expression/small/root_72.uvl,1.05;0.95;1.07,1802,0.78;0.75;0.76,1751,0.00;0.00;0.00,0.09;0.08;0.09,1,0.12;0.17;0.01,1,-3;-3;-3,-9
synthesized/just_one/expression/small/root_73.uvl,0.90;0.81;0.79,2452,0.75;0.74;0.76,1965,0.03;0.00;0.00,0.09;0.09;0.09,1,0.01;0.02;0.01,1,-3;-3;-3,-9
synthesized/just_one/expression/small/root_74.uvl,0.84;0.82;0.84,1581,0.95;0.74;0.72,1542,0.00;0.00;0.00,0.09;0.22;0.31,64,0.01;0.01;0.01,64,-3;-3;-3,-9
synthesized/just_one/expression/small/root_75.uvl,0.81;0.82;0.81,1584,0.78;0.81;0.74,1518,0.00;0.00;0.00,0.09;0.09;0.09,1048576,0.01;0.02;0.01,1048576,-3;-3;-3,-9
synthesized/just_one/expression/small/root_76.uvl,0.96;0.87;0.93,1666,0.84;0.81;0.77,1793,0.03;0.03;0.00,0.09;0.09;0.09,192,0.03;0.04;0.01,192,-3;-3;-3,-9
synthesized/just_one/expression/small/root_77.uvl,0.76;0.77;0.78,2017,0.76;0.75;0.68,1789,0.00;0.00;0.00,0.09;0.09;0.20,1,0.01;0.01;0.01,1,0.03;0.03;0.03,1
synthesized/just_one/expression/small/root_78.uvl,0.76;0.72;0.77,2476,0.74;0.71;0.72,1759,0.00;0.00;0.00,0.09;0.22;0.20,1,0.01;0.01;0.01,1,0.03;0.27;0.03,1
synthesized/just_one/expression/small/root_79.uvl,0.88;0.85;0.85,1697,0.78;0.79;0.77,1660,0.01;0.00;0.00,0.12;0.09;0.09,4,0.01;0.01;0.01,4,-3;-3;-3,-9
synthesized/just_one/expression/small/root_7.uvl,0.87;0.86;0.96,1720,0.80;0.75;0.76,1672,0.00;0.00;0.07,0.09;0.09;0.09,2,0.12;0.01;0.01,2,-3;-3;-3,-9
synthesized/just_one/expression/small/root_80.uvl,0.84;0.82;1.07,1351,0.79;0.73;0.75,1272,0.00;0.00;0.00,0.12;0.12;0.11,3072,0.07;0.04;0.01,3072,-3;-3;-3,-9
synthesized/just_one/expression/small/root_81.uvl,0.87;0.90;0.90,1302,0.72;0.75;0.74,1403,0.00;0.00;0.00,0.14;0.12;0.15,384,0.01;0.01;0.01,768,-3;-3;-3,-9
synthesized/just_one/expression/small/root_82.uvl,0.78;0.82;0.83,1563,0.68;0.91;0.72,1469,0.00;0.00;0.00,0.09;0.09;0.09,4,0.01;0.01;0.01,8,-3;-3;-3,-9
synthesized/just_one/expression/small/root_83.uvl,0.99;0.82;0.80,1539,0.70;0.73;1.20,1351,0.00;0.00;0.00,0.08;0.08;0.08,131072,0.01;0.01;0.02,131072,-3;-3;-3,-9
synthesized/just_one/expression/small/root_84.uvl,0.79;0.80;0.84,1345,0.72;0.72;0.72,1334,0.00;0.00;0.00,0.12;0.12;0.12,6144,0.08;0.05;0.01,6144,-3;-3;-3,-9
synthesized/just_one/expression/small/root_85.uvl,0.88;0.91;0.87,1950,0.75;0.77;0.76,1850,0.00;0.01;0.00,0.09;0.09;0.22,256,0.01;0.01;0.07,256,-3;-3;-3,-9
synthesized/just_one/expression/small/root_86.uvl,0.75;0.84;1.04,1435,0.73;0.73;0.73,1378,0.00;0.00;0.00,0.09;0.08;0.09,16384,0.01;0.01;0.04,16384,-3;-3;-3,-9
synthesized/just_one/expression/small/root_87.uvl,0.83;0.82;0.82,1487,0.71;0.72;0.75,1268,0.00;0.00;0.00,0.08;0.09;0.09,8,0.01;0.01;0.01,8,-3;-3;-3,-9
synthesized/just_one/expression/small/root_88.uvl,0.81;0.82;0.80,1983,0.78;0.75;0.72,1848,0.00;0.00;0.00,0.11;0.21;0.21,1,0.01;0.01;0.01,1,-3;-3;-3,-9
synthesized/just_one/expression/small/root_89.uvl,0.85;0.84;0.87,1778,0.76;0.81;0.77,1732,0.00;0.00;0.00,0.12;0.12;2.85,512,0.01;0.01;0.06,512,-3;-3;-3,-9
synthesized/just_one/expression/small/root_8.uvl,0.87;0.84;1.11,1478,0.76;1.16;0.75,1483,0.00;0.00;0.00,0.09;0.09;0.09,4096,0.01;0.01;0.01,4096,-3;-3;-3,-9
synthesized/just_one/expression/small/root_90.uvl,0.90;0.92;0.89,1965,0.81;0.79;0.78,2007,0.00;0.00;0.00,0.09;0.09;0.09,32,0.01;0.01;0.01,32,0.02;0.15;0.19,32
synthesized/just_one/expression/small/root_91.uvl,0.90;1.01;0.96,1866,0.80;0.80;0.78,1935,0.00;0.00;0.00,0.09;0.09;0.09,8192,0.01;0.01;0.01,8192,-3;-3;-3,-9
synthesized/just_one/expression/small/root_92.uvl,0.96;1.26;1.28,2007,0.77;0.77;0.78,1984,0.00;0.00;0.00,0.30;0.30;0.11,6144,0.01;0.01;0.03,6144,-3;-3;-3,-9
synthesized/just_one/expression/small/root_93.uvl,0.92;0.86;0.87,2080,0.75;0.94;1.24,1486,0.01;0.00;0.06,0.24;0.08;0.08,512,0.01;0.01;0.01,512,-3;-3;-3,-9
synthesized/just_one/expression/small/root_94.uvl,0.82;1.03;0.96,1378,0.64;0.72;0.73,1288,0.00;0.00;0.00,0.08;0.08;0.08,96,0.01;0.03;0.01,96,-3;-3;-3,-9
synthesized/just_one/expression/small/root_95.uvl,0.84;0.89;0.88,1533,0.73;0.74;0.70,1500,0.00;0.00;0.00,0.09;0.09;0.12,16384,0.01;0.01;0.01,32768,-3;-3;-3,-9
synthesized/just_one/expression/small/root_96.uvl,0.79;0.82;0.84,1977,0.79;0.78;0.69,1909,0.00;0.00;0.00,0.09;0.09;0.09,2097152,0.01;0.01;0.01,2097152,0.03;0.02;0.02,2097152
synthesized/just_one/expression/small/root_97.uvl,0.87;0.86;0.84,1869,0.80;0.74;0.78,1775,0.01;0.01;0.00,0.09;0.08;0.09,6144,0.06;0.03;0.01,6144,-3;-3;-3,-9
synthesized/just_one/expression/small/root_98.uvl,0.94;0.92;0.91,1759,0.79;0.79;0.79,1755,0.00;0.00;0.00,0.09;0.20;0.21,3072,0.01;0.01;0.01,3072,-3;-3;-3,-9
synthesized/just_one/expression/small/root_99.uvl,0.88;0.85;0.88,1694,0.75;0.75;0.94,1779,0.00;0.00;0.00,0.09;0.09;0.09,32768,0.01;0.01;0.01,65536,-3;-3;-3,-9
synthesized/just_one/expression/small/root_9.uvl,0.87;0.90;0.89,1531,0.94;0.93;0.74,1589,0.00;0.00;0.00,0.11;0.12;0.12,12288,0.01;0.01;0.01,49152,-3;-3;-3,-9
synthesized/just_one/featureCard/large/root_100.uvl,4.57;5.19;5.38,451713,3.32;3.19;2.93,137708,0.13;0.14;0.17,0.29;0.29;0.28,40768733268065232972666891991857435132349387184119410123521591869440000,0.43;0.44;0.44,40768733268065232972666891991857435132349387184119410123521591869440000,-1;-1;-1,-9
synthesized/just_one/featureCard/large/root_10.uvl,4.61;4.82;4.56,585344,3.23;3.02;3.03,195847,0.24;0.20;0.19,0.58;0.58;0.58,44394372057175471052654392957118618600317418398798290497469443985340242788942942386984881677099498013984404491617739455371855752426671152510112693223338732728570118709719235075485204480000000,1.11;1.09;1.14,44394372057175471052654392957118618600317418398798290497469443985340242788942942386984881677099498013984404491617739455371855752426671152510112693223338732728570118709719235075485204480000000,-1;-1;-1,-9
synthesized/just_one/featureCard/large/root_11.uvl,3.81;3.85;3.93,343432,2.97;2.87;3.08,137040,0.18;0.18;0.15,0.27;0.27;0.26,374120527708848879237150930611211630442108751704622673464583166678155107795730432000000000,0.40;0.46;0.50,374120527708848879237150930611211630442108751704622673464583166678155107795730432000000000,-3;-3;-3,-9
synthesized/just_one/featureCard/large/root_12.uvl,3.48;3.63;3.52,188802,2.66;2.77;2.69,109961,0.11;0.11;0.12,0.22;0.22;0.22,147155355038932955394021768308653448164078027728646956528835772540780544000,0.48;0.49;0.51,147155355038932955394021768308653448164078027728646956528835772540780544000,-3;-3;-3,-9
synthesized/just_one/featureCard/large/root_13.uvl,3.05;3.27;3.12,173363,2.64;2.48;2.44,77872,0.09;0.09;0.08,0.28;0.28;0.29,2980864141252183975002834998537393881928271913662033376051200000,0.43;0.43;0.43,2980864141252183975002834998537393881928271913662033376051200000,-1;-1;-1,-9
synthesized/just_one/featureCard/large/root_14.uvl,5.74;6.38;6.56,871727,3.28;3.24;3.14,213319,0.22;0.22;0.22,1.07;1.08;1.05,4208651127693997132094760735041259791371600009724720817484489826117327695294574625108712429167819274170800060925070255229018168124137715683076245888560568809078466449244160000000000000,23.72;23.61;23.42,4208651127693997132094760735041259791371600009724720817484489826117327695294574625108712429167819274170800060925070255229018168124137715683076245888560568809078466449244160000000000000,-1;-1;-1,-9
synthesized/just_one/featureCard/large/root_15.uvl,4.78;4.55;4.45,454993,2.91;2.97;3.03,165482,0.22;0.17;0.18,0.38;0.38;0.37,2562414148586840175789526203593022742580328809982961202752961687336102815334400000000000000000000000,0.58;0.59;0.58,2562414148586840175789526203593022742580328809982961202752961687336102815334400000000000000000000000,-1;-1;-1,-9
synthesized/just_one/featureCard/large/root_16.uvl,4.29;4.05;4.08,433367,3.26;3.12;2.66,128393,0.13;0.13;0.12,0.26;0.25;0.25,2944755458961031685753534087210415148994179533535100719646809910136369315840000000000,0.38;0.42;0.44,2944755458961031685753534087210415148994179533535100719646809910136369315840000000000,-1;-1;-1,-9
synthesized/just_one/featureCard/large/root_17.uvl,466.61;508.15;541.00,19936050,11.14;11.41;11.35,1776656,1.58;1.62;1.63,494.34;494.04;494.57,2152935200646209225579254003905524740529699090582091122404420836077118920529691018107455506396306658147581230465166802511752559081789755199113279806854917948265317428886331367993876619933547670775807333047254431942380722585600000000000,-1;-1;-1,-9,-1;-1;-1,-9
synthesized/just_one/featureCard/large/root_18.uvl,39.10;37.18;31.40,2898474,4.63;4.93;5.14,521771,0.47;0.51;0.50,0.85;0.87;0.85,4106927979731824983094507461622735829030861335548055894520102419622264832000,7.71;7.58;7.42,4106927979731824983094507461622735829030861335548055894520102419622264832000,-1;-1;-1,-9
synthesized/just_one/featureCard/large/root_19.uvl,8.27;7.95;7.94,1661904,2.81;2.91;2.88,193149,0.18;0.17;0.18,0.18;0.18;0.18,32,0.48;0.47;0.47,32,-1;-1;-1,-9
synthesized/just_one/featureCard/large/root_1.uvl,7.32;3.68;3.41,200905,2.79;2.67;3.35,127891,0.13;0.13;0.13,0.17;0.17;0.17,7692082962046069526512248480500263804681206740086585874211672237843670191122153472000,0.38;0.38;0.37,7692082962046069526512248480500263804681206740086585874211672237843670191122153472000,-1;-1;-1,-9
synthesized/just_one/featureCard/large/root_20.uvl,5.62;5.54;5.71,690743,3.02;2.88;3.33,199633,0.18;0.19;0.19,0.97;1.03;1.00,6011192081687787632198714955441407086291787691950579887722781999104000000,9.91;10.94;10.71,6011192081687787632198714955441407086291787691950579887722781999104000000,-1;-1;-1,-9
synthesized/just_one/featureCard/large/root_21.uvl,9.66;9.49;8.96,2437397,3.60;3.44;3.47,344341,0.32;0.31;0.31,12.31;12.31;12.27,180420896033745699340487234947524381638578581057727855659857675227971613648790067609600,-1;-1;-1,-9,-1;-1;-1,-9
synthesized/just_one/featureCard/large/root_22.uvl,13.90;14.28;12.06,1842014,3.55;3.71;3.74,368813,0.34;0.34;0.34,0.39;0.24;0.24,3072,0.93;0.94;0.94,3072,-1;-1;-1,-9
synthesized/just_one/featureCard/large/root_23.uvl,10.41;10.48;10.63,2170383,3.24;3.12;3.22,259991,0.25;0.26;0.26,1.10;1.10;1.13,12920718437129371540453869065669690377426466980846419811006602329882190189377184971207912498057780498479908265427176783872000000000000,3.49;3.48;3.32,12920718437129371540453869065669690377426466980846419811006602329882190189377184971207912498057780498479908265427176783872000000000000,-1;-1;-1,-9
synthesized/just_one/featureCard/large/root_24.uvl,3.46;3.19;3.34,248993,2.78;2.42;2.50,98458,0.11;0.10;0.10,0.18;0.18;0.18,240099034912083491850146611062393274368000,0.32;0.31;0.33,240099034912083491850146611062393274368000,-1;-1;-1,-9
synthesized/just_one/featureCard/large/root_25.uvl,4.42;4.33;4.07,507276,2.91;2.95;2.56,112996,0.11;0.11;0.12,0.66;0.67;0.68,1214054544500269628837605319393568188152932003580515312753731199230039356658730764236437632208006177270473843695509672441981612880983022459307036460231710642352063840654458880000000,3.54;3.51;3.49,1214054544500269628837605319393568188152932003580515312753731199230039356658730764236437632208006177270473843695509672441981612880983022459307036460231710642352063840654458880000000,-1;-1;-1,-9
synthesized/just_one/featureCard/large/root_26.uvl,-1;-1;-1,-4,14.92;15.09;15.08,2454220,2.11;2.13;2.16,-3;-3;-3,-4,-2;-2;-2,-9,-1;-1;-1,-9
synthesized/just_one/featureCard/large/root_27.uvl,6.33;6.79;7.99,1257575,3.37;3.24;3.27,316956,0.29;0.30;0.29,0.34;0.35;0.35,5024693562711470587936487176757732966400,0.98;1.14;0.92,5024693562711470587936487176757732966400,-1;-1;-1,-9
synthesized/just_one/featureCard/large/root_28.uvl,3.36;3.32;3.08,119605,2.80;2.71;2.73,76389,0.08;0.08;0.07,0.19;0.19;0.19,235555603637992066867861039252955490194149787787922136658890656051152027648000,0.23;0.22;0.22,235555603637992066867861039252955490194149787787922136658890656051152027648000,-3;-3;-3,-9
synthesized/just_one/featureCard/large/root_29.uvl,3.62;3.68;3.89,359813,3.02;2.80;2.83,134616,0.14;0.14;0.13,0.52;0.51;0.55,1465913905148534038314233501252695616312235228249169057128381259494797490336796013164750700544,0.66;0.72;0.72,1465913905148534038314233501252695616312235228249169057128381259494797490336796013164750700544,-1;-1;-1,-9
synthesized/just_one/featureCard/large/root_2.uvl,2.89;3.04;3.22,107410,2.66;2.45;2.97,60695,0.07;0.08;0.07,0.16;0.15;0.15,58766991126047133150526711277462962542997505930830062551040,0.19;0.19;0.19,58766991126047133150526711277462962542997505930830062551040,-3;-3;-3,-9
synthesized/just_one/featureCard/large/root_30.uvl,2.77;3.03;3.12,108893,2.63;2.76;2.42,73921,0.08;0.08;0.07,0.28;0.13;0.13,41039051604413644800,0.22;0.21;0.21,82078103208827289600,-3;-3;-3,-9
synthesized/just_one/featureCard/large/root_31.uvl,3.61;3.40;3.57,263579,3.26;3.27;3.26,129454,0.13;0.19;0.17,0.15;0.34;0.15,32773601180433967354667335680,0.38;0.58;0.46,32773601180433967354667335680,-1;-1;-1,-9
synthesized/just_one/featureCard/large/root_32.uvl,2.74;2.86;2.80,78236,2.59;2.54;2.89,63206,0.07;0.07;0.07,0.15;0.15;0.15,4095871789557934321958241578850013151212186933194892636353851180743902610474879743827966357982439540009420910184760344576000,0.22;0.22;0.22,2047935894778967160979120789425006575606093466597446318176925590371951305237439871913983178991219770004710455092380172288000,-3;-3;-3,-9
synthesized/just_one/featureCard/large/root_33.uvl,6.28;5.04;5.33,786243,3.49;3.48;3.25,296215,0.28;0.29;0.30,0.22;0.36;0.36,126555371895982076852949269795045376000000,0.77;0.77;0.75,126555371895982076852949269795045376000000,-1;-1;-1,-9
synthesized/just_one/featureCard/large/root_34.uvl,3.11;3.21;2.93,135323,2.76;2.62;2.40,65497,0.07;0.07;0.07,0.40;0.38;0.40,1123167510652812078460445968228630907301762597741236895575485856589702758400000,0.31;0.29;0.24,2246335021305624156920891936457261814603525195482473791150971713179405516800000,-1;-1;-1,-9
synthesized/just_one/featureCard/large/root_35.uvl,4.83;4.49;4.44,582825,3.05;3.35;3.01,241769,0.24;0.24;0.23,0.33;0.34;0.34,2475213629724683297513431642081772238274560,0.65;0.79;0.75,1237606814862341648756715821040886119137280,-1;-1;-1,-9
synthesized/just_one/featureCard/large/root_36.uvl,-1;-1;-1,-4,9.09;9.38;9.15,1739786,1.44;1.48;1.46,-3;-3;-3,-4,-1;-1;-1,-9,-1;-1;-1,-9
synthesized/just_one/featureCard/large/root_37.uvl,3.14;3.15;3.71,155405,2.65;2.77;2.58,86179,0.12;0.09;0.09,0.22;0.37;0.55,211087112651199937016979253212711860294928835928484672542197327872077843369368592019028421150753103935599668218560512000000,0.34;0.36;0.33,422174225302399874033958506425423720589857671856969345084394655744155686738737184038056842301506207871199336437121024000000,-1;-1;-1,-9
synthesized/just_one/featureCard/large/root_38.uvl,3.32;3.26;3.24,211955,2.41;2.74;2.60,85839,0.09;0.10;0.09,0.31;0.32;0.32,24759241430746674600489921227465655522845215437815155358944171748241611559905495768765148774156856197120000000,0.48;0.50;0.50,24759241430746674600489921227465655522845215437815155358944171748241611559905495768765148774156856197120000000,-3;-3;-3,-9
synthesized/just_one/featureCard/large/root_39.uvl,3.49;3.39;3.44,294510,3.01;3.15;2.53,88586,0.09;0.09;0.09,0.35;0.36;0.35,793707273755887924701161733685731569380286036109574515140135589123194880000000,0.27;0.27;0.27,1587414547511775849402323467371463138760572072219149030280271178246389760000000,-3;-3;-3,-9
synthesized/just_one/featureCard/large/root_3.uvl,5.53;4.74;4.51,722431,2.58;2.64;2.41,117698,0.12;0.11;0.12,0.76;0.62;0.61,2288985169955722783187372176238737762202654530813607866841038229057438409031680000,9.23;9.23;9.22,4577970339911445566374744352477475524405309061627215733682076458114876818063360000,-1;-1;-1,-9
synthesized/just_one/featureCard/large/root_40.uvl,3.80;3.65;3.66,371827,2.80;3.14;3.38,149213,0.16;0.14;0.14,0.23;0.23;0.37,193021873132279040210160209928315114471251126599137244633936291215566471367229440000,0.45;0.45;0.44,193021873132279040210160209928315114471251126599137244633936291215566471367229440000,-1;-1;-1,-9
synthesized/just_one/featureCard/large/root_41.uvl,3.57;3.67;3.53,351351,2.70;2.81;2.71,118313,0.12;0.12;0.12,0.20;0.20;0.20,108404084587807365903185771136111925649783600865637880841004646400000000,0.33;0.34;0.35,433616338351229463612743084544447702599134403462551523364018585600000000,-1;-1;-1,-9
synthesized/just_one/featureCard/large/root_42.uvl,6.42;6.41;4.93,712993,3.14;3.16;3.24,265027,0.26;0.30;0.26,0.26;0.26;0.26,215746632900358043263445863226573963919360,1.03;1.03;1.07,215746632900358043263445863226573963919360,-1;-1;-1,-9
synthesized/just_one/featureCard/large/root_43.uvl,3.68;3.75;4.05,358285,2.79;2.78;2.55,109464,0.11;0.11;0.11,0.35;0.35;0.35,1978963569948042904422730202448657838768379658240000,1.15;1.12;1.19,3957927139896085808845460404897315677536759316480000,-1;-1;-1,-9
synthesized/just_one/featureCard/large/root_44.uvl,3.32;3.27;3.05,211066,2.67;2.62;2.66,93090,0.13;0.11;0.10,0.27;0.28;0.28,68211227518115708602631844457632008329517269636010213376000000000,0.33;0.34;0.32,68211227518115708602631844457632008329517269636010213376000000000,-1;-1;-1,-9
synthesized/just_one/featureCard/large/root_45.uvl,3.16;3.53;3.17,205622,2.44;2.44;2.70,77120,0.09;0.08;0.08,0.23;0.23;0.23,634657386365817143118307106517014817116377022213936401078524704984585679667200000,0.25;0.25;0.24,634657386365817143118307106517014817116377022213936401078524704984585679667200000,-3;-3;-3,-9
synthesized/just_one/featureCard/large/root_46.uvl,3.69;3.57;3.70,252434,2.75;2.80;2.70,109465,0.11;0.11;0.11,0.34;0.34;0.33,3104092764869002991815935936251355201012600246215581926534562139917516800000,0.63;0.64;0.64,1552046382434501495907967968125677600506300123107790963267281069958758400000,-1;-1;-1,-9
synthesized/just_one/featureCard/large/root_47.uvl,-1;-1;-1,-4,9.09;8.91;8.88,1069789,1.04;1.04;1.00,-3;-3;-3,-4,75.69;42.89;43.22,271783101164279944938019955507948182250003165337095532502163820344129244010842888013651198525349881184256000000000000,-1;-1;-1,-9
synthesized/just_one/featureCard/large/root_48.uvl,4.58;4.75;5.42,669358,2.76;2.88;2.78,140314,0.14;0.15;0.14,0.18;0.18;0.20,70584164044389200306582323200,0.39;0.39;0.55,70584164044389200306582323200,-1;-1;-1,-9
synthesized/just_one/featureCard/large/root_49.uvl,2.75;2.93;3.17,125160,2.70;2.78;3.22,61174,0.07;0.07;0.07,0.23;0.22;0.22,126783891717222101971886302124009892268094248509210573197446592813005322384147394684708352824758791346193144291155759140272439639353231116948418455593948190140699492718456340480,0.26;0.22;0.22,126783891717222101971886302124009892268094248509210573197446592813005322384147394684708352824758791346193144291155759140272439639353231116948418455593948190140699492718456340480,-3;-3;-3,-9
synthesized/just_one/featureCard/large/root_4.uvl,3.04;3.11;3.15,163562,2.58;2.57;2.48,70938,0.07;0.08;0.07,0.23;0.22;0.22,47836020950788138812944218328142658844940595385400593347139697711985459200,0.25;0.25;0.24,47836020950788138812944218328142658844940595385400593347139697711985459200,-3;-3;-3,-9
synthesized/just_one/featureCard/large/root_50.uvl,4.29;3.79;3.79,209799,2.73;2.75;2.66,100361,0.10;0.11;0.10,0.14;0.14;0.14,369811101817692236021760,0.29;0.29;0.30,369811101817692236021760,-1;-1;-1,-9
synthesized/just_one/featureCard/large/root_51.uvl,4.34;5.18;5.20,560727,4.91;3.49;3.46,230594,0.22;0.23;0.23,0.26;0.26;0.54,1348166895531352573639398418090335645204480,0.81;0.74;0.74,1348166895531352573639398418090335645204480,-1;-1;-1,-9
synthesized/just_one/featureCard/large/root_52.uvl,3.47;3.32;3.31,214285,2.42;2.61;2.38,84021,0.08;0.08;0.08,0.19;0.19;0.19,35858367886612567489653713743223193600,0.36;0.33;0.33,35858367886612567489653713743223193600,-3;-3;-3,-9
synthesized/just_one/featureCard/large/root_53.uvl,7.40;7.33;7.10,1489363,3.35;3.56;3.68,304519,0.35;0.29;0.28,0.23;0.22;0.23,1059004518841573221335040,0.69;0.76;0.77,1059004518841573221335040,-1;-1;-1,-9
synthesized/just_one/featureCard/large/root_54.uvl,7.17;7.14;6.98,1226824,3.32;3.46;3.12,264367,0.25;0.25;0.25,0.23;0.23;0.23,69545767952670711024822699668616294357270528,0.64;0.73;0.72,278183071810682844099290798674465177429082112,-1;-1;-1,-9
synthesized/just_one/featureCard/large/root_55.uvl,3.88;3.97;3.71,337574,2.93;3.07;3.09,167514,0.16;0.16;0.16,0.27;0.27;0.28,3198167921536324893802895926610290270045029110120448,0.48;0.49;0.51,3198167921536324893802895926610290270045029110120448,-1;-1;-1,-9
synthesized/just_one/featureCard/large/root_56.uvl,2.83;2.63;2.59,59284,2.60;2.44;2.31,43716,0.05;0.05;0.05,0.13;0.13;0.14,126618649581005259695674872107000227237550728231877956777146868112653007261270016000,0.16;0.16;0.19,126618649581005259695674872107000227237550728231877956777146868112653007261270016000,-3;-3;-3,-9
synthesized/just_one/featureCard/large/root_57.uvl,2.92;3.23;3.20,99706,2.66;2.87;2.76,61824,0.07;0.07;0.07,0.14;0.14;0.15,1634388059056851022835862942347427840,0.18;0.18;0.18,1634388059056851022835862942347427840,-1;-1;-1,-9
synthesized/just_one/featureCard/large/root_58.uvl,3.53;3.40;3.35,204554,2.90;2.63;2.59,96671,0.10;0.10;0.12,0.38;0.35;0.37,27923094986125902700206544587325440,0.35;0.48;0.40,27923094986125902700206544587325440,-3;-3;-3,-9
synthesized/just_one/featureCard/large/root_59.uvl,3.14;3.05;3.21,166132,3.24;2.94;2.65,95886,0.10;0.09;0.10,0.29;0.30;0.14,101468602368,0.25;0.36;0.33,101468602368,-1;-1;-1,-9
synthesized/just_one/featureCard/large/root_5.uvl,7.56;5.52;6.38,1430882,3.17;3.42;3.27,230481,0.23;0.22;0.22,0.47;0.21;0.21,20678954309879648527319040,0.54;0.73;0.69,20678954309879648527319040,-1;-1;-1,-9
synthesized/just_one/featureCard/large/root_60.uvl,188.53;197.24;207.00,12090574,11.63;11.27;10.67,2035245,1.79;2.34;2.26,347.33;347.23;347.34,68484676307870198787920095466397054465765766544101152301637404925040812443831425322897426388727139533385035503041544317382846054400000,371.23;369.25;373.35,34242338153935099393960047733198527232882883272050576150818702462520406221915712661448713194363569766692517751520772158691423027200000,-1;-1;-1,-9
synthesized/just_one/featureCard/large/root_61.uvl,22.77;21.91;22.09,3044692,4.93;5.06;4.99,643123,0.59;0.60;0.60,91.61;92.56;93.80,1258328761067530379722990175589081568867623313875183069929264898580230675610542708542963799511415395053333135347862327863698012685490379987379169318810318879400330549910614461693374062902299078729284971216028728595342781163635494271214593617791555681524316201597757714071552000000000000000000000000,-1;-1;-1,-9,-1;-1;-1,-9
synthesized/just_one/featureCard/large/root_62.uvl,18.32;18.57;18.44,3339773,4.30;4.12;4.12,528928,0.68;0.51;0.53,7.01;7.00;7.01,731711028875170886472474685240362076046210720039334196847876606684414758019198772793684776894762876105616698931306560174829574987002565448095478408973773384239843346362511915820413349571122598931840631725850313913008372862957492633600000,17.65;17.44;17.68,731711028875170886472474685240362076046210720039334196847876606684414758019198772793684776894762876105616698931306560174829574987002565448095478408973773384239843346362511915820413349571122598931840631725850313913008372862957492633600000,-1;-1;-1,-9
synthesized/just_one/featureCard/large/root_63.uvl,4.38;3.80;3.61,282021,2.76;2.73;2.70,113493,0.11;0.11;0.12,0.19;0.36;0.20,130280447154463443925573595081614052768008372224000000,0.46;0.34;0.33,130280447154463443925573595081614052768008372224000000,-1;-1;-1,-9
synthesized/just_one/featureCard/large/root_64.uvl,3.89;3.36;3.20,122047,2.83;2.87;2.66,79105,0.11;0.12;0.08,0.17;0.16;0.17,100851756157799363948225256361069986081958275317760,0.29;0.24;0.24,100851756157799363948225256361069986081958275317760,-3;-3;-3,-9
synthesized/just_one/featureCard/large/root_65.uvl,73.75;72.32;38.29,5252862,3.72;3.58;3.68,430291,0.40;0.41;0.41,84.35;83.06;79.98,1209742541394242662412085512636876948652930981169958204314941716524198416246374400,-1;-1;-1,-9,-1;-1;-1,-9
synthesized/just_one/featureCard/large/root_66.uvl,6.12;6.25;6.07,555434,3.05;3.23;3.66,209007,0.20;0.20;0.20,0.79;0.79;0.79,258509757940876384229272839472199917739661244596214985512800031424901757143480200316078331208447475109950541152987751167034015088640000000,6.27;6.10;5.97,258509757940876384229272839472199917739661244596214985512800031424901757143480200316078331208447475109950541152987751167034015088640000000,-1;-1;-1,-9
synthesized/just_one/featureCard/large/root_67.uvl,17.14;17.19;16.73,2330263,4.19;3.97;3.98,408309,0.39;0.39;0.39,-1;-1;-1,-9,-1;-1;-1,-9,-1;-1;-1,-9
synthesized/just_one/featureCard/large/root_68.uvl,3.31;3.53;2.93,113701,2.74;2.51;2.66,64215,0.07;0.07;0.07,0.18;0.32;0.35,4622134777526418913815275372130649504569603752253114898431399408587673104100083247642073825463175053690108116992000,0.29;0.29;0.25,4622134777526418913815275372130649504569603752253114898431399408587673104100083247642073825463175053690108116992000,-3;-3;-3,-9
synthesized/just_one/featureCard/large/root_69.uvl,2.84;2.97;2.89,130163,2.39;2.53;2.46,67687,0.07;0.07;0.07,0.14;0.14;0.14,179728195483398426706575360000,0.21;0.21;0.21,179728195483398426706575360000,-3;-3;-3,-9
synthesized/just_one/featureCard/large/root_6.uvl,4.28;4.12;4.18,650056,2.70;2.72;2.76,156970,0.15;0.15;0.15,0.39;0.38;0.42,1814562092113574974923606174203904000000,0.65;0.64;0.65,1814562092113574974923606174203904000000,-1;-1;-1,-9
synthesized/just_one/featureCard/large/root_70.uvl,18.20;19.84;18.60,4023817,5.92;5.43;4.44,595786,0.55;0.54;0.55,2.96;2.98;2.94,6630920247121959171529073053945649215960530775434622073698962320433085006885313405355277805337297195411720019153189535586089652127239969870228744926805444526080000000,5.82;5.82;5.68,6630920247121959171529073053945649215960530775434622073698962320433085006885313405355277805337297195411720019153189535586089652127239969870228744926805444526080000000,-1;-1;-1,-9
synthesized/just_one/featureCard/large/root_71.uvl,3.32;3.22;3.20,201084,2.61;2.71;2.73,85040,0.09;0.09;0.09,0.17;0.17;0.17,11016957431414150696109092610050494166697246720000,0.26;0.27;0.28,11016957431414150696109092610050494166697246720000,-1;-1;-1,-9
synthesized/just_one/featureCard/large/root_72.uvl,7.11;6.57;7.21,941706,3.47;3.55;3.75,368663,0.34;0.34;0.34,0.65;0.49;0.50,97864674201595168787930789859601005485752320000,2.47;2.43;2.45,97864674201595168787930789859601005485752320000,-1;-1;-1,-9
synthesized/just_one/featureCard/large/root_73.uvl,3.68;3.36;3.37,206589,3.08;3.10;3.21,131848,0.13;0.13;0.17,0.19;0.19;0.19,14183353615697762520388355725297805810228987611655732682672171873929530518334066677848790098658230769971320401079514480786697627893760,0.50;0.49;0.48,14183353615697762520388355725297805810228987611655732682672171873929530518334066677848790098658230769971320401079514480786697627893760,-1;-1;-1,-9
synthesized/just_one/featureCard/large/root_74.uvl,3.28;3.43;3.14,151994,3.26;2.73;2.94,85300,0.08;0.09;0.09,0.17;0.16;0.16,104223356654739387680348480471040000,0.27;0.27;0.27,104223356654739387680348480471040000,-1;-1;-1,-9
synthesized/just_one/featureCard/large/root_75.uvl,7.25;7.07;6.55,1074076,3.67;3.58;3.77,420119,0.39;0.37;0.37,0.24;0.25;0.24,113550709584875492816724467940065280,0.95;0.95;0.96,113550709584875492816724467940065280,-1;-1;-1,-9
synthesized/just_one/featureCard/large/root_76.uvl,5.39;6.69;5.08,697492,2.86;2.94;2.94,186766,0.19;0.18;0.18,0.67;0.67;0.67,1396694761410806215613531465436346867312024687799593711814687280445802602173186813691464695405009738913546240000000000,1.12;1.01;1.12,1396694761410806215613531465436346867312024687799593711814687280445802602173186813691464695405009738913546240000000000,-1;-1;-1,-9
synthesized/just_one/featureCard/large/root_77.uvl,7.52;6.28;5.28,784641,3.34;3.20;3.52,259195,0.24;0.30;0.24,0.53;0.52;0.53,1838331802279396685599559094034440066136475664392954261420585779200000,1.37;1.37;1.47,7353327209117586742398236376137760264545902657571817045682343116800000,-1;-1;-1,-9
synthesized/just_one/featureCard/large/root_78.uvl,2.48;2.89;2.81,69873,2.35;2.45;2.09,39845,0.05;0.04;0.04,0.14;0.14;0.14,538576172196967037732839129368838021198183686153174574142518235469283709464152497544768751871458190665275596342506291200,0.13;0.14;0.13,538576172196967037732839129368838021198183686153174574142518235469283709464152497544768751871458190665275596342506291200,-3;-3;-3,-9
synthesized/just_one/featureCard/large/root_79.uvl,17.81;17.76;19.63,4315198,4.53;4.61;5.87,721342,0.63;0.64;0.63,28.22;28.28;28.26,315074917327149099095465092316257324688678920091349668231850229386570202978713600000,80.14;80.50;71.54,315074917327149099095465092316257324688678920091349668231850229386570202978713600000,-1;-1;-1,-9
synthesized/just_one/featureCard/large/root_7.uvl,3.05;3.04;3.01,151046,2.54;2.69;2.52,78429,0.08;0.08;0.08,0.17;0.18;0.18,340332517043528063473507766444775555730466682130189516800000,0.24;0.26;0.26,170166258521764031736753883222387777865233341065094758400000,-3;-3;-3,-9
synthesized/just_one/featureCard/large/root_80.uvl,4.12;4.12;4.22,468003,3.26;2.79;2.83,134695,0.14;0.13;0.13,0.41;0.27;0.27,17935543598306788441761347964123052595621829399560089508050805303891145523200,0.53;0.53;0.54,17935543598306788441761347964123052595621829399560089508050805303891145523200,-1;-1;-1,-9
synthesized/just_one/featureCard/large/root_81.uvl,3.32;3.65;3.27,151255,2.46;2.60;2.55,70512,0.08;0.07;0.07,0.19;0.49;0.19,449354476029246272184390954037818287726226294775480320000,0.24;0.25;0.35,449354476029246272184390954037818287726226294775480320000,-3;-3;-3,-9
synthesized/just_one/featureCard/large/root_82.uvl,2.74;2.63;2.84,75036,2.44;2.45;2.76,62002,0.07;0.07;0.06,0.14;0.34;0.14,44773211845104482159667511610572800,0.19;0.18;0.23,44773211845104482159667511610572800,-3;-3;-3,-9
synthesized/just_one/featureCard/large/root_83.uvl,3.52;3.44;3.29,170324,2.60;2.77;2.64,80633,0.09;0.08;0.08,0.25;0.25;0.25,48911056732056900335799881102591524957036076047615518942714362067326270824011638872473600000000,0.46;0.43;0.43,48911056732056900335799881102591524957036076047615518942714362067326270824011638872473600000000,-1;-1;-1,-9
synthesized/just_one/featureCard/large/root_84.uvl,3.47;3.28;3.60,173909,2.77;2.67;2.63,82067,0.08;0.08;0.08,0.36;0.36;0.36,9897027244575907695751779399784836433592530344345600,0.28;0.28;0.28,19794054489151815391503558799569672867185060688691200,-3;-3;-3,-9
synthesized/just_one/featureCard/large/root_85.uvl,4.39;4.56;4.55,611273,4.00;3.29;3.08,231376,0.23;0.27;0.25,0.32;0.17;0.17,52183852646400,0.63;0.59;0.64,52183852646400,-1;-1;-1,-9
synthesized/just_one/featureCard/large/root_86.uvl,8.04;8.78;11.80,1711557,3.65;3.64;7.71,377600,0.34;0.34;0.35,0.74;0.74;0.74,26859160735152872196246121552682462480407650631680,2.67;2.59;2.79,26859160735152872196246121552682462480407650631680,-1;-1;-1,-9
synthesized/just_one/featureCard/large/root_87.uvl,8.56;8.74;9.52,1098997,3.30;3.30;3.24,252305,0.25;0.25;0.25,0.59;0.59;0.58,4911979857737671177339623069485136981031119774243705076794261504000000,0.94;0.94;1.02,4911979857737671177339623069485136981031119774243705076794261504000000,-1;-1;-1,-9
synthesized/just_one/featureCard/large/root_88.uvl,6.03;7.71;6.20,1108277,4.14;5.29;3.84,442769,0.45;0.41;0.42,0.29;0.29;0.29,3110072398095946353925429180576024210195551622867694446553671293965696816507332363453431463815413760000000,1.23;1.29;1.29,3110072398095946353925429180576024210195551622867694446553671293965696816507332363453431463815413760000000,-1;-1;-1,-9
synthesized/just_one/featureCard/large/root_89.uvl,7.65;6.72;6.64,923292,3.09;3.06;2.86,202575,0.20;0.19;0.20,0.20;0.38;0.34,91526302833573888000,0.50;0.51;0.52,732210422668591104000,-1;-1;-1,-9
synthesized/just_one/featureCard/large/root_8.uvl,3.58;3.83;3.84,277103,2.70;2.92;2.75,120478,0.13;0.12;0.12,0.16;0.16;0.16,49613169097072827972960017763551805230284800,0.32;0.32;0.33,99226338194145655945920035527103610460569600,-1;-1;-1,-9
synthesized/just_one/featureCard/large/root_90.uvl,10.80;11.20;10.75,1773481,3.56;3.54;3.59,314320,0.30;0.30;0.30,2.76;3.17;2.87,51956449232182374024202098359425832579371497501806596030366877251186266204460061559471131718740073212375887981178767242349268308309573632000000000000000000,4.73;5.17;5.18,51956449232182374024202098359425832579371497501806596030366877251186266204460061559471131718740073212375887981178767242349268308309573632000000000000000000,-1;-1;-1,-9
synthesized/just_one/featureCard/large/root_91.uvl,3.76;3.93;3.22,260652,2.87;2.61;2.89,82633,0.08;0.09;0.08,0.20;0.20;0.20,5263045448859163560332783516396812575582224089300246072537877839872000000,0.32;0.28;0.28,5263045448859163560332783516396812575582224089300246072537877839872000000,-3;-3;-3,-9
synthesized/just_one/featureCard/large/root_92.uvl,403.12;503.93;536.04,12784026,6.92;6.09;6.12,788042,0.68;0.71;0.72,30.24;31.32;30.36,3091870194403488249467052179477003474936438812202038785192015294903966489603562357587670204416000000000,10.26;10.27;9.48,6183740388806976498934104358954006949872877624404077570384030589807932979207124715175340408832000000000,-1;-1;-1,-9
synthesized/just_one/featureCard/large/root_93.uvl,118.27;194.85;215.91,8748250,5.65;5.87;5.30,693990,0.64;0.67;0.65,68.15;68.16;71.20,6394610859535712756104413088311734841625130759099112899741200515000066995005186918227835777870810802509293099898701378343395213745281955994756861696485928771461149787344950293067464704000,-1;-1;-1,-9,-1;-1;-1,-9
synthesized/just_one/featureCard/large/root_94.uvl,3.48;3.08;3.07,134203,2.55;2.79;2.95,78221,0.08;0.08;0.12,0.19;0.38;0.35,9603879413148914767893631619037019929006235641664424886902194176000000,0.29;0.28;0.28,9603879413148914767893631619037019929006235641664424886902194176000000,-3;-3;-3,-9
synthesized/just_one/featureCard/large/root_95.uvl,4.56;3.80;3.78,251320,2.78;2.96;2.81,160619,0.16;0.20;0.22,0.30;0.30;0.30,5132158110748709033744297486074247236367560153690521280983506984766072955833211904845896927361892352000,0.71;0.70;0.70,5132158110748709033744297486074247236367560153690521280983506984766072955833211904845896927361892352000,-1;-1;-1,-9
synthesized/just_one/featureCard/large/root_96.uvl,418.38;312.03;498.04,17583886,5.09;5.24;5.14,667473,0.61;0.61;0.61,-1;-1;-1,-9,-1;-1;-1,-9,-1;-1;-1,-9
synthesized/just_one/featureCard/large/root_97.uvl,3.49;3.25;3.24,201876,2.75;2.71;2.94,107660,0.12;0.11;0.12,0.35;0.35;0.34,61543422156799565206977779823684785086509174941293726006247424000000,0.39;0.39;0.39,61543422156799565206977779823684785086509174941293726006247424000000,-1;-1;-1,-9
synthesized/just_one/featureCard/large/root_98.uvl,3.24;2.94;2.93,117224,2.74;2.81;2.79,62857,0.08;0.08;0.08,0.15;0.15;0.15,423000249050891869546573062073221120,0.20;0.20;0.20,423000249050891869546573062073221120,-3;-3;-3,-9
synthesized/just_one/featureCard/large/root_99.uvl,11.76;8.29;8.04,1654363,3.36;3.68;3.49,291679,0.28;0.36;0.29,0.49;0.49;0.50,62344909412993737105533938969016702703794074419200,1.65;1.76;1.77,62344909412993737105533938969016702703794074419200,-1;-1;-1,-9
synthesized/just_one/featureCard/large/root_9.uvl,3.36;4.51;3.31,190177,2.85;2.92;2.94,99977,0.10;0.10;0.11,0.23;0.22;0.22,1563566231628618422081777590740512942089433897735928448841947430690743948212161084328986146924218286080000000000,0.37;0.36;0.34,1563566231628618422081777590740512942089433897735928448841947430690743948212161084328986146924218286080000000000,-1;-1;-1,-9
synthesized/just_one/featureCard/medium/root_100.uvl,1.52;1.67;1.49,12521,1.49;1.41;1.68,9709,0.01;0.01;0.01,0.12;0.12;0.12,1160568786830044007717928960,0.03;0.03;0.03,1160568786830044007717928960,-3;-3;-3,-9
synthesized/just_one/featureCard/medium/root_10.uvl,2.52;2.58;2.68,250556,1.74;1.59;1.77,61389,0.06;0.06;0.06,0.39;0.38;0.39,24947240619324606357944002652784989958841942671360,0.48;0.49;0.52,24947240619324606357944002652784989958841942671360,-1;-1;-1,-9
synthesized/just_one/featureCard/medium/root_11.uvl,1.44;1.35;1.35,13807,1.26;1.54;1.30,11184,0.01;0.03;0.02,0.12;0.12;0.12,24352464568320,0.03;0.04;0.04,24352464568320,-3;-3;-3,-9
synthesized/just_one/featureCard/medium/root_12.uvl,1.39;1.60;1.64,27882,1.49;1.36;1.34,22068,0.03;0.03;0.02,0.25;0.25;0.25,13824,0.06;0.10;0.06,27648,-3;-3;-3,-9
synthesized/just_one/featureCard/medium/root_13.uvl,1.52;1.59;1.53,25054,1.37;1.58;1.46,14517,0.02;0.02;0.02,0.13;0.13;0.14,341233473945600,0.09;0.10;0.08,341233473945600,-3;-3;-3,-9
synthesized/just_one/featureCard/medium/root_14.uvl,1.71;1.52;1.52,24197,1.34;1.57;1.37,14359,0.02;0.02;0.02,0.14;0.14;0.14,30683581813727435493649693016064,0.05;0.05;0.05,30683581813727435493649693016064,-3;-3;-3,-9
synthesized/just_one/featureCard/medium/root_15.uvl,1.86;1.78;1.69,56819,1.42;1.41;1.36,26336,0.03;0.03;0.03,0.17;0.16;0.16,2110737129840639873241468404498432,0.09;0.09;0.10,1055368564920319936620734202249216,-3;-3;-3,-9
synthesized/just_one/featureCard/medium/root_16.uvl,1.80;1.97;1.79,77913,2.40;1.36;1.42,26946,0.03;0.03;0.03,0.18;0.18;0.18,1233750726398434619510838097713561600,0.11;0.11;0.11,1233750726398434619510838097713561600,-1;-1;-1,-9
synthesized/just_one/featureCard/medium/root_17.uvl,1.72;1.63;1.75,30118,1.68;1.51;1.66,20396,0.02;0.02;0.02,0.12;0.12;0.30,384,0.13;0.05;0.05,384,-3;-3;-3,-9
synthesized/just_one/featureCard/medium/root_18.uvl,3.61;3.76;3.58,560799,1.87;1.78;1.66,110439,0.11;0.11;0.12,0.29;0.30;0.30,1716984687942503233486848,3.51;3.50;3.49,1716984687942503233486848,-1;-1;-1,-9
synthesized/just_one/featureCard/medium/root_19.uvl,1.80;1.64;1.77,53825,1.62;1.47;1.56,20383,0.02;0.02;0.02,0.15;0.14;0.15,4219774134728327169482404096743833600,0.06;0.06;0.06,33758193077826617355859232773950668800,-3;-3;-3,-9
synthesized/just_one/featureCard/medium/root_1.uvl,1.59;1.48;1.58,21185,1.70;1.57;1.50,15879,0.02;0.02;0.02,0.28;0.27;0.26,51148329320448000,0.05;0.05;0.05,51148329320448000,-3;-3;-3,-9
synthesized/just_one/featureCard/medium/root_20.uvl,1.88;2.00;2.15,77355,1.50;1.77;1.74,40739,0.05;0.05;0.05,0.16;0.15;0.15,3035096364078858240000,0.17;0.17;0.24,3035096364078858240000,-1;-1;-1,-9
synthesized/just_one/featureCard/medium/root_21.uvl,1.62;1.85;1.84,38523,1.66;1.44;1.41,18184,0.02;0.02;0.02,0.15;0.15;0.15,2251797666201600,0.05;0.05;0.11,2251797666201600,-1;-1;-1,-9
synthesized/just_one/featureCard/medium/root_22.uvl,101.82;85.41;83.28,3814225,8.66;8.32;8.88,923494,0.83;0.83;0.85,0.58;0.58;0.58,452833813592899692831192859609345939978070092904891861657175844657006186276549392595724984647680000000000,2.18;2.29;2.26,452833813592899692831192859609345939978070092904891861657175844657006186276549392595724984647680000000000,-1;-1;-1,-9
synthesized/just_one/featureCard/medium/root_23.uvl,1.70;1.64;1.42,25818,1.54;1.56;1.47,14094,0.02;0.02;0.02,0.18;0.15;0.15,10875746057660610939512763632461943930880000,0.07;0.05;0.05,10875746057660610939512763632461943930880000,-3;-3;-3,-9
synthesized/just_one/featureCard/medium/root_24.uvl,1.60;1.55;1.50,11611,1.30;1.51;1.53,9122,0.01;0.01;0.01,0.12;0.13;0.13,1994953897436774400,0.07;0.03;0.03,1994953897436774400,-3;-3;-3,-9
synthesized/just_one/featureCard/medium/root_25.uvl,1.77;1.73;1.74,62114,1.57;1.72;1.55,28346,0.04;0.04;0.04,0.15;0.15;0.16,112085038274192109746100633600000,0.08;0.08;0.08,224170076548384219492201267200000,-3;-3;-3,-9
synthesized/just_one/featureCard/medium/root_26.uvl,1.64;1.62;1.47,24047,1.37;1.39;1.44,13793,0.04;0.02;0.02,0.13;0.13;0.12,4831838208,0.04;0.05;0.04,4831838208,-3;-3;-3,-9
synthesized/just_one/featureCard/medium/root_27.uvl,2.03;1.98;2.15,129099,1.49;1.73;1.58,43189,0.05;0.08;0.04,0.19;0.18;0.37,1840979225454613364736,0.13;0.20;0.17,3681958450909226729472,-3;-3;-3,-9
synthesized/just_one/featureCard/medium/root_28.uvl,1.94;2.19;1.98,127420,1.74;1.54;1.68,38634,0.04;0.04;0.04,0.17;0.17;0.17,1248442149015933419520,0.16;0.16;0.16,1248442149015933419520,-3;-3;-3,-9
synthesized/just_one/featureCard/medium/root_29.uvl,1.57;1.66;1.60,41351,1.70;1.54;1.50,23526,0.02;0.03;0.02,0.14;0.14;0.14,3256272405135360,0.07;0.07;0.07,3256272405135360,-3;-3;-3,-9
synthesized/just_one/featureCard/medium/root_2.uvl,1.83;1.66;1.78,60012,1.40;1.36;1.49,26005,0.03;0.03;0.03,0.19;0.19;0.19,32,0.06;0.06;0.06,32,-3;-3;-3,-9
synthesized/just_one/featureCard/medium/root_30.uvl,1.69;1.53;1.65,36167,1.30;1.44;1.32,15651,0.02;0.02;0.02,0.13;0.13;0.13,29595009024,0.05;0.12;0.09,29595009024,-3;-3;-3,-9
synthesized/just_one/featureCard/medium/root_31.uvl,1.74;1.50;1.55,23222,1.37;1.41;1.59,14626,0.02;0.02;0.03,0.12;0.12;0.12,11741366845440,0.05;0.05;0.06,11741366845440,-3;-3;-3,-9
synthesized/just_one/featureCard/medium/root_32.uvl,1.40;1.51;1.44,11155,1.50;1.27;1.39,9677,0.01;0.01;0.01,0.12;0.13;0.27,84115209108264207582194040533365555200,0.08;0.03;0.03,84115209108264207582194040533365555200,-3;-3;-3,-9
synthesized/just_one/featureCard/medium/root_33.uvl,2.56;2.47;2.31,166035,1.86;1.88;1.81,94589,0.10;0.10;0.10,0.36;0.36;0.38,573751962224199157429289497037669102866327619059439824931164156993103462400000,0.33;0.34;0.35,573751962224199157429289497037669102866327619059439824931164156993103462400000,-1;-1;-1,-9
synthesized/just_one/featureCard/medium/root_34.uvl,1.64;1.55;1.53,18321,1.66;1.37;1.59,13622,0.02;0.02;0.02,0.13;0.13;0.13,6434923291572059504640,0.05;0.04;0.05,6434923291572059504640,-3;-3;-3,-9
synthesized/just_one/featureCard/medium/root_35.uvl,1.62;1.75;1.66,32625,2.50;1.65;1.48,17540,0.02;0.02;0.03,0.12;0.12;0.12,1572864000,0.05;0.05;0.09,1572864000,-3;-3;-3,-9
synthesized/just_one/featureCard/medium/root_36.uvl,1.75;1.63;1.53,13921,1.60;1.43;1.49,12120,0.01;0.02;0.02,0.13;0.12;0.12,186043700606675189760,0.11;0.04;0.04,186043700606675189760,-3;-3;-3,-9
synthesized/just_one/featureCard/medium/root_37.uvl,2.33;2.06;2.20,123799,1.69;1.47;1.60,39628,0.04;0.04;0.04,0.14;0.14;0.15,52618718085120,0.09;0.11;0.13,52618718085120,-1;-1;-1,-9
synthesized/just_one/featureCard/medium/root_38.uvl,1.55;1.61;1.40,10137,1.34;1.55;1.37,8764,0.01;0.01;0.01,0.12;0.12;0.12,4787889353848258560,0.03;0.08;0.14,4787889353848258560,-3;-3;-3,-9
synthesized/just_one/featureCard/medium/root_39.uvl,1.82;1.77;1.98,49771,1.85;1.56;1.76,33428,0.04;0.04;0.04,0.13;0.13;0.13,106872530219827200,0.09;0.09;0.09,106872530219827200,-1;-1;-1,-9
synthesized/just_one/featureCard/medium/root_3.uvl,1.48;1.55;1.34,11222,1.63;1.97;1.33,9330,0.01;0.01;0.01,0.16;0.12;0.13,153896443516551168,0.03;0.03;0.03,307792887033102336,-3;-3;-3,-9
synthesized/just_one/featureCard/medium/root_40.uvl,1.83;1.83;1.78,84099,1.51;1.71;1.57,27022,0.03;0.03;0.03,0.15;0.15;0.14,31420523884629196800,0.07;0.07;0.13,31420523884629196800,-3;-3;-3,-9
synthesized/just_one/featureCard/medium/root_41.uvl,1.68;1.52;1.83,37277,1.34;1.47;1.33,17635,0.05;0.04;0.02,0.10;0.09;0.09,32768,0.05;0.05;0.05,32768,-1;-1;-1,-9
synthesized/just_one/featureCard/medium/root_42.uvl,1.52;1.31;1.34,9591,1.43;1.27;1.35,7762,0.01;0.01;0.02,0.12;0.12;0.12,6375194751874021038489600,0.03;0.03;0.03,6375194751874021038489600,-3;-3;-3,-9
synthesized/just_one/featureCard/medium/root_43.uvl,1.77;1.49;1.77,18741,1.59;1.58;1.46,12246,0.01;0.01;0.02,0.13;0.12;0.13,59096234310355648512000,0.04;0.04;0.04,59096234310355648512000,-3;-3;-3,-9
synthesized/just_one/featureCard/medium/root_44.uvl,3.88;3.97;4.18,567075,1.97;2.07;2.06,103633,0.10;0.11;0.10,1.05;1.05;1.06,271801116383025628556047236862182368057096636859062353713076981207841614220337822144921600,0.86;0.79;0.79,271801116383025628556047236862182368057096636859062353713076981207841614220337822144921600,-1;-1;-1,-9
synthesized/just_one/featureCard/medium/root_45.uvl,2.12;1.89;1.91,83298,1.64;1.57;1.53,51079,0.05;0.06;0.05,0.14;0.14;0.14,263217000853053980950426288128,0.14;0.14;0.13,263217000853053980950426288128,-3;-3;-3,-9
synthesized/just_one/featureCard/medium/root_46.uvl,1.57;1.64;1.45,18398,1.56;1.46;1.52,13043,0.02;0.02;0.02,0.12;0.12;0.12,163840,0.04;0.04;0.04,163840,-3;-3;-3,-9
synthesized/just_one/featureCard/medium/root_47.uvl,83.08;132.29;150.86,6108713,4.52;4.39;4.68,616809,0.55;0.56;0.56,23.72;23.46;23.46,12496601058399418235622649751600467674324258373507423556401463812012554883353384656497405990146042101137376873030912010405588569455064381449568256000000000,191.53;191.32;190.38,12496601058399418235622649751600467674324258373507423556401463812012554883353384656497405990146042101137376873030912010405588569455064381449568256000000000,-1;-1;-1,-9
synthesized/just_one/featureCard/medium/root_48.uvl,1.54;1.56;1.57,42094,1.74;1.59;1.63,33054,0.04;0.08;0.04,0.13;0.13;0.27,1215971899390033920,0.09;0.09;0.09,1215971899390033920,-3;-3;-3,-9
synthesized/just_one/featureCard/medium/root_49.uvl,2.25;2.44;2.47,245560,1.76;1.64;1.73,49144,0.07;0.06;0.06,0.25;0.24;0.25,36662534047234298621307820085084160,0.30;0.30;0.36,36662534047234298621307820085084160,-1;-1;-1,-9
synthesized/just_one/featureCard/medium/root_4.uvl,1.39;1.32;1.48,10192,1.43;1.26;1.48,7636,0.01;0.01;0.01,0.29;0.29;0.29,29206669829258405410484041851863040,0.03;0.03;0.03,29206669829258405410484041851863040,-3;-3;-3,-9
synthesized/just_one/featureCard/medium/root_50.uvl,1.82;1.56;1.84,15300,1.33;1.44;1.85,9846,0.01;0.02;0.01,0.15;0.12;0.13,95073795017117205112252740403200,0.04;0.03;0.03,95073795017117205112252740403200,-3;-3;-3,-9
synthesized/just_one/featureCard/medium/root_51.uvl,1.53;1.53;1.62,24854,1.52;1.46;1.52,23575,0.03;0.03;0.03,0.12;0.13;0.13,554027196659584204800,0.07;0.10;0.06,2216108786638336819200,-3;-3;-3,-9
synthesized/just_one/featureCard/medium/root_52.uvl,4.46;4.34;4.32,1265815,2.06;2.26;2.14,208142,0.18;0.20;0.19,0.24;0.25;0.25,336863938584051449856,0.42;0.42;0.40,336863938584051449856,-1;-1;-1,-9
synthesized/just_one/featureCard/medium/root_53.uvl,1.53;1.84;1.73,30140,1.67;1.41;2.34,20109,0.02;0.02;0.04,0.12;0.12;0.12,393216,0.06;0.06;0.11,393216,-3;-3;-3,-9
synthesized/just_one/featureCard/medium/root_54.uvl,1.50;1.48;1.50,17064,1.42;1.33;1.40,13995,0.02;0.02;0.02,0.13;0.14;0.13,250927665433761468074950656,0.05;0.04;0.04,501855330867522936149901312,-3;-3;-3,-9
synthesized/just_one/featureCard/medium/root_55.uvl,1.58;1.79;1.84,40845,1.45;1.62;1.66,21125,0.02;0.03;0.03,0.14;0.15;0.14,3029836231732101120,0.07;0.07;0.07,3029836231732101120,-3;-3;-3,-9
synthesized/just_one/featureCard/medium/root_56.uvl,1.66;1.77;1.53,29724,1.69;1.60;1.61,17533,0.02;0.02;0.02,0.30;0.14;0.14,11381496978290717491200,0.07;0.14;0.16,11381496978290717491200,-3;-3;-3,-9
synthesized/just_one/featureCard/medium/root_57.uvl,1.58;1.82;1.69,44032,1.55;1.37;1.63,19214,0.02;0.02;0.02,0.30;0.15;0.16,5937378361344,0.06;0.06;0.06,5937378361344,-3;-3;-3,-9
synthesized/just_one/featureCard/medium/root_58.uvl,1.62;1.75;1.63,43706,1.76;1.57;1.43,17071,0.02;0.02;0.03,0.30;0.13;0.14,91122026151936000,0.06;0.05;0.06,182244052303872000,-3;-3;-3,-9
synthesized/just_one/featureCard/medium/root_59.uvl,1.36;1.58;1.61,11253,1.41;1.37;1.75,10152,0.01;0.01;0.01,0.12;0.12;0.12,85566415515405484601027466362880,0.03;0.03;0.03,85566415515405484601027466362880,-3;-3;-3,-9
synthesized/just_one/featureCard/medium/root_5.uvl,26.29;18.30;19.65,1749900,5.06;4.98;4.86,576709,0.58;0.55;0.56,8.99;7.75;8.02,769867779355161242149004910572695161369819494451042758936008960318246467377231674382467050250446976111973240624006700181037625761977727819227637727776205872267369976509577143110205299542778387870738815876357524067084467058949537282901382265240734055312935255491376701138580028931970800025600,12.20;12.28;11.83,769867779355161242149004910572695161369819494451042758936008960318246467377231674382467050250446976111973240624006700181037625761977727819227637727776205872267369976509577143110205299542778387870738815876357524067084467058949537282901382265240734055312935255491376701138580028931970800025600,-1;-1;-1,-9
synthesized/just_one/featureCard/medium/root_60.uvl,1.77;1.90;2.40,57368,1.50;1.66;1.64,24124,0.03;0.02;0.02,0.14;0.14;0.14,14962154230775808000,0.19;0.08;0.08,14962154230775808000,-3;-3;-3,-9
synthesized/just_one/featureCard/medium/root_61.uvl,2.16;2.19;3.09,87245,1.72;1.90;1.93,69583,0.07;0.07;0.07,0.14;0.28;0.28,7752057671417629370775002775554969567232000,0.21;0.22;0.21,7752057671417629370775002775554969567232000,-1;-1;-1,-9
synthesized/just_one/featureCard/medium/root_62.uvl,1.79;1.65;1.94,55364,1.44;1.58;1.49,22573,0.06;0.04;0.04,0.15;0.15;0.15,333502375457409725575987200,0.10;0.07;0.07,333502375457409725575987200,-3;-3;-3,-9
synthesized/just_one/featureCard/medium/root_63.uvl,1.86;1.97;1.70,23675,1.56;1.40;1.39,12601,0.02;0.02;0.01,0.13;0.13;0.13,710903070720,0.04;0.04;0.04,710903070720,-3;-3;-3,-9
synthesized/just_one/featureCard/medium/root_64.uvl,1.35;1.56;1.44,11325,3.01;1.30;1.24,8843,0.02;0.03;0.01,0.13;0.12;0.13,1811939328,0.03;0.11;0.08,1811939328,-3;-3;-3,-9
synthesized/just_one/featureCard/medium/root_65.uvl,1.83;1.83;1.65,34862,1.86;1.79;1.80,29525,0.08;0.05;0.04,0.12;0.12;0.12,768,0.11;0.11;0.14,768,-3;-3;-3,-9
synthesized/just_one/featureCard/medium/root_66.uvl,1.60;1.67;1.63,15794,1.31;1.46;1.50,11039,0.03;0.01;0.01,0.13;0.13;0.13,1063732217586401673216,0.04;0.10;0.12,1063732217586401673216,-3;-3;-3,-9
synthesized/just_one/featureCard/medium/root_67.uvl,1.54;1.47;1.60,15898,1.43;1.51;1.41,10907,0.01;0.01;0.01,0.09;0.09;0.09,1,0.07;0.04;0.05,1,-3;-3;-3,-9
synthesized/just_one/featureCard/medium/root_68.uvl,1.76;1.87;1.87,67752,1.53;1.73;1.52,31040,0.05;0.03;0.04,0.30;0.14;0.14,6478850276437524480,0.07;0.08;0.08,6478850276437524480,-3;-3;-3,-9
synthesized/just_one/featureCard/medium/root_69.uvl,1.64;1.73;1.65,46863,1.70;1.74;1.90,39179,0.04;0.04;0.04,0.13;0.13;0.13,2330074250477568,0.16;0.16;0.10,2330074250477568,-1;-1;-1,-9
synthesized/just_one/featureCard/medium/root_6.uvl,1.62;1.65;1.65,22826,1.32;1.46;1.47,14779,0.03;0.02;0.02,0.12;0.12;0.12,12288,0.04;0.09;0.08,12288,-3;-3;-3,-9
synthesized/just_one/featureCard/medium/root_70.uvl,1.46;1.70;1.70,21257,1.57;1.56;1.41,13414,0.01;0.01;0.02,0.09;0.08;0.09,256,0.04;0.04;0.04,256,-3;-3;-3,-9
synthesized/just_one/featureCard/medium/root_71.uvl,1.74;1.56;1.60,27726,1.44;1.54;1.52,21889,0.04;0.02;0.02,0.14;0.13;0.13,448865694342174510164180205568,0.06;0.06;0.06,448865694342174510164180205568,-3;-3;-3,-9
synthesized/just_one/featureCard/medium/root_72.uvl,1.82;1.73;1.77,67933,1.91;1.90;1.64,27562,0.04;0.04;0.04,0.24;0.24;0.23,25619812563778439737017391644672,0.21;0.18;0.17,25619812563778439737017391644672,-1;-1;-1,-9
synthesized/just_one/featureCard/medium/root_73.uvl,1.60;1.72;1.78,43416,1.58;1.57;1.47,21446,0.02;0.02;0.02,0.13;0.13;0.13,13240319021678592,0.06;0.15;0.16,26480638043357184,-3;-3;-3,-9
synthesized/just_one/featureCard/medium/root_74.uvl,2.08;2.29;2.01,149294,1.67;1.60;1.56,49073,0.05;0.05;0.05,0.16;0.15;0.16,2512555868160000,0.20;0.18;0.14,2512555868160000,-3;-3;-3,-9
synthesized/just_one/featureCard/medium/root_75.uvl,82.09;101.69;95.87,4928388,6.08;6.04;6.12,726944,0.68;0.65;0.67,16.51;17.16;16.85,183789626444550213755378236908154821545562321794132796724933793441907131796099163166999631323837430591875337930811607552392516110213812458117609358754614723954114182982495693229487141932777147371158622859154847881588680943569415640044364225269401703036611040448700863706549259331417234900779008,26.06;28.30;27.32,183789626444550213755378236908154821545562321794132796724933793441907131796099163166999631323837430591875337930811607552392516110213812458117609358754614723954114182982495693229487141932777147371158622859154847881588680943569415640044364225269401703036611040448700863706549259331417234900779008,-1;-1;-1,-9
synthesized/just_one/featureCard/medium/root_76.uvl,2.15;2.17;2.16,128862,1.70;1.67;1.83,42641,0.04;0.04;0.04,0.16;0.16;0.16,836348818755132451549347840,0.11;0.11;0.11,1672697637510264903098695680,-1;-1;-1,-9
synthesized/just_one/featureCard/medium/root_77.uvl,1.67;1.47;1.54,17591,1.41;1.61;1.57,13007,0.02;0.02;0.02,0.28;0.28;0.31,7017515652457192305841765085085696,0.04;0.04;0.04,7017515652457192305841765085085696,-3;-3;-3,-9
synthesized/just_one/featureCard/medium/root_78.uvl,1.48;1.66;1.47,17488,1.44;1.33;1.60,12373,0.02;0.02;0.02,0.14;0.13;0.13,33684853556902719651840,0.04;0.04;0.04,33684853556902719651840,-3;-3;-3,-9
synthesized/just_one/featureCard/medium/root_79.uvl,1.67;1.76;1.64,39394,1.74;1.58;1.66,28194,0.03;0.03;0.03,0.32;0.27;0.27,672,0.07;0.07;0.07,672,-3;-3;-3,-9
synthesized/just_one/featureCard/medium/root_7.uvl,1.62;1.44;1.53,27230,1.29;1.40;1.44,15193,0.02;0.02;0.02,0.13;0.13;0.13,137594142720,0.05;0.05;0.05,275188285440,-3;-3;-3,-9
synthesized/just_one/featureCard/medium/root_80.uvl,2.21;2.28;2.50,204816,1.55;1.72;1.87,56127,0.07;0.06;0.06,0.22;0.22;0.22,13412586697066430233147394941255680000000,0.34;0.25;0.25,13412586697066430233147394941255680000000,-1;-1;-1,-9
synthesized/just_one/featureCard/medium/root_81.uvl,4.22;3.95;3.86,602162,1.68;1.79;1.94,90836,0.09;0.09;0.09,0.34;0.51;0.51,797133766656,0.80;0.78;0.79,797133766656,-1;-1;-1,-9
synthesized/just_one/featureCard/medium/root_82.uvl,2.47;2.73;2.83,246850,1.95;1.72;1.62,76894,0.08;0.08;0.07,0.58;0.59;0.43,107260405591891172953856663774822400,0.75;0.75;1.04,107260405591891172953856663774822400,-1;-1;-1,-9
synthesized/just_one/featureCard/medium/root_83.uvl,1.70;1.73;1.85,44534,1.62;1.64;1.69,22566,0.03;0.03;0.03,0.12;0.12;0.12,221184,0.07;0.06;0.06,221184,-3;-3;-3,-9
synthesized/just_one/featureCard/medium/root_84.uvl,3.49;4.10;3.45,853316,1.75;1.79;1.65,81116,0.07;0.10;0.09,0.20;0.20;0.21,67075067976089600,0.92;0.90;0.90,67075067976089600,-1;-1;-1,-9
synthesized/just_one/featureCard/medium/root_85.uvl,1.54;1.73;1.76,18175,1.45;1.47;1.52,15244,0.02;0.02;0.02,0.12;0.12;0.12,220502973764768124324266745615785801023488,0.05;0.04;0.04,220502973764768124324266745615785801023488,-3;-3;-3,-9
synthesized/just_one/featureCard/medium/root_86.uvl,1.65;1.66;1.68,51673,1.46;1.48;1.67,23795,0.03;0.03;0.03,0.13;0.13;0.13,121110801179247378432,0.06;0.06;0.06,121110801179247378432,-3;-3;-3,-9
synthesized/just_one/featureCard/medium/root_87.uvl,2.42;2.60;2.45,275939,1.80;1.88;1.55,54793,0.05;0.06;0.06,0.23;0.23;0.40,28831964312615519975658215178240000,0.24;0.20;0.16,28831964312615519975658215178240000,-1;-1;-1,-9
synthesized/just_one/featureCard/medium/root_88.uvl,1.77;1.77;1.52,22357,1.28;1.57;1.54,11899,0.01;0.01;0.01,0.12;0.12;0.12,57711166318706688,0.12;0.08;0.08,57711166318706688,-3;-3;-3,-9
synthesized/just_one/featureCard/medium/root_89.uvl,3.26;3.48;3.34,488471,2.04;1.62;1.58,83987,0.08;0.09;0.09,1.58;1.56;1.58,41749050101624887681230739196921297436672,5.18;5.35;5.43,41749050101624887681230739196921297436672,-1;-1;-1,-9
synthesized/just_one/featureCard/medium/root_8.uvl,1.79;1.63;1.57,23006,1.55;1.35;1.37,13595,0.02;0.03;0.04,0.14;0.14;0.14,306546840095400721907712,0.07;0.07;0.07,306546840095400721907712,-3;-3;-3,-9
synthesized/just_one/featureCard/medium/root_90.uvl,1.60;1.47;1.72,22634,1.40;1.36;1.32,17144,0.02;0.03;0.04,0.13;0.13;0.13,229512314880,0.05;0.05;0.05,229512314880,-3;-3;-3,-9
synthesized/just_one/featureCard/medium/root_91.uvl,1.66;1.69;1.40,21700,1.37;1.47;1.36,15677,0.02;0.02;0.02,0.21;0.09;0.09,1,0.06;0.05;0.05,1,-3;-3;-3,-9
synthesized/just_one/featureCard/medium/root_92.uvl,1.73;1.58;1.75,21489,1.72;1.65;1.68,11738,0.02;0.01;0.02,0.28;0.28;0.34,1592524800,0.04;0.04;0.04,1592524800,-3;-3;-3,-9
synthesized/just_one/featureCard/medium/root_93.uvl,1.95;1.68;1.67,67380,1.49;1.60;1.55,28330,0.03;0.03;0.03,0.16;0.16;0.16,22859033211763163136,0.07;0.07;0.07,45718066423526326272,-3;-3;-3,-9
synthesized/just_one/featureCard/medium/root_94.uvl,1.65;1.51;1.51,14521,1.38;1.59;1.46,10831,0.01;0.01;0.01,0.12;0.12;0.12,707788800,0.07;0.11;0.04,707788800,-3;-3;-3,-9
synthesized/just_one/featureCard/medium/root_95.uvl,1.95;1.71;1.68,40873,1.68;1.42;1.66,20327,0.02;0.03;0.02,0.15;0.15;0.15,7540925732311007232,0.13;0.16;0.18,7540925732311007232,-3;-3;-3,-9
synthesized/just_one/featureCard/medium/root_96.uvl,1.69;1.79;1.83,61191,1.72;1.56;1.49,23070,0.03;0.03;0.02,0.13;0.13;0.13,2120885362212470784,0.07;0.07;0.07,4241770724424941568,-3;-3;-3,-9
synthesized/just_one/featureCard/medium/root_97.uvl,1.97;1.87;2.04,90670,1.70;1.84;1.64,28481,0.03;0.03;0.03,0.13;0.12;0.12,226492416,0.07;0.07;0.14,226492416,-3;-3;-3,-9
synthesized/just_one/featureCard/medium/root_98.uvl,8.32;8.20;8.19,1846087,2.20;2.16;2.27,202396,0.18;0.18;0.18,0.83;0.82;0.82,80225691985248612036463950888960,0.92;0.85;0.92,80225691985248612036463950888960,-1;-1;-1,-9
synthesized/just_one/featureCard/medium/root_99.uvl,1.47;1.68;1.47,13320,1.39;1.42;1.51,11903,0.02;0.01;0.01,0.13;0.13;0.13,881333817851924136887058432,0.07;0.04;0.04,440666908925962068443529216,-3;-3;-3,-9
synthesized/just_one/featureCard/medium/root_9.uvl,1.59;1.59;1.76,32964,1.49;1.44;1.58,20636,0.02;0.02;0.02,0.13;0.13;0.13,121386083706470400,0.09;0.06;0.06,121386083706470400,-3;-3;-3,-9
synthesized/just_one/featureCard/small/root_100.uvl,0.98;0.91;0.93,14672,0.77;0.73;0.77,6186,0.01;0.01;0.01,0.13;0.30;0.27,768,0.03;0.03;0.03,768,-3;-3;-3,-9
synthesized/just_one/featureCard/small/root_10.uvl,1.07;1.24;1.18,45381,0.78;0.86;0.80,12558,0.01;0.03;0.04,0.14;0.15;0.15,3613,0.08;0.08;0.08,3613,15.85;16.01;10.95,3613
synthesized/just_one/featureCard/small/root_11.uvl,0.77;0.78;0.74,1833,0.69;0.70;0.70,1720,0.00;0.00;0.00,0.27;0.12;0.12,16384,0.02;0.06;0.06,16384,-3;-3;-3,-9
synthesized/just_one/featureCard/small/root_12.uvl,0.76;0.77;0.80,2002,0.74;0.91;1.13,1813,0.03;0.00;0.00,0.12;0.11;0.12,1920,0.02;0.02;0.01,1920,-3;-3;-3,-9
synthesized/just_one/featureCard/small/root_13.uvl,1.07;0.99;0.84,3677,0.78;0.80;0.75,3573,0.00;0.01;0.01,0.12;0.12;0.12,2560,0.01;0.01;0.01,5120,-3;-3;-3,-9
synthesized/just_one/featureCard/small/root_14.uvl,0.79;0.77;0.81,2003,0.73;0.76;0.74,1822,0.00;0.00;0.00,0.12;0.12;0.12,5184,0.01;0.07;0.05,5184,-3;-3;-3,-9
synthesized/just_one/featureCard/small/root_15.uvl,0.97;0.94;0.95,23700,0.82;0.78;0.93,9189,0.01;0.01;0.01,0.12;0.13;0.13,27648,0.03;0.03;0.03,27648,-3;-3;-3,-9
synthesized/just_one/featureCard/small/root_16.uvl,0.78;0.83;0.82,1750,0.69;0.72;0.87,1639,0.00;0.00;0.00,0.20;0.19;0.19,4,0.11;0.01;0.01,4,-3;-3;-3,-9
synthesized/just_one/featureCard/small/root_17.uvl,0.81;0.82;0.76,2104,0.73;0.73;0.73,1855,0.00;0.00;0.00,0.12;0.11;0.12,73728,0.10;0.11;0.12,18432,-3;-3;-3,-9
synthesized/just_one/featureCard/small/root_18.uvl,0.97;1.00;0.98,30694,0.79;1.01;0.78,7680,0.01;0.01;0.01,0.13;0.13;0.14,32768,0.03;0.11;0.03,32768,1.30;0.59;0.59,32768
synthesized/just_one/featureCard/small/root_19.uvl,1.30;1.30;1.22,91064,0.94;0.96;0.97,38235,0.04;0.04;0.04,0.23;0.23;0.23,22514880823896,0.53;0.55;0.51,22514880823896,3.87;3.49;3.52,22514880823896
synthesized/just_one/featureCard/small/root_1.uvl,0.95;1.00;1.26,27071,0.86;0.79;0.81,12849,0.02;0.02;0.01,0.15;0.12;0.12,29952,0.03;0.03;0.03,29952,0.18;0.18;0.43,29952
synthesized/just_one/featureCard/small/root_20.uvl,0.67;0.73;0.76,1759,0.69;0.68;0.71,1616,0.00;0.00;0.00,0.09;0.09;0.09,2048,0.01;0.01;0.01,2048,-3;-3;-3,-9
synthesized/just_one/featureCard/small/root_21.uvl,0.88;1.01;0.82,4645,0.72;0.71;0.71,3033,0.06;0.02;0.00,0.28;0.12;0.12,96,0.01;0.01;0.01,96,-3;-3;-3,-9
synthesized/just_one/featureCard/small/root_22.uvl,0.79;0.93;0.83,6313,0.74;0.84;0.80,4085,0.01;0.01;0.01,0.14;0.15;0.15,66545280,0.02;0.02;0.02,66545280,-3;-3;-3,-9
synthesized/just_one/featureCard/small/root_23.uvl,0.92;1.01;1.00,16464,0.77;0.75;0.76,5823,0.01;0.01;0.01,0.09;0.09;0.09,1,0.02;0.02;0.02,1,2.36;2.45;1.66,1
synthesized/just_one/featureCard/small/root_24.uvl,0.78;0.76;1.36,3123,0.69;0.69;0.69,2991,0.00;0.00;0.00,0.09;0.09;0.09,8,0.04;0.01;0.01,8,-3;-3;-3,-9
synthesized/just_one/featureCard/small/root_25.uvl,0.82;0.84;0.85,8266,1.03;0.94;0.89,4148,0.01;0.01;0.01,0.12;0.12;0.12,23040,0.01;0.07;0.04,11520,-3;-3;-3,-9
synthesized/just_one/featureCard/small/root_26.uvl,0.71;0.76;0.79,2343,0.68;0.70;0.68,1789,0.00;0.00;0.00,0.09;0.08;0.09,2,0.01;0.01;0.01,4,-3;-3;-3,-9
synthesized/just_one/featureCard/small/root_27.uvl,1.36;1.25;1.34,50710,0.82;0.82;0.77,11337,0.01;0.01;0.01,0.17;0.17;0.18,689889616608,0.08;0.10;0.11,689889616608,-1;-1;-1,-9
synthesized/just_one/featureCard/small/root_28.uvl,0.72;0.78;0.80,2641,0.66;0.72;0.71,1917,0.00;0.00;0.00,0.19;0.19;0.20,192,0.01;0.01;0.01,192,0.06;0.05;0.05,192
synthesized/just_one/featureCard/small/root_29.uvl,0.75;0.77;0.77,1893,0.70;0.71;0.73,1543,0.00;0.00;0.00,0.12;0.31;0.12,15360,0.04;0.02;0.02,15360,-3;-3;-3,-9
synthesized/just_one/featureCard/small/root_2.uvl,0.82;0.84;0.83,2373,0.75;0.74;0.72,2105,0.01;0.00;0.00,0.18;0.19;0.21,1,0.01;0.05;0.05,1,-3;-3;-3,-9
synthesized/just_one/featureCard/small/root_30.uvl,0.77;0.77;0.74,1906,0.67;0.63;0.72,1624,0.00;0.00;0.00,0.13;0.12;0.28,49152,0.05;0.03;0.02,49152,-3;-3;-3,-9
synthesized/just_one/featureCard/small/root_31.uvl,0.71;0.79;0.78,2679,0.67;0.67;0.69,2087,0.00;0.00;0.00,0.14;0.13;0.12,2304,0.01;0.01;0.01,2304,-3;-3;-3,-9
synthesized/just_one/featureCard/small/root_32.uvl,0.81;0.82;0.98,5948,0.68;0.69;0.74,3480,0.00;0.00;0.00,0.13;0.12;0.13,14155776,0.01;0.01;0.02,14155776,-3;-3;-3,-9
synthesized/just_one/featureCard/small/root_33.uvl,0.83;0.86;1.09,2277,0.76;0.74;0.74,2083,0.00;0.00;0.00,0.12;0.12;0.12,1920,0.01;0.01;0.01,1920,-3;-3;-3,-9
synthesized/just_one/featureCard/small/root_34.uvl,0.86;0.91;0.82,6215,0.77;0.74;0.86,5545,0.03;0.02;0.01,0.12;0.12;0.12,27000,0.02;0.02;0.02,27000,0.19;0.20;0.13,27000
synthesized/just_one/featureCard/small/root_35.uvl,0.88;0.80;0.82,14021,0.76;0.71;0.71,5262,0.01;0.01;0.01,0.12;0.12;0.12,90,0.02;0.02;0.02,90,-3;-3;-3,-9
synthesized/just_one/featureCard/small/root_36.uvl,0.77;0.80;0.81,1716,0.69;0.70;0.67,1620,0.00;0.00;0.00,0.09;0.09;0.08,256,0.01;0.01;0.01,256,-3;-3;-3,-9
synthesized/just_one/featureCard/small/root_37.uvl,1.27;1.28;1.27,58000,0.94;0.87;0.91,19049,0.02;0.02;0.02,0.54;0.43;0.47,12117350173651846103757225984,0.12;0.10;0.10,12117350173651846103757225984,0.63;0.63;0.56,12117350173651846138771275776
synthesized/just_one/featureCard/small/root_38.uvl,0.96;0.97;0.99,15305,0.82;0.81;0.80,6925,0.01;0.01;0.01,0.14;0.14;0.14,34725888,0.10;0.10;0.03,34725888,-3;-3;-3,-9
synthesized/just_one/featureCard/small/root_39.uvl,0.86;0.73;0.82,1927,0.73;0.72;0.72,1808,0.00;0.00;0.00,0.09;0.09;0.09,64,0.04;0.01;0.01,32,-3;-3;-3,-9
synthesized/just_one/featureCard/small/root_3.uvl,0.80;0.81;0.84,3073,0.72;0.72;0.73,2042,0.00;0.00;0.01,0.36;0.28;0.12,3072,0.01;0.01;0.01,3072,-3;-3;-3,-9
synthesized/just_one/featureCard/small/root_40.uvl,0.77;0.78;0.85,2011,0.72;0.72;0.73,1836,0.00;0.00;0.04,0.13;0.12;0.12,10240,0.01;0.05;0.09,10240,-3;-3;-3,-9
synthesized/just_one/featureCard/small/root_41.uvl,0.79;0.81;0.80,1766,0.75;0.84;0.87,1614,0.01;0.02;0.02,0.12;0.12;0.13,384,0.04;0.06;0.08,384,-3;-3;-3,-9
synthesized/just_one/featureCard/small/root_42.uvl,0.78;0.79;0.74,1755,0.71;0.70;0.76,1575,0.00;0.00;0.00,0.13;0.12;0.12,48,0.01;0.01;0.01,48,-3;-3;-3,-9
synthesized/just_one/featureCard/small/root_43.uvl,0.81;0.78;0.83,2547,0.75;0.74;0.74,2261,0.00;0.01;0.01,0.12;0.12;0.12,1440,0.02;0.02;0.02,1440,-3;-3;-3,-9
synthesized/just_one/featureCard/small/root_44.uvl,0.78;0.82;0.77,2239,0.63;0.64;0.70,1749,0.00;0.04;0.04,0.13;0.12;0.28,179159040,0.01;0.01;0.10,179159040,-3;-3;-3,-9
synthesized/just_one/featureCard/small/root_45.uvl,1.11;0.79;0.75,1976,0.91;0.72;0.73,1849,0.00;0.00;0.00,0.09;0.09;0.09,8,0.02;0.02;0.03,8,-3;-3;-3,-9
synthesized/just_one/featureCard/small/root_46.uvl,0.77;0.77;0.75,1594,0.60;0.65;0.68,1472,0.01;0.01;0.01,0.09;0.11;0.08,256,0.01;0.01;0.01,256,-3;-3;-3,-9
synthesized/just_one/featureCard/small/root_47.uvl,0.75;0.75;0.75,1829,0.88;0.71;0.69,1405,0.00;0.00;0.00,0.09;0.09;0.08,16,0.01;0.01;0.01,16,0.22;0.03;0.03,16
synthesized/just_one/featureCard/small/root_48.uvl,0.90;0.96;0.93,11513,0.98;0.90;0.89,10072,0.03;0.03;0.03,0.12;0.12;0.12,347892350976,0.09;0.06;0.10,347892350976,0.19;0.18;0.18,347892350976
synthesized/just_one/featureCard/small/root_49.uvl,1.23;0.78;0.81,2065,0.72;0.91;0.91,1740,0.00;0.00;0.00,0.08;0.09;0.09,1,0.01;0.01;0.01,1,-3;-3;-3,-9
synthesized/just_one/featureCard/small/root_4.uvl,0.85;0.84;0.91,2095,0.74;0.75;0.75,1836,0.00;0.00;0.00,0.08;0.09;0.09,4,0.01;0.01;0.03,4,-3;-3;-3,-9
synthesized/just_one/featureCard/small/root_50.uvl,0.79;1.05;0.94,2351,0.72;0.71;0.71,2118,0.00;0.00;0.00,0.08;0.09;0.08,4,0.01;0.01;0.03,4,-3;-3;-3,-9
synthesized/just_one/featureCard/small/root_51.uvl,0.79;0.84;0.80,3059,0.71;0.91;0.74,2336,0.00;0.00;0.00,0.12;0.12;0.12,13824,0.01;0.01;0.01,13824,-3;-3;-3,-9
synthesized/just_one/featureCard/small/root_52.uvl,0.91;0.79;0.79,2900,0.74;0.70;0.81,2462,0.00;0.00;0.00,0.20;0.20;0.20,8,0.03;0.01;0.05,16,-3;-3;-3,-9
synthesized/just_one/featureCard/small/root_53.uvl,0.96;0.79;0.79,2629,0.72;0.77;0.77,2480,0.00;0.01;0.02,0.31;0.09;0.09,48,0.01;0.01;0.01,48,-3;-3;-3,-9
synthesized/just_one/featureCard/small/root_54.uvl,0.80;0.81;0.82,3115,0.73;0.73;0.71,2212,0.00;0.00;0.00,0.12;0.12;0.12,1152,0.01;0.01;0.01,1152,-3;-3;-3,-9
synthesized/just_one/featureCard/small/root_55.uvl,0.90;0.93;1.00,6988,0.75;0.77;0.77,4234,0.01;0.01;0.01,0.14;0.13;0.13,1675037245440,0.02;0.02;0.02,1675037245440,-3;-3;-3,-9
synthesized/just_one/featureCard/small/root_56.uvl,0.81;0.78;0.80,3134,0.67;0.71;0.66,2517,0.01;0.00;0.00,0.12;0.12;0.28,950272,0.01;0.01;0.01,1900544,-3;-3;-3,-9
synthesized/just_one/featureCard/small/root_57.uvl,0.81;0.72;0.78,2813,0.72;0.72;0.69,2039,0.00;0.00;0.00,0.12;0.12;0.12,43008,0.01;0.01;0.01,86016,-3;-3;-3,-9
synthesized/just_one/featureCard/small/root_58.uvl,0.78;0.79;0.75,1569,0.68;0.70;0.65,1493,0.00;0.00;0.00,0.08;0.21;0.09,12,0.01;0.09;0.01,12,-3;-3;-3,-9
synthesized/just_one/featureCard/small/root_59.uvl,0.85;0.83;0.86,5819,0.78;0.80;0.78,5494,0.01;0.01;0.01,0.12;0.12;0.11,1528823808,0.04;0.02;0.02,1528823808,0.13;0.13;0.50,1528823808
synthesized/just_one/featureCard/small/root_5.uvl,0.79;0.83;0.78,1921,1.10;0.70;0.69,1658,0.00;0.04;0.02,0.12;0.12;0.12,19327352832,0.01;0.10;0.06,19327352832,-3;-3;-3,-9
synthesized/just_one/featureCard/small/root_60.uvl,0.83;0.77;0.80,1905,0.73;0.71;0.84,1675,0.00;0.00;0.00,0.09;0.09;0.09,64,0.06;0.04;0.02,128,-3;-3;-3,-9
synthesized/just_one/featureCard/small/root_61.uvl,1.21;1.26;1.19,70011,0.92;0.88;1.00,19785,0.03;0.03;0.03,0.16;0.16;0.32,13171200,0.10;0.10;0.09,13171200,-1;-1;-1,-9
synthesized/just_one/featureCard/small/root_62.uvl,0.95;1.15;1.01,27672,0.80;0.91;0.84,9276,0.01;0.01;0.01,0.13;0.13;0.13,1015808,0.03;0.03;0.03,1015808,0.31;0.23;0.27,1015808
synthesized/just_one/featureCard/small/root_63.uvl,0.86;0.83;0.85,5530,0.74;0.75;0.75,5108,0.01;0.01;0.01,0.12;0.13;0.13,7,0.03;0.03;0.08,7,0.18;0.19;0.38,7
synthesized/just_one/featureCard/small/root_64.uvl,1.03;0.92;0.83,13493,0.73;0.85;0.78,6061,0.01;0.01;0.01,0.27;0.26;0.13,19,0.04;0.04;0.04,19,0.08;0.08;0.08,19
synthesized/just_one/featureCard/small/root_65.uvl,0.89;0.91;1.08,16135,0.67;0.76;0.68,4128,0.01;0.01;0.00,0.18;0.19;0.09,3,0.04;0.01;0.01,6,-3;-3;-3,-9
synthesized/just_one/featureCard/small/root_66.uvl,0.86;0.85;1.08,3656,0.68;0.68;0.73,3422,0.00;0.01;0.00,0.08;0.09;0.09,48,0.01;0.01;0.01,48,-3;-3;-3,-9
synthesized/just_one/featureCard/small/root_67.uvl,0.74;0.74;0.75,1642,0.63;0.67;0.70,1457,0.00;0.00;0.00,0.09;0.19;0.19,32,0.01;0.01;0.01,32,-3;-3;-3,-9
synthesized/just_one/featureCard/small/root_68.uvl,0.73;0.74;0.72,1502,0.68;0.93;0.85,1287,0.00;0.00;0.00,0.09;0.20;0.19,4194304,0.01;0.04;0.01,4194304,0.10;0.08;0.17,4194304
synthesized/just_one/featureCard/small/root_69.uvl,0.85;0.86;0.86,9332,1.01;0.76;0.76,8772,0.01;0.01;0.01,0.14;0.14;0.14,20000000288,0.04;0.04;0.04,80000001152,0.06;0.06;0.06,80000001152
synthesized/just_one/featureCard/small/root_6.uvl,0.89;0.91;0.90,15409,0.76;0.91;0.81,8659,0.02;0.03;0.01,0.13;0.13;0.13,1327104,0.03;0.03;0.08,1327104,-3;-3;-3,-9
synthesized/just_one/featureCard/small/root_70.uvl,0.73;0.75;0.90,1634,0.69;0.69;0.68,1465,0.00;0.00;0.01,0.12;0.12;0.12,960,0.05;0.01;0.01,1920,-3;-3;-3,-9
synthesized/just_one/featureCard/small/root_71.uvl,0.78;0.77;0.75,1717,0.68;0.69;0.70,1493,0.00;0.00;0.00,0.11;0.12;0.12,192,0.03;0.01;0.01,192,-3;-3;-3,-9
synthesized/just_one/featureCard/small/root_72.uvl,0.85;1.05;1.00,5526,0.74;0.77;0.76,3659,0.01;0.00;0.00,0.12;0.12;0.12,96,0.01;0.01;0.01,96,-3;-3;-3,-9
synthesized/just_one/featureCard/small/root_73.uvl,0.81;0.81;0.86,4261,0.76;0.75;0.77,3609,0.01;0.01;0.00,0.09;0.09;0.11,1,0.01;0.01;0.01,1,-3;-3;-3,-9
synthesized/just_one/featureCard/small/root_74.uvl,0.82;0.81;0.84,5445,0.97;0.92;0.66,3108,0.00;0.00;0.00,0.12;0.12;0.12,27648,0.01;0.09;0.08,27648,-3;-3;-3,-9
synthesized/just_one/featureCard/small/root_75.uvl,0.79;0.81;0.75,3431,0.71;0.73;0.72,3209,0.04;0.03;0.00,0.12;0.12;0.12,128,0.01;0.01;0.01,128,-3;-3;-3,-9
synthesized/just_one/featureCard/small/root_76.uvl,1.44;1.03;0.96,23095,0.79;0.94;0.94,10099,0.01;0.01;0.01,0.27;0.27;0.28,14400,0.05;0.05;0.05,14400,2.55;2.02;2.86,14400
synthesized/just_one/featureCard/small/root_77.uvl,0.74;0.75;0.89,1732,0.86;0.78;0.66,1498,0.00;0.00;0.00,0.32;0.09;0.08,16,0.01;0.02;0.01,16,-3;-3;-3,-9
synthesized/just_one/featureCard/small/root_78.uvl,0.96;1.38;1.06,34534,0.87;0.88;0.86,22517,0.03;0.02;0.02,0.10;0.10;0.10,1,0.10;0.10;0.10,-9,5.00;5.03;5.01,1
synthesized/just_one/featureCard/small/root_79.uvl,0.75;0.75;0.77,1672,0.70;0.68;0.69,1409,0.00;0.00;0.00,0.12;0.12;0.13,5,0.02;0.08;0.06,5,-3;-3;-3,-9
synthesized/just_one/featureCard/small/root_7.uvl,0.99;0.98;1.11,25452,0.83;0.78;0.80,9610,0.01;0.01;0.01,0.12;0.12;0.12,320,0.03;0.03;0.03,320,6.86;6.64;7.20,320
synthesized/just_one/featureCard/small/root_80.uvl,0.68;0.69;0.72,1587,0.67;0.67;0.68,1375,0.00;0.00;0.01,0.09;0.09;0.09,8,0.01;0.01;0.03,8,-3;-3;-3,-9
synthesized/just_one/featureCard/small/root_81.uvl,0.93;0.92;0.88,16468,0.73;0.75;0.75,9139,0.01;0.01;0.01,0.13;0.13;0.16,2138112,0.04;0.04;0.04,2138112,-3;-3;-3,-9
synthesized/just_one/featureCard/small/root_82.uvl,1.02;0.93;0.87,3337,0.74;0.70;0.71,2367,0.00;0.00;0.00,0.21;0.11;0.09,16,0.01;0.01;0.01,16,-3;-3;-3,-9
synthesized/just_one/featureCard/small/root_83.uvl,0.86;0.86;0.85,9832,0.80;0.80;0.74,3974,0.01;0.01;0.01,0.14;0.14;0.14,32069074944,0.02;0.02;0.02,32069074944,0.03;0.03;0.10,32069074944
synthesized/just_one/featureCard/small/root_84.uvl,0.81;0.83;0.76,5086,0.71;0.71;0.90,2681,0.01;0.01;0.00,0.12;0.12;0.12,7680,0.01;0.01;0.01,7680,-3;-3;-3,-9
synthesized/just_one/featureCard/small/root_85.uvl,0.83;0.79;0.95,2007,0.72;0.71;0.87,1700,0.00;0.00;0.00,0.12;0.12;0.12,320,0.04;0.01;0.01,640,-3;-3;-3,-9
synthesized/just_one/featureCard/small/root_86.uvl,0.78;0.77;0.75,1693,0.67;0.69;0.69,1514,0.00;0.00;0.00,0.09;0.09;0.08,32768,0.01;0.01;0.01,32768,-3;-3;-3,-9
synthesized/just_one/featureCard/small/root_87.uvl,1.10;0.90;0.93,10035,0.80;1.09;0.92,8554,0.01;0.01;0.01,0.12;0.12;0.12,102400000,0.06;0.07;0.10,102400000,0.13;0.13;0.24,102400000
synthesized/just_one/featureCard/small/root_88.uvl,0.99;1.02;0.93,22949,0.74;0.79;0.76,7963,0.01;0.01;0.01,0.09;0.09;0.09,2,0.03;0.03;0.03,2,147.82;143.21;152.45,2
synthesized/just_one/featureCard/small/root_89.uvl,0.86;0.86;1.27,8132,0.84;0.77;0.82,3859,0.01;0.01;0.01,0.27;0.27;0.12,2457600,0.08;0.02;0.02,2457600,-3;-3;-3,-9
synthesized/just_one/featureCard/small/root_8.uvl,0.77;0.77;0.79,1784,0.99;0.83;0.66,1514,0.01;0.03;0.03,0.12;0.12;0.12,491520,0.01;0.01;0.06,491520,0.02;0.03;0.17,491520
synthesized/just_one/featureCard/small/root_90.uvl,1.95;1.76;1.80,163346,1.07;1.07;1.10,51210,0.06;0.05;0.05,0.21;0.24;0.43,200848896,0.39;0.39;0.42,100424448,-3;-3;-3,-9
synthesized/just_one/featureCard/small/root_91.uvl,0.79;0.79;0.76,1739,0.69;0.73;0.73,1494,0.00;0.00;0.00,0.09;0.09;0.08,1024,0.06;0.01;0.01,1024,-3;-3;-3,-9
synthesized/just_one/featureCard/small/root_92.uvl,1.00;0.85;0.86,4238,0.78;0.79;0.80,4088,0.01;0.01;0.03,0.12;0.12;0.12,65536,0.01;0.01;0.02,65536,-3;-3;-3,-9
synthesized/just_one/featureCard/small/root_93.uvl,0.76;0.78;0.86,1808,0.75;0.74;0.73,1591,0.00;0.00;0.00,0.08;0.09;0.18,4,0.01;0.01;0.01,4,-3;-3;-3,-9
synthesized/just_one/featureCard/small/root_94.uvl,0.87;0.88;0.91,10648,0.72;0.67;0.73,6007,0.01;0.01;0.01,0.13;0.13;0.13,17039360,0.03;0.03;0.03,17039360,2.36;3.81;2.00,17039360
synthesized/just_one/featureCard/small/root_95.uvl,0.70;0.76;0.75,1601,0.69;0.62;0.67,1468,0.00;0.00;0.00,0.12;0.12;0.12,49152,0.08;0.01;0.10,49152,-3;-3;-3,-9
synthesized/just_one/featureCard/small/root_96.uvl,0.92;0.90;1.01,14973,0.77;0.82;0.80,8351,0.01;0.01;0.01,0.12;0.12;0.12,1811939328,0.02;0.02;0.03,1811939328,-3;-3;-3,-9
synthesized/just_one/featureCard/small/root_97.uvl,0.92;0.90;0.91,10118,0.77;0.79;0.81,6249,0.01;0.01;0.01,0.12;0.12;0.12,2048,0.03;0.04;0.08,2048,-3;-3;-3,-9
synthesized/just_one/featureCard/small/root_98.uvl,1.55;1.30;1.11,7563,0.81;0.78;0.78,3909,0.01;0.01;0.01,0.12;0.12;0.12,2322432,0.01;0.01;0.01,4644864,-3;-3;-3,-9
synthesized/just_one/featureCard/small/root_99.uvl,0.88;0.88;0.88,5923,0.76;0.78;0.75,5779,0.01;0.01;0.01,0.09;0.09;0.08,65536,0.06;0.05;0.06,65536,-3;-3;-3,-9
synthesized/just_one/featureCard/small/root_9.uvl,0.90;0.84;0.82,4375,0.72;0.74;0.88,2752,0.00;0.00;0.00,0.48;0.44;0.44,1152,0.07;0.01;0.01,1152,-3;-3;-3,-9
synthesized/just_one/groupCard/large/root_100.uvl,-1;-1;-1,-4,2.61;2.44;2.34,44016,0.05;0.05;0.05,-3;-3;-3,-4,0.21;0.15;0.14,35527685313243544443294842880,-3;-3;-3,-9
synthesized/just_one/groupCard/large/root_10.uvl,2.72;2.85;2.75,48056,3.30;3.30;3.74,44728,0.05;0.06;0.05,0.14;0.14;0.13,426314075886774432579887228918956032000,0.15;0.19;0.17,426314075886774432579887228918956032000,-3;-3;-3,-9
synthesized/just_one/groupCard/large/root_11.uvl,2.53;2.54;2.45,41758,2.48;2.37;2.33,37950,0.05;0.04;0.04,0.13;0.13;0.13,18168885167385068837753912755206959923200,0.13;0.13;0.15,72675540669540275351015651020827839692800,-3;-3;-3,-9
synthesized/just_one/groupCard/large/root_12.uvl,-1;-1;-1,-4,2.48;2.58;2.59,42484,0.04;0.05;0.05,-3;-3;-3,-4,0.15;0.14;0.14,1360645639372800,-3;-3;-3,-9
synthesized/just_one/groupCard/large/root_13.uvl,2.34;2.50;2.44,35444,2.39;2.00;2.29,32154,0.04;0.04;0.05,0.13;0.13;0.28,22203858119102835030202459839528960,0.12;0.11;0.19,22203858119102835030202459839528960,-3;-3;-3,-9
synthesized/just_one/groupCard/large/root_14.uvl,2.29;2.92;2.90,36656,3.26;2.60;2.56,33562,0.05;0.04;0.04,0.26;0.13;0.12,8716086574827763138560,0.12;0.11;0.11,8716086574827763138560,-3;-3;-3,-9
synthesized/just_one/groupCard/large/root_15.uvl,4.49;4.41;4.19,42368,2.59;2.65;2.89,38166,0.04;0.05;0.04,0.12;0.12;0.12,50331648,0.15;0.15;0.14,50331648,-3;-3;-3,-9
synthesized/just_one/groupCard/large/root_16.uvl,6.38;7.57;7.24,42819,2.29;2.50;2.47,39196,0.07;0.05;0.05,0.16;0.33;0.34,198353535942852061420427045344556027922350348317782486024192000000000,0.15;0.15;0.14,198353535942852061420427045344556027922350348317782486024192000000000,-3;-3;-3,-9
synthesized/just_one/groupCard/large/root_17.uvl,2.96;3.05;3.03,38692,2.47;2.41;2.42,34516,0.05;0.05;0.05,0.13;0.13;0.30,4989015034168785154934379865178112000,0.13;0.23;0.19,4989015034168785154934379865178112000,-3;-3;-3,-9
synthesized/just_one/groupCard/large/root_18.uvl,6.63;6.31;6.73,41092,2.88;2.73;2.36,37497,0.04;0.04;0.04,0.33;0.12;0.12,195689447424,0.12;0.12;0.12,195689447424,-3;-3;-3,-9
synthesized/just_one/groupCard/large/root_19.uvl,3.64;3.80;3.10,42777,4.77;2.14;2.49,37325,0.04;0.04;0.04,0.13;0.13;0.13,3150538443553680333471744,0.14;0.14;0.13,3150538443553680333471744,-3;-3;-3,-9
synthesized/just_one/groupCard/large/root_1.uvl,-1;-1;-1,-4,2.37;2.52;2.40,38672,0.04;0.04;0.05,-3;-3;-3,-4,0.18;0.13;0.13,66672535493725926406117539120650658330287917864530739200,-3;-3;-3,-9
synthesized/just_one/groupCard/large/root_20.uvl,-1;-1;-1,-4,2.46;2.44;2.34,36310,0.04;0.04;0.04,-3;-3;-3,-4,0.13;0.13;0.13,70368744177664,-3;-3;-3,-9
synthesized/just_one/groupCard/large/root_21.uvl,9.38;11.72;10.27,44941,2.87;2.71;2.80,39200,0.05;0.05;0.04,0.13;0.13;0.13,658042502132634952376065720320,0.15;0.16;0.15,658042502132634952376065720320,-3;-3;-3,-9
synthesized/just_one/groupCard/large/root_22.uvl,2.86;3.37;3.11,42378,2.55;2.57;2.23,37414,0.05;0.04;0.05,0.13;0.14;0.13,124755833821461196548298045957079040000,0.14;0.14;0.14,124755833821461196548298045957079040000,-3;-3;-3,-9
synthesized/just_one/groupCard/large/root_23.uvl,-1;-1;-1,-4,2.60;2.49;2.59,42337,0.05;-9;0.05,-3;-3;-3,-4,0.16;0.16;0.16,10085757322300697346048000000,-3;-3;-3,-9
synthesized/just_one/groupCard/large/root_24.uvl,8.40;8.62;9.07,48094,2.42;2.37;2.68,44155,0.05;0.05;0.05,0.13;0.13;0.12,1277952,0.14;0.14;0.14,2555904,-3;-3;-3,-9
synthesized/just_one/groupCard/large/root_25.uvl,9.23;9.07;9.35,43103,2.46;2.81;2.71,34124,0.04;0.07;0.07,0.15;0.16;0.15,3051592212676841742455977890356855848669086035403079680000,0.14;0.14;0.14,6103184425353683484911955780713711697338172070806159360000,-3;-3;-3,-9
synthesized/just_one/groupCard/large/root_26.uvl,2.93;2.83;3.11,38886,2.59;2.52;2.69,35629,0.06;0.07;0.04,0.13;0.13;0.13,4385947282785745191151103178178560,0.12;0.21;0.15,4385947282785745191151103178178560,-3;-3;-3,-9
synthesized/just_one/groupCard/large/root_27.uvl,-1;-1;-1,-4,2.78;2.47;2.55,39760,0.04;0.04;0.04,-3;-3;-3,-4,0.14;0.14;0.13,6120186961799060196950016,-3;-3;-3,-9
synthesized/just_one/groupCard/large/root_28.uvl,30.06;33.29;32.92,50192,2.55;2.59;2.38,42241,0.05;0.05;0.05,0.13;0.13;0.13,506054324790142845324192181188228413348904960,0.13;0.13;0.13,506054324790142845324192181188228413348904960,-3;-3;-3,-9
synthesized/just_one/groupCard/large/root_29.uvl,2.59;2.35;2.30,36463,2.58;2.52;2.15,32972,0.04;0.10;0.04,0.13;0.13;0.13,12995399356402207973781046453862400,0.12;0.11;0.11,12995399356402207973781046453862400,-3;-3;-3,-9
synthesized/just_one/groupCard/large/root_2.uvl,-3;-3;-3,-4,2.51;2.91;2.94,42059,0.04;0.04;0.04,-3;-3;-3,-4,0.17;0.13;0.14,50331648,-3;-3;-3,-9
synthesized/just_one/groupCard/large/root_30.uvl,-3;-3;-3,-4,2.12;2.11;2.26,33018,0.04;0.04;0.04,-3;-3;-3,-4,0.15;0.14;0.17,18554258718720,-3;-3;-3,-9
synthesized/just_one/groupCard/large/root_31.uvl,3.06;2.93;3.16,40524,2.17;2.35;2.17,35353,0.05;0.05;0.04,0.27;0.27;0.31,2247401306842512667109619418933953021553728144015360,0.12;0.12;0.12,2247401306842512667109619418933953021553728144015360,-3;-3;-3,-9
synthesized/just_one/groupCard/large/root_32.uvl,2.61;2.70;2.79,41578,2.78;2.76;2.31,38225,0.04;0.04;0.05,0.27;0.32;0.32,60514543933804184076288,0.18;0.17;0.12,121029087867608368152576,-3;-3;-3,-9
synthesized/just_one/groupCard/large/root_33.uvl,3.33;3.04;3.28,48669,2.39;2.39;2.98,44450,0.06;0.05;0.09,0.28;0.29;0.30,1608730822893014876160,0.16;0.16;0.16,1608730822893014876160,-3;-3;-3,-9
synthesized/just_one/groupCard/large/root_34.uvl,2.55;2.67;2.59,42577,2.16;2.52;2.24,38290,0.04;0.11;0.06,0.13;0.12;0.13,227328,0.13;0.13;0.13,227328,-3;-3;-3,-9
synthesized/just_one/groupCard/large/root_35.uvl,2.49;2.51;2.68,40912,6.66;6.71;2.34,37122,0.06;0.08;0.05,0.29;0.13;0.13,569986827839078400,0.14;0.14;0.14,569986827839078400,-3;-3;-3,-9
synthesized/just_one/groupCard/large/root_36.uvl,7.75;7.76;7.83,45533,2.41;2.39;2.73,41434,0.05;0.05;0.05,0.13;0.13;0.13,22,0.14;0.14;0.14,22,-3;-3;-3,-9
synthesized/just_one/groupCard/large/root_37.uvl,-1;-1;-1,-4,2.39;2.55;2.38,42110,0.05;0.05;0.05,-3;-3;-3,-4,0.17;0.14;0.14,1903026020541974787752221859627575859012534028605235111962666336256,-3;-3;-3,-9
synthesized/just_one/groupCard/large/root_38.uvl,2.86;2.94;3.04,49625,2.52;2.47;2.51,44148,0.05;0.05;0.05,0.13;0.13;0.12,11796480,0.16;0.21;0.16,11796480,-3;-3;-3,-9
synthesized/just_one/groupCard/large/root_39.uvl,2.69;2.77;2.70,46543,2.26;2.46;2.21,43307,0.05;0.05;0.05,0.14;0.14;0.14,430137124098822741923445232023987975629045760,0.20;0.19;0.18,430137124098822741923445232023987975629045760,-3;-3;-3,-9
synthesized/just_one/groupCard/large/root_3.uvl,2.63;3.16;3.33,36280,2.73;2.71;2.28,32644,0.04;0.04;0.05,0.13;0.29;0.32,557383680,0.11;0.11;0.11,557383680,-3;-3;-3,-9
synthesized/just_one/groupCard/large/root_40.uvl,-1;-1;-1,-4,2.41;2.24;2.33,34112,0.05;0.04;0.04,-3;-3;-3,-4,0.12;0.12;0.12,11104629048698700419840902538880966721536000,-3;-3;-3,-9
synthesized/just_one/groupCard/large/root_41.uvl,-1;-1;-1,-4,2.52;2.25;2.43,37495,0.04;0.05;0.04,-3;-3;-3,-4,0.13;0.12;0.12,55032242899949937118661745183065596947066186078076005240793094480432201385155388616697536792183100690020706933552539913806960517049425228012559205832589312000,-3;-3;-3,-9
synthesized/just_one/groupCard/large/root_42.uvl,60.68;67.06;69.72,46624,2.50;2.64;2.34,40092,0.05;0.04;0.05,0.12;0.30;0.12,99747694871838720,0.14;0.20;0.19,99747694871838720,-3;-3;-3,-9
synthesized/just_one/groupCard/large/root_43.uvl,8.31;9.10;8.25,49440,2.52;2.61;2.62,45837,0.05;0.05;0.05,0.09;0.09;0.09,8192,0.17;0.15;0.16,8192,-3;-3;-3,-9
synthesized/just_one/groupCard/large/root_44.uvl,54.23;48.14;49.18,39999,2.74;2.79;2.52,33539,0.07;0.07;0.05,0.12;0.12;0.12,2304,0.12;0.11;0.12,2304,-3;-3;-3,-9
synthesized/just_one/groupCard/large/root_45.uvl,-1;-1;-1,-4,2.22;2.22;2.27,36265,0.04;0.04;0.04,-3;-3;-3,-4,0.13;0.17;0.17,164969482839579496970743354873849008137937396695040,-3;-3;-3,-9
synthesized/just_one/groupCard/large/root_46.uvl,2.39;2.74;2.55,39096,2.64;2.59;2.35,34953,0.05;0.05;0.05,0.27;0.29;0.13,8470099685326704036789878784000,0.14;0.15;0.16,8470099685326704036789878784000,-3;-3;-3,-9
synthesized/just_one/groupCard/large/root_47.uvl,-1;-1;-1,-4,2.34;2.45;2.51,37317,0.04;0.04;0.05,-3;-3;-3,-4,0.11;0.11;0.12,9895604649984,-3;-3;-3,-9
synthesized/just_one/groupCard/large/root_48.uvl,-1;-1;-1,-4,2.88;2.25;2.35,44177,0.05;0.05;0.05,-3;-3;-3,-4,0.19;0.15;0.18,1236950581248,-3;-3;-3,-9
synthesized/just_one/groupCard/large/root_49.uvl,12.12;12.51;13.77,53547,2.45;2.41;2.47,44704,0.08;0.07;0.05,0.15;0.14;0.15,4426963233264169610896033201034622159976220590080000,0.18;0.15;0.15,4426963233264169610896033201034622159976220590080000,-3;-3;-3,-9
synthesized/just_one/groupCard/large/root_4.uvl,-1;-1;-1,-4,2.29;2.66;2.80,36354,0.04;0.04;0.04,-3;-3;-3,-4,0.11;0.11;0.12,39922789400773593661440,-3;-3;-3,-9
synthesized/just_one/groupCard/large/root_50.uvl,-1;-1;-1,-4,2.35;2.24;2.33,35416,0.04;0.04;0.04,-3;-3;-3,-4,0.12;0.12;0.18,26373683816718109589312159364751192031147355041927157997654628825800362493860946803167401427203933053043624703915371203589209364438796206080,-3;-3;-3,-9
synthesized/just_one/groupCard/large/root_51.uvl,22.68;24.16;21.91,52431,2.70;2.47;2.49,46827,0.05;0.05;0.05,0.26;0.13;0.13,193273528320,0.17;0.18;0.16,193273528320,-3;-3;-3,-9
synthesized/just_one/groupCard/large/root_52.uvl,12.28;13.08;12.47,39267,2.58;2.54;2.55,33851,0.04;0.04;0.04,0.12;0.12;0.13,1314259992576,0.12;0.12;0.12,657129996288,-3;-3;-3,-9
synthesized/just_one/groupCard/large/root_53.uvl,3.72;3.08;3.04,42164,3.03;2.76;2.36,38288,0.04;0.05;0.04,0.13;0.13;0.12,4638564679680,0.13;0.13;0.13,4638564679680,-3;-3;-3,-9
synthesized/just_one/groupCard/large/root_54.uvl,-1;-1;-1,-4,2.83;2.55;2.51,43130,0.05;0.05;0.05,-3;-3;-3,-4,0.16;0.16;0.16,1850205740011827855882488629229205684486144000,-3;-3;-3,-9
synthesized/just_one/groupCard/large/root_55.uvl,10.70;11.93;10.51,39209,2.08;2.22;2.53,31366,0.04;0.04;0.03,0.09;0.20;0.09,16777216,0.11;0.11;0.10,16777216,-1;-1;-1,-9
synthesized/just_one/groupCard/large/root_56.uvl,-1;-1;-1,-4,2.20;2.56;2.60,34853,0.04;0.04;0.04,-3;-3;-3,-4,0.18;0.18;0.19,4468907037266594237890899466568131175424,-1;-1;-1,-9
synthesized/just_one/groupCard/large/root_57.uvl,2.81;2.67;2.75,41536,2.67;2.38;2.47,38206,0.04;0.04;0.04,0.13;0.12;0.13,1610612736,0.13;0.13;0.13,1610612736,-3;-3;-3,-9
synthesized/just_one/groupCard/large/root_58.uvl,105.88;103.44;117.01,40762,2.26;2.20;2.89,33149,0.04;0.04;0.04,0.14;0.14;0.14,189078818937302196337831583770135379312640000,0.13;0.13;0.12,189078818937302196337831583770135379312640000,-3;-3;-3,-9
synthesized/just_one/groupCard/large/root_59.uvl,2.55;2.66;2.51,41809,2.21;2.36;2.48,37938,0.04;0.04;0.04,0.14;0.14;0.14,805642206053589690218211924452991900436848967680000,0.14;0.14;0.14,805642206053589690218211924452991900436848967680000,-3;-3;-3,-9
synthesized/just_one/groupCard/large/root_5.uvl,6.27;6.56;7.00,45592,2.60;2.45;2.25,41868,0.05;0.05;0.05,0.12;0.12;0.12,74317824,0.14;0.14;0.14,148635648,-3;-3;-3,-9
synthesized/just_one/groupCard/large/root_60.uvl,2.74;2.44;2.59,38547,2.34;2.26;2.20,35095,0.04;0.04;0.04,0.13;0.13;0.13,5265474477052688282419200,0.12;0.18;0.19,21061897908210753129676800,-3;-3;-3,-9
synthesized/just_one/groupCard/large/root_61.uvl,2.73;2.73;2.86,42674,2.58;2.24;2.43,39622,0.04;0.05;0.05,0.15;0.15;0.15,22172844884819486194327040005049695785396071301120000,0.14;0.13;0.13,22172844884819486194327040005049695785396071301120000,-3;-3;-3,-9
synthesized/just_one/groupCard/large/root_62.uvl,-1;-1;-1,-4,2.42;2.42;2.65,37581,0.04;0.05;0.04,-3;-3;-3,-4,0.14;0.20;0.17,68183456370805562672891810043559367067431024425009850351616000,-3;-3;-3,-9
synthesized/just_one/groupCard/large/root_63.uvl,2.87;3.04;2.77,46948,2.38;2.69;2.42,42448,0.05;0.05;0.05,0.14;0.15;0.15,1261388509003064103499493831398382693569198722908160,0.16;0.17;0.17,1261388509003064103499493831398382693569198722908160,-3;-3;-3,-9
synthesized/just_one/groupCard/large/root_64.uvl,-3;-3;-3,-4,2.35;2.48;2.36,32048,0.04;0.06;0.08,-3;-3;-3,-4,0.12;0.13;0.13,8053063680,-1;-1;-1,-9
synthesized/just_one/groupCard/large/root_65.uvl,6.25;7.95;7.38,39712,2.40;2.32;2.60,36042,0.04;0.04;0.04,0.12;0.29;0.12,896511761982284208537600,0.12;0.12;0.11,896511761982284208537600,-3;-3;-3,-9
synthesized/just_one/groupCard/large/root_66.uvl,2.65;2.60;2.87,33024,2.42;2.50;2.49,30479,0.04;0.03;0.04,0.13;0.13;0.13,20332886761758205849632768000,0.15;0.10;0.11,20332886761758205849632768000,-3;-3;-3,-9
synthesized/just_one/groupCard/large/root_67.uvl,163.97;142.82;144.58,45003,2.72;2.82;2.63,34597,0.04;0.04;0.04,0.13;0.13;0.13,14941862699704736808960000,0.12;0.11;0.12,14941862699704736808960000,-3;-3;-3,-9
synthesized/just_one/groupCard/large/root_68.uvl,-1;-1;-1,-4,3.07;2.57;2.76,43566,0.05;0.05;0.05,-3;-3;-3,-4,0.20;0.16;0.16,29871371587325255661439386000828256078121041678130891995627838668374183288358777651200,-3;-3;-3,-9
synthesized/just_one/groupCard/large/root_69.uvl,97.53;93.63;103.02,38805,2.03;2.87;2.17,33667,0.04;0.04;0.04,0.13;0.13;0.13,16,0.14;0.17;0.11,16,-3;-3;-3,-9
synthesized/just_one/groupCard/large/root_6.uvl,55.54;60.73;59.94,42739,2.60;2.35;2.39,31754,0.04;0.04;0.04,0.16;0.16;0.15,382865386431646100476362449173279606884318742234353496987709653481975358632755200000,0.13;0.13;0.13,382865386431646100476362449173279606884318742234353496987709653481975358632755200000,-3;-3;-3,-9
synthesized/just_one/groupCard/large/root_70.uvl,3.22;3.36;3.28,46664,2.99;3.44;2.68,42154,0.05;0.05;0.05,0.28;0.33;0.33,61929839891613647557406094632027796252538843482116063232000,0.19;0.21;0.17,61929839891613647557406094632027796252538843482116063232000,-3;-3;-3,-9
synthesized/just_one/groupCard/large/root_71.uvl,-1;-1;-1,-4,2.60;2.23;2.25,35268,0.04;0.04;0.04,-3;-3;-3,-4,0.12;0.18;0.17,59848616923103232,-3;-3;-3,-9
synthesized/just_one/groupCard/large/root_72.uvl,-1;-1;-1,-4,2.29;2.83;44.64,42540,0.05;0.05;0.06,-3;-3;-3,-4,0.23;0.18;0.17,185619964274747064626276027393969333860650002153472000000,-3;-3;-3,-9
synthesized/just_one/groupCard/large/root_73.uvl,-1;-1;-1,-4,2.39;2.17;3.14,40675,0.04;0.04;0.05,-3;-3;-3,-4,0.14;0.13;0.12,403843224928979031954591608594649476067210133477822845419520,-3;-3;-3,-9
synthesized/just_one/groupCard/large/root_74.uvl,2.86;2.67;2.86,45308,3.04;2.98;2.73,42102,0.05;0.05;0.05,0.13;0.13;0.13,66795331387392,0.14;0.13;0.14,66795331387392,-3;-3;-3,-9
synthesized/just_one/groupCard/large/root_75.uvl,2.32;2.42;2.26,37228,2.59;2.49;2.70,33411,0.05;0.07;0.06,0.12;0.12;0.12,196608,0.12;0.12;0.12,196608,-3;-3;-3,-9
synthesized/just_one/groupCard/large/root_76.uvl,122.52;120.19;122.82,46396,2.23;2.31;2.24,37149,0.05;0.05;0.05,0.16;0.15;0.16,1652064360030785012074336280524703731433665552555835316478355443021774848000,0.14;0.14;0.15,1652064360030785012074336280524703731433665552555835316478355443021774848000,-3;-3;-3,-9
synthesized/just_one/groupCard/large/root_77.uvl,10.38;10.66;10.35,46215,2.78;2.64;2.76,41895,0.04;0.05;0.05,0.13;0.13;0.13,1883750014154483937098325674459857604837376000,0.16;0.18;0.16,3767500028308967874196651348919715209674752000,-3;-3;-3,-9
synthesized/just_one/groupCard/large/root_78.uvl,-1;-1;-1,-4,2.36;1.90;1.90,31791,0.04;0.03;0.04,-3;-3;-3,-4,0.10;0.11;0.10,2,75.46;92.04;90.63,2
synthesized/just_one/groupCard/large/root_79.uvl,85.00;89.12;88.26,42518,2.57;2.27;2.57,37321,0.05;0.05;0.04,0.13;0.13;0.13,83026162554791884276934463455232000,0.13;0.13;0.13,166052325109583768553868926910464000,-3;-3;-3,-9
synthesized/just_one/groupCard/large/root_7.uvl,-1;-1;-1,-4,2.57;2.21;2.36,31980,0.04;0.04;0.04,-3;-3;-3,-4,0.12;0.12;0.13,2180956658546136998758443104314491735731164461930274954928559719917478284828479372562268160,-3;-3;-3,-9
synthesized/just_one/groupCard/large/root_80.uvl,3.35;3.37;3.49,38008,2.55;2.31;2.68,33028,0.04;0.04;0.04,0.16;0.15;0.16,1008996339994107610946721468656215158144221431635481825640448000,0.18;0.21;0.17,1008996339994107610946721468656215158144221431635481825640448000,-3;-3;-3,-9
synthesized/just_one/groupCard/large/root_81.uvl,3.29;2.43;2.64,38009,2.69;2.29;2.25,34884,0.04;0.04;0.06,0.12;0.12;0.12,700399814048659537920,0.11;0.11;0.14,700399814048659537920,-3;-3;-3,-9
synthesized/just_one/groupCard/large/root_82.uvl,2.48;2.24;2.39,33997,2.02;1.99;2.21,31648,0.04;0.04;0.04,0.13;0.13;0.13,582060818277409358615739363217347969024000,0.11;0.10;0.11,582060818277409358615739363217347969024000,-3;-3;-3,-9
synthesized/just_one/groupCard/large/root_83.uvl,-1;-1;-1,-4,2.36;2.20;2.49,34463,0.04;0.04;0.04,-3;-3;-3,-4,0.14;0.17;0.17,102399111299650887,-1;-1;-1,-9
synthesized/just_one/groupCard/large/root_84.uvl,2.39;2.60;2.74,36980,2.60;2.54;2.37,33634,0.04;0.04;0.04,0.12;0.13;0.12,10778904042174247381772951170691629056,0.12;0.12;0.15,10778904042174247381772951170691629056,-3;-3;-3,-9
synthesized/just_one/groupCard/large/root_85.uvl,105.89;108.56;104.93,45379,2.43;2.28;2.66,42151,0.05;0.05;0.08,0.14;0.14;0.14,22309744430330570260898383415050706154946560,0.15;0.17;0.20,22309744430330570260898383415050706154946560,-3;-3;-3,-9
synthesized/just_one/groupCard/large/root_86.uvl,161.95;143.11;131.65,51615,2.70;2.44;2.37,43563,0.05;0.05;0.05,0.12;0.12;0.12,4831838208,0.15;0.13;0.13,4831838208,-3;-3;-3,-9
synthesized/just_one/groupCard/large/root_87.uvl,102.55;102.91;103.60,37428,2.56;2.41;2.55,33081,0.07;0.04;0.04,0.13;0.13;0.13,77287091875477975156568918851584,0.12;0.12;0.12,77287091875477975156568918851584,-3;-3;-3,-9
synthesized/just_one/groupCard/large/root_88.uvl,-1;-1;-1,-4,2.30;2.39;2.31,43253,0.05;0.05;0.05,-3;-3;-3,-4,0.15;0.22;0.17,16232413883515053296308977414572008163792283399390149666895798102593827117313193206822387212216483325149184,-3;-3;-3,-9
synthesized/just_one/groupCard/large/root_89.uvl,2.94;2.93;2.60,45586,2.79;2.52;2.45,42842,0.04;0.05;0.05,0.10;0.10;0.09,192,0.13;0.14;0.20,192,-3;-3;-3,-9
synthesized/just_one/groupCard/large/root_8.uvl,3.11;2.68;2.84,40026,2.56;2.73;2.72,35561,0.04;0.04;0.05,0.12;0.12;0.12,362387865600,0.14;0.15;0.15,362387865600,-3;-3;-3,-9
synthesized/just_one/groupCard/large/root_90.uvl,8.96;8.95;8.79,45267,2.88;2.79;2.92,39820,0.06;0.04;0.04,0.14;0.14;0.14,366357953673359352998683213824,0.15;0.19;0.20,366357953673359352998683213824,-3;-3;-3,-9
synthesized/just_one/groupCard/large/root_91.uvl,10.71;10.15;10.04,44964,2.67;2.70;2.62,40029,0.04;0.04;0.04,0.14;0.14;0.13,18084000135883045796143926474814633006438809600,0.22;0.13;0.12,18084000135883045796143926474814633006438809600,-3;-3;-3,-9
synthesized/just_one/groupCard/large/root_92.uvl,87.72;87.85;94.61,38497,2.91;2.30;2.51,33635,0.04;0.04;0.04,0.15;0.15;0.29,2222206882485152493269504223022830044420505600,0.13;0.13;0.13,4444413764970304986539008446045660088841011200,-3;-3;-3,-9
synthesized/just_one/groupCard/large/root_93.uvl,205.55;215.55;224.77,44048,2.28;2.19;2.41,36451,0.04;0.04;0.04,0.13;0.12;0.13,452984832,0.13;0.14;0.14,452984832,-3;-3;-3,-9
synthesized/just_one/groupCard/large/root_94.uvl,-3;-3;-3,-4,2.53;2.65;2.51,42950,0.05;0.04;0.05,-3;-3;-3,-4,0.12;0.12;0.12,1610612736,-3;-3;-3,-9
synthesized/just_one/groupCard/large/root_95.uvl,-1;-1;-1,-4,2.32;2.34;2.71,45621,0.06;0.06;0.05,-3;-3;-3,-4,0.15;0.15;0.15,55813946043712812739435003978910269440000,-3;-3;-3,-9
synthesized/just_one/groupCard/large/root_96.uvl,2.55;2.71;2.64,38943,2.18;2.41;2.44,33320,0.06;0.04;0.04,0.13;0.13;0.13,57454672246179102720,0.13;0.12;0.12,57454672246179102720,-1;-1;-1,-9
synthesized/just_one/groupCard/large/root_97.uvl,-1;-1;-1,-4,2.29;2.83;2.72,34103,0.04;0.05;0.06,-3;-3;-3,-4,0.13;0.13;0.12,4,-1;-1;-1,-9
synthesized/just_one/groupCard/large/root_98.uvl,28.03;26.73;31.81,45994,2.51;2.47;2.44,36980,0.04;0.04;0.04,0.29;0.27;0.28,96185277197844480,0.12;0.12;0.12,96185277197844480,-3;-3;-3,-9
synthesized/just_one/groupCard/large/root_99.uvl,2.67;2.64;2.72,45135,2.70;2.68;2.66,40725,0.04;0.04;0.04,0.12;0.12;0.13,64,0.14;0.13;0.13,64,-3;-3;-3,-9
synthesized/just_one/groupCard/large/root_9.uvl,-3;-3;-3,-4,2.63;2.57;2.45,41546,0.05;0.04;0.05,-3;-3;-3,-4,0.14;0.13;0.13,1783425452438716416,-3;-3;-3,-9
synthesized/just_one/groupCard/medium/root_100.uvl,1.94;1.83;1.62,11195,1.64;1.51;1.77,10091,0.01;0.01;0.01,0.12;0.12;0.12,927712935936,0.03;0.03;0.03,927712935936,-3;-3;-3,-9
synthesized/just_one/groupCard/medium/root_10.uvl,1.66;1.79;1.50,10559,1.35;1.56;1.65,9676,0.01;0.01;0.01,0.12;0.12;0.12,22265110462464,0.03;0.03;0.03,22265110462464,-3;-3;-3,-9
synthesized/just_one/groupCard/medium/root_11.uvl,1.76;1.45;1.58,12571,1.47;1.48;1.52,11732,0.02;0.02;0.02,0.12;0.12;0.12,1105920,0.07;0.04;0.04,1105920,-3;-3;-3,-9
synthesized/just_one/groupCard/medium/root_12.uvl,1.37;1.38;1.60,9105,1.59;1.33;1.52,8095,0.01;0.01;0.01,0.12;0.12;0.12,19791209299968,0.03;0.03;0.03,19791209299968,-3;-3;-3,-9
synthesized/just_one/groupCard/medium/root_13.uvl,1.64;1.62;1.66,11434,1.38;1.34;1.42,9961,0.01;0.01;0.01,0.13;0.12;0.13,169075682574336,0.03;0.03;0.13,169075682574336,-3;-3;-3,-9
synthesized/just_one/groupCard/medium/root_14.uvl,1.42;1.39;1.31,12332,1.48;1.32;1.33,11547,0.01;0.01;0.02,0.16;0.13;0.13,24,0.07;0.07;0.08,24,-1;-1;-1,-9
synthesized/just_one/groupCard/medium/root_15.uvl,1.31;1.43;1.36,8023,1.24;1.82;1.77,7347,0.02;0.02;0.02,0.13;0.13;0.13,507227047723008,0.03;0.03;0.03,507227047723008,-3;-3;-3,-9
synthesized/just_one/groupCard/medium/root_16.uvl,1.38;1.43;1.51,8466,1.39;1.58;1.35,7322,0.01;0.01;0.01,0.12;0.13;0.13,25214393305751743365120,0.06;0.09;0.08,25214393305751743365120,-3;-3;-3,-9
synthesized/just_one/groupCard/medium/root_17.uvl,1.64;1.51;1.51,10584,1.62;1.57;1.68,9857,0.01;0.03;0.03,0.12;0.12;0.14,1572864,0.10;0.06;0.08,1572864,-3;-3;-3,-9
synthesized/just_one/groupCard/medium/root_18.uvl,10.30;11.05;11.13,12332,1.27;1.42;1.33,10409,0.01;0.02;0.04,0.28;0.29;0.31,11520,0.03;0.03;0.03,11520,-3;-3;-3,-9
synthesized/just_one/groupCard/medium/root_19.uvl,-1;-1;-1,-4,1.57;1.49;1.45,9662,0.01;0.01;0.01,-3;-3;-3,-4,0.06;0.03;0.03,88735542015976058104769224376320,-3;-3;-3,-9
synthesized/just_one/groupCard/medium/root_1.uvl,1.76;1.42;1.61,10693,1.42;1.40;1.29,10071,0.01;0.01;0.01,0.12;0.12;0.29,869730877440,0.03;0.05;0.08,869730877440,-3;-3;-3,-9
synthesized/just_one/groupCard/medium/root_20.uvl,1.82;2.93;1.93,10788,1.52;1.41;1.60,10042,0.03;0.01;0.01,0.14;0.14;0.12,28991029248,0.03;0.03;0.03,28991029248,-3;-3;-3,-9
synthesized/just_one/groupCard/medium/root_21.uvl,1.49;1.52;1.54,10361,1.78;1.84;1.55,8624,0.01;0.01;0.01,0.12;0.14;0.12,1040455827456,0.03;0.03;0.03,1040455827456,-3;-3;-3,-9
synthesized/just_one/groupCard/medium/root_22.uvl,1.51;1.40;1.53,9654,1.61;1.43;1.47,8964,0.02;0.02;0.02,0.09;0.09;0.09,33554432,0.03;0.03;0.07,33554432,-3;-3;-3,-9
synthesized/just_one/groupCard/medium/root_23.uvl,-1;-1;-1,-4,1.31;1.56;1.47,8021,0.03;0.03;0.02,-3;-3;-3,-4,0.03;0.03;0.03,348170636049013202315378688,-3;-3;-3,-9
synthesized/just_one/groupCard/medium/root_24.uvl,1.40;1.83;1.63,8391,1.36;1.54;1.40,7608,0.01;0.01;0.01,0.12;0.12;0.12,57982058496,0.03;0.03;0.03,57982058496,-3;-3;-3,-9
synthesized/just_one/groupCard/medium/root_25.uvl,-1;-1;-1,-4,1.56;1.56;1.50,11054,0.02;0.01;0.01,-3;-3;-3,-4,0.03;0.03;0.03,128,0.10;0.10;0.10,128
synthesized/just_one/groupCard/medium/root_26.uvl,1.69;1.89;1.48,8945,1.37;1.41;1.39,7843,0.01;0.01;0.01,0.11;0.12;0.12,536870912,0.03;0.03;0.03,536870912,-3;-3;-3,-9
synthesized/just_one/groupCard/medium/root_27.uvl,39.59;35.58;36.88,12286,1.55;1.51;1.33,9277,0.01;0.01;0.01,0.14;0.12;0.12,292229574819840,0.03;0.06;0.06,1168918299279360,-3;-3;-3,-9
synthesized/just_one/groupCard/medium/root_28.uvl,1.70;1.80;1.62,11757,1.70;1.77;1.55,10763,0.02;0.01;0.01,0.12;0.12;0.12,222651104624640,0.04;0.04;0.03,222651104624640,-3;-3;-3,-9
synthesized/just_one/groupCard/medium/root_29.uvl,1.37;31.02;30.92,9842,1.22;1.25;1.47,9292,0.02;0.02;0.01,0.12;0.12;0.12,19568944742400,0.03;0.03;0.03,19568944742400,-3;-3;-3,-9
synthesized/just_one/groupCard/medium/root_2.uvl,1.58;1.55;1.57,9394,1.64;1.66;1.71,8644,0.01;0.01;0.01,0.14;0.14;0.14,3221225472,0.03;0.03;0.03,3221225472,-3;-3;-3,-9
synthesized/just_one/groupCard/medium/root_30.uvl,1.51;1.48;1.49,7882,1.22;1.23;1.46,7405,0.01;0.01;0.01,0.12;0.12;0.12,202937204736,0.04;0.03;0.03,202937204736,-3;-3;-3,-9
synthesized/just_one/groupCard/medium/root_31.uvl,2.21;2.74;2.86,12121,1.32;1.54;1.43,10288,0.02;0.01;0.01,0.09;0.09;0.09,6442450944,0.09;0.03;0.03,12884901888,-3;-3;-3,-9
synthesized/just_one/groupCard/medium/root_32.uvl,-1;-1;-1,-4,1.26;1.27;1.51,8098,0.02;0.02;0.01,-3;-3;-3,-4,0.04;0.04;0.04,12666373951979520,-3;-3;-3,-9
synthesized/just_one/groupCard/medium/root_33.uvl,1.89;2.02;1.87,9832,1.82;1.73;1.39,8934,0.03;0.04;0.01,0.14;0.12;0.12,824633720832,0.03;0.03;0.03,824633720832,-3;-3;-3,-9
synthesized/just_one/groupCard/medium/root_34.uvl,10.99;13.69;13.68,13201,1.41;1.34;1.54,10854,0.01;0.01;0.01,0.12;0.27;0.25,1306219813797888,0.04;0.09;0.09,1306219813797888,-3;-3;-3,-9
synthesized/just_one/groupCard/medium/root_35.uvl,1.64;1.81;1.57,10966,1.56;1.56;1.50,9696,0.01;0.01;0.01,0.12;0.28;0.27,1237214822400,0.07;0.03;0.03,1237214822400,-3;-3;-3,-9
synthesized/just_one/groupCard/medium/root_36.uvl,1.73;1.58;1.64,10300,1.65;1.56;1.72,9315,0.02;0.01;0.01,0.13;0.12;0.12,2038431744,0.04;0.04;0.04,2038431744,-3;-3;-3,-9
synthesized/just_one/groupCard/medium/root_37.uvl,1.42;1.46;1.63,9572,1.66;1.74;1.61,8602,0.01;0.01;0.01,0.13;0.38;0.13,9216,0.05;0.03;0.03,9216,-3;-3;-3,-9
synthesized/just_one/groupCard/medium/root_38.uvl,1.74;1.84;1.64,9291,1.43;1.47;1.63,8057,0.01;0.01;0.01,0.12;0.12;0.12,1913407930368,0.03;0.09;0.03,956703965184,-3;-3;-3,-9
synthesized/just_one/groupCard/medium/root_39.uvl,1.40;1.69;1.61,12370,1.79;1.47;1.42,11338,0.05;0.02;0.01,0.12;0.12;0.12,73,0.08;0.04;0.04,73,-3;-3;-3,-9
synthesized/just_one/groupCard/medium/root_3.uvl,1.53;1.32;1.29,8136,2.09;1.75;1.34,7288,0.01;0.01;0.01,0.13;0.12;0.12,26388279066624,0.03;0.03;0.03,26388279066624,-3;-3;-3,-9
synthesized/just_one/groupCard/medium/root_40.uvl,1.67;1.46;1.45,11336,1.85;1.62;1.70,10567,0.01;0.01;0.01,0.12;0.12;0.12,1361608704,0.09;0.04;0.04,5446434816,-3;-3;-3,-9
synthesized/just_one/groupCard/medium/root_41.uvl,-1;-1;-1,-4,1.52;1.38;1.28,9402,0.01;0.02;0.03,-3;-3;-3,-4,0.03;0.03;0.03,96,14.72;14.62;15.52,96
synthesized/just_one/groupCard/medium/root_42.uvl,1.79;1.58;1.73,12478,1.49;2.01;1.71,11273,0.02;0.05;0.04,0.13;0.12;0.12,16106127360,0.10;0.08;0.05,16106127360,-3;-3;-3,-9
synthesized/just_one/groupCard/medium/root_43.uvl,1.87;1.65;1.60,11218,1.81;1.45;1.55,9756,0.01;0.01;0.01,0.12;0.12;0.13,87668872445952,0.11;0.03;0.03,87668872445952,-3;-3;-3,-9
synthesized/just_one/groupCard/medium/root_44.uvl,1.63;1.67;1.60,10757,1.65;1.34;1.60,10012,0.02;0.01;0.02,0.09;0.20;0.09,96,0.03;0.03;0.10,96,-3;-3;-3,-9
synthesized/just_one/groupCard/medium/root_45.uvl,1.52;1.76;1.85,9531,1.43;1.26;1.31,8765,0.01;0.01;0.01,0.13;0.12;0.12,49152,0.03;0.03;0.03,49152,-3;-3;-3,-9
synthesized/just_one/groupCard/medium/root_46.uvl,1.59;1.47;1.60,10695,1.45;1.69;1.91,10109,0.01;0.01;0.01,0.13;0.12;0.12,172032,0.06;0.04;0.03,172032,-3;-3;-3,-9
synthesized/just_one/groupCard/medium/root_47.uvl,1.84;1.86;1.85,10694,1.47;1.30;1.29,9705,0.01;0.01;0.01,0.12;0.12;0.12,14155776,0.03;0.04;0.03,14155776,-3;-3;-3,-9
synthesized/just_one/groupCard/medium/root_48.uvl,1.70;1.69;1.44,10130,1.35;1.37;1.48,8989,0.01;0.01;0.01,0.12;0.26;0.12,11612160,0.09;0.08;0.06,11612160,-3;-3;-3,-9
synthesized/just_one/groupCard/medium/root_49.uvl,5.81;4.77;6.15,12010,1.19;1.33;1.34,8090,0.02;0.01;0.01,0.12;0.12;0.12,1433272320,0.03;0.03;0.03,1433272320,-3;-3;-3,-9
synthesized/just_one/groupCard/medium/root_4.uvl,1.72;1.72;1.88,9870,1.46;1.25;1.60,7233,0.01;0.03;0.03,0.13;0.13;0.14,2611279770367599017365340160,0.04;0.04;0.03,2611279770367599017365340160,-3;-3;-3,-9
synthesized/just_one/groupCard/medium/root_50.uvl,-1;-1;-1,-4,1.66;1.81;6.28,9296,0.01;0.01;0.01,-3;-3;-3,-4,0.05;0.03;0.03,63983792101216695616662405120,-3;-3;-3,-9
synthesized/just_one/groupCard/medium/root_51.uvl,1.70;1.58;1.60,9090,1.54;1.46;1.54,8353,0.01;0.03;0.03,0.12;0.14;0.12,9216,0.07;0.05;0.06,9216,-3;-3;-3,-9
synthesized/just_one/groupCard/medium/root_52.uvl,-1;-1;-1,-4,1.42;1.44;1.52,10914,0.05;0.01;0.04,-3;-3;-3,-4,0.04;0.04;0.04,57724360458240,-3;-3;-3,-9
synthesized/just_one/groupCard/medium/root_53.uvl,1.54;1.50;1.72,11656,1.46;1.44;1.65,10844,0.01;0.01;0.01,0.13;0.13;0.12,1358954496,0.04;0.03;0.07,1358954496,-3;-3;-3,-9
synthesized/just_one/groupCard/medium/root_54.uvl,-1;-1;-1,-4,1.39;1.71;2.06,10478,0.01;0.01;0.02,-3;-3;-3,-4,0.03;0.07;0.03,11359067001099055725539229696,-3;-3;-3,-9
synthesized/just_one/groupCard/medium/root_55.uvl,1.58;1.54;1.41,10519,1.58;1.26;1.51,9356,0.01;0.01;0.02,0.12;0.12;0.12,386547056640,0.03;0.04;0.04,386547056640,-3;-3;-3,-9
synthesized/just_one/groupCard/medium/root_56.uvl,-1;-1;-1,-4,1.72;1.56;1.71,9691,0.01;0.01;0.01,-3;-3;-3,-4,0.03;0.03;0.03,8858370048,-3;-3;-3,-9
synthesized/just_one/groupCard/medium/root_57.uvl,1.50;1.29;1.58,9030,1.39;1.31;1.58,8365,0.01;0.01;0.01,0.09;0.09;0.08,1024,0.03;0.03;0.07,1024,-3;-3;-3,-9
synthesized/just_one/groupCard/medium/root_58.uvl,1.61;1.58;1.99,11188,1.51;1.36;1.38,10088,0.01;0.01;0.01,0.33;0.33;0.13,225,0.04;0.04;0.04,225,-1;-1;-1,-9
synthesized/just_one/groupCard/medium/root_59.uvl,1.75;1.64;1.96,10810,1.55;1.56;1.56,9857,0.01;0.03;0.02,0.12;0.12;0.12,57982058496,0.03;0.03;0.03,57982058496,-3;-3;-3,-9
synthesized/just_one/groupCard/medium/root_5.uvl,7.28;8.97;8.56,11074,1.38;1.61;1.41,9988,0.01;0.01;0.01,0.12;0.12;0.13,231928233984,0.03;0.03;0.03,231928233984,-3;-3;-3,-9
synthesized/just_one/groupCard/medium/root_60.uvl,1.53;1.40;1.66,8970,1.38;1.28;1.59,8226,0.01;0.01;0.01,0.13;0.12;0.13,1563010754464972800,0.03;0.03;0.03,1563010754464972800,-3;-3;-3,-9
synthesized/just_one/groupCard/medium/root_61.uvl,2.01;1.83;1.67,11062,1.54;1.57;1.64,10124,0.01;0.01;0.01,0.12;0.12;0.14,949978046398464,0.03;0.03;0.03,949978046398464,-3;-3;-3,-9
synthesized/just_one/groupCard/medium/root_62.uvl,-1;-1;-1,-4,1.29;1.59;1.63,8839,0.01;0.01;0.01,-3;-3;-3,-4,0.03;0.03;0.06,127271725469490216960000,-3;-3;-3,-9
synthesized/just_one/groupCard/medium/root_63.uvl,1.72;1.68;1.64,9709,1.62;1.49;1.42,8866,0.01;0.01;0.01,0.14;0.26;0.26,3221225472,0.12;0.03;0.08,3221225472,-3;-3;-3,-9
synthesized/just_one/groupCard/medium/root_64.uvl,1.58;1.50;1.48,9420,1.24;1.36;1.53,7999,0.01;0.01;0.02,0.13;0.14;0.13,2924544,0.03;0.09;0.09,2924544,-3;-3;-3,-9
synthesized/just_one/groupCard/medium/root_65.uvl,1.59;1.46;1.58,11391,1.96;1.68;1.68,10641,0.01;0.02;0.01,0.12;0.12;0.12,1152,0.03;0.03;0.03,1152,-3;-3;-3,-9
synthesized/just_one/groupCard/medium/root_66.uvl,1.47;1.37;1.51,9480,1.44;1.47;1.96,8719,0.02;0.01;0.01,0.17;0.13;0.13,1392,0.06;0.04;0.05,1392,-3;-3;-3,-9
synthesized/just_one/groupCard/medium/root_67.uvl,-1;-1;-1,-4,1.35;1.30;1.33,10881,0.02;0.02;0.02,-3;-3;-3,-4,0.03;0.03;0.03,128,-3;-3;-3,-9
synthesized/just_one/groupCard/medium/root_68.uvl,1.64;1.43;1.85,11725,1.70;8.56;1.74,11094,0.01;0.02;0.01,0.09;0.19;0.09,8,0.03;0.12;0.03,8,-3;-3;-3,-9
synthesized/just_one/groupCard/medium/root_69.uvl,31.98;31.88;1.56,9972,1.59;1.53;1.24,9294,0.01;0.01;0.01,0.12;0.12;0.12,805306368,0.03;0.07;0.03,805306368,-3;-3;-3,-9
synthesized/just_one/groupCard/medium/root_6.uvl,-3;-3;-3,-4,1.59;1.75;1.52,9730,0.01;0.01;0.02,-3;-3;-3,-4,0.11;0.07;0.05,128,-3;-3;-3,-9
synthesized/just_one/groupCard/medium/root_70.uvl,-1;-1;-1,-4,1.54;1.62;1.64,10618,0.01;0.01;0.01,-3;-3;-3,-4,0.03;0.03;0.03,16,0.16;0.17;0.17,16
synthesized/just_one/groupCard/medium/root_71.uvl,1.36;1.33;1.72,10343,1.24;1.72;1.41,9675,0.01;0.01;0.01,0.13;0.12;0.13,10319560704,0.03;0.03;0.03,10319560704,-3;-3;-3,-9
synthesized/just_one/groupCard/medium/root_72.uvl,-1;-1;-1,-4,1.51;5.53;1.67,7642,0.02;0.01;0.01,-3;-3;-3,-4,0.07;0.04;0.05,4,131.55;132.70;112.48,4
synthesized/just_one/groupCard/medium/root_73.uvl,1.79;1.39;1.67,10729,1.38;1.51;1.52,9704,0.01;0.01;0.01,0.13;0.12;0.13,1304596316160,0.03;0.03;0.11,1304596316160,-3;-3;-3,-9
synthesized/just_one/groupCard/medium/root_74.uvl,1.42;1.59;1.59,9759,2.34;3.08;1.42,8910,0.01;0.01;0.01,0.13;0.13;0.13,250482492702720,0.03;0.07;0.03,250482492702720,-3;-3;-3,-9
synthesized/just_one/groupCard/medium/root_75.uvl,1.78;1.58;1.56,9528,1.26;1.29;1.49,8667,0.01;0.01;0.01,0.09;0.09;0.09,384,0.03;0.03;0.03,192,-3;-3;-3,-9
synthesized/just_one/groupCard/medium/root_76.uvl,1.54;1.49;1.47,9993,1.29;1.31;1.56,8831,0.01;0.01;0.01,0.12;0.11;0.12,7851737088,0.03;0.08;0.06,15703474176,-3;-3;-3,-9
synthesized/just_one/groupCard/medium/root_77.uvl,-3;-3;-3,-4,1.45;1.44;1.44,11000,0.01;0.01;0.01,-3;-3;-3,-4,0.03;0.04;0.03,8192,-3;-3;-3,-9
synthesized/just_one/groupCard/medium/root_78.uvl,1.68;1.67;1.70,8860,1.78;1.82;1.67,7959,0.01;0.01;0.01,0.09;0.09;0.09,2147483648,0.03;0.03;0.03,2147483648,-3;-3;-3,-9
synthesized/just_one/groupCard/medium/root_79.uvl,1.53;1.55;1.56,11499,1.54;1.42;1.70,10319,0.02;0.02;0.01,0.13;0.12;0.13,240,0.03;0.03;0.03,240,-3;-3;-3,-9
synthesized/just_one/groupCard/medium/root_7.uvl,4.74;5.39;4.36,10649,1.42;1.98;1.94,8843,0.01;0.01;0.01,0.12;0.12;0.12,1656225792,0.04;0.04;0.06,3312451584,-3;-3;-3,-9
synthesized/just_one/groupCard/medium/root_80.uvl,3.27;3.23;3.34,12562,1.24;1.40;1.29,10229,0.01;0.01;0.01,0.12;0.12;0.12,360777252864,0.03;0.03;0.47,1443109011456,-3;-3;-3,-9
synthesized/just_one/groupCard/medium/root_81.uvl,1.96;1.63;1.74,10437,2.32;1.34;1.39,9336,0.01;0.02;0.02,0.12;0.12;0.25,103809024,0.03;0.03;0.03,51904512,-3;-3;-3,-9
synthesized/just_one/groupCard/medium/root_82.uvl,1.64;1.69;1.71,10212,1.35;1.50;1.26,8863,0.01;0.01;0.01,0.12;0.12;0.12,36,0.10;0.10;0.03,36,-3;-3;-3,-9
synthesized/just_one/groupCard/medium/root_83.uvl,1.46;1.53;1.38,12064,1.52;1.35;2.04,11078,0.05;0.03;0.02,0.09;0.20;0.19,32768,0.03;0.04;0.03,8192,-3;-3;-3,-9
synthesized/just_one/groupCard/medium/root_84.uvl,-3;-3;-3,-4,1.48;1.60;1.52,10249,0.01;0.01;0.01,-3;-3;-3,-4,0.03;0.03;0.03,3,-3;-3;-3,-9
synthesized/just_one/groupCard/medium/root_85.uvl,-3;-3;-3,-4,1.70;1.45;1.69,9077,0.01;0.01;0.01,-3;-3;-3,-4,0.03;0.04;0.03,196002643346460554954903773880698489798656,-3;-3;-3,-9
synthesized/just_one/groupCard/medium/root_86.uvl,79.07;80.75;77.05,13135,1.42;1.67;1.71,9122,0.01;0.01;0.01,0.13;0.13;0.12,48318382080,0.03;0.03;0.03,48318382080,-3;-3;-3,-9
synthesized/just_one/groupCard/medium/root_87.uvl,1.39;1.46;1.57,10118,1.73;1.82;1.42,9239,0.01;0.01;0.01,0.12;0.18;0.12,79164837199872,0.07;0.03;0.03,79164837199872,-3;-3;-3,-9
synthesized/just_one/groupCard/medium/root_88.uvl,1.69;2.15;2.27,9584,1.53;1.27;1.71,8301,0.01;0.01;0.01,0.13;0.14;0.14,164493731576571494400,0.03;0.03;0.03,82246865788285747200,-3;-3;-3,-9
synthesized/just_one/groupCard/medium/root_89.uvl,1.98;1.56;1.59,8648,1.27;1.24;1.48,7644,0.03;0.01;0.01,0.20;0.21;0.09,24,0.03;0.03;0.03,24,-3;-3;-3,-9
synthesized/just_one/groupCard/medium/root_8.uvl,1.95;1.69;1.74,9461,1.47;1.37;1.58,8433,0.01;0.01;0.01,0.11;0.42;0.12,211106232532992,0.03;0.03;0.03,105553116266496,-3;-3;-3,-9
synthesized/just_one/groupCard/medium/root_90.uvl,1.42;1.60;1.38,9562,1.41;1.50;1.75,8933,0.01;0.01;0.01,0.09;0.09;0.09,24576,0.04;0.07;0.03,24576,-3;-3;-3,-9
synthesized/just_one/groupCard/medium/root_91.uvl,1.62;1.65;1.60,12185,1.36;1.36;1.31,8235,0.01;0.01;0.02,0.09;0.08;0.09,1,0.03;0.03;0.03,1,1.24;1.32;1.32,1
synthesized/just_one/groupCard/medium/root_92.uvl,1.38;1.41;1.57,8097,1.48;1.86;1.48,7400,0.01;0.01;0.01,0.26;0.13;0.12,96636764160,0.03;0.03;0.03,96636764160,-3;-3;-3,-9
synthesized/just_one/groupCard/medium/root_93.uvl,1.86;1.72;1.72,11112,1.42;1.46;1.57,10155,0.02;0.04;0.03,0.12;0.12;0.12,90771815900706276114432,0.03;0.03;0.03,181543631801412552228864,-3;-3;-3,-9
synthesized/just_one/groupCard/medium/root_94.uvl,88.93;97.24;112.12,11832,1.34;1.29;1.49,8552,0.01;0.01;0.01,0.12;0.12;0.12,19776,0.03;0.05;0.06,19776,-1;-1;-1,-9
synthesized/just_one/groupCard/medium/root_95.uvl,1.61;1.58;1.53,9311,1.29;1.67;1.69,8100,0.01;0.01;0.01,0.09;0.08;0.09,8,0.03;0.03;0.03,8,-1;-1;-1,-9
synthesized/just_one/groupCard/medium/root_96.uvl,1.82;1.63;1.62,11525,1.24;1.33;1.32,10376,0.01;0.01;0.01,0.12;0.12;0.12,221184,0.03;0.03;0.03,221184,-3;-3;-3,-9
synthesized/just_one/groupCard/medium/root_97.uvl,1.62;1.58;1.80,9147,1.24;1.43;1.29,8253,0.01;0.01;0.02,0.12;0.12;0.12,110592,0.03;0.03;0.03,110592,-3;-3;-3,-9
synthesized/just_one/groupCard/medium/root_98.uvl,1.53;1.52;1.36,8978,1.77;1.55;1.68,8209,0.02;0.02;0.01,0.11;0.12;0.12,566231040,0.03;0.03;0.03,2264924160,-3;-3;-3,-9
synthesized/just_one/groupCard/medium/root_99.uvl,1.73;1.69;1.68,11105,1.24;1.51;1.49,9182,0.01;0.02;0.02,0.12;0.12;0.31,3361919107433565782016,0.03;0.03;0.03,3361919107433565782016,-3;-3;-3,-9
synthesized/just_one/groupCard/medium/root_9.uvl,1.75;1.66;1.68,9315,1.77;1.47;1.51,7997,0.01;0.01;0.01,0.13;0.12;0.12,14155776,0.03;0.03;0.03,14155776,-3;-3;-3,-9
synthesized/just_one/groupCard/small/root_100.uvl,0.86;0.74;0.78,1974,0.72;1.51;0.70,1909,0.01;0.01;0.03,0.11;0.08;0.09,48,0.01;0.01;0.01,48,0.15;0.12;0.08,96
synthesized/just_one/groupCard/small/root_10.uvl,0.76;0.78;0.75,1617,0.79;0.67;0.75,1500,0.01;0.00;0.00,0.19;0.26;0.21,4,0.01;0.01;0.05,4,0.10;0.09;0.10,4
synthesized/just_one/groupCard/small/root_11.uvl,0.94;0.84;0.84,1738,0.72;0.74;0.67,1628,0.00;0.00;0.00,0.08;0.09;0.09,512,0.01;0.01;0.01,512,-3;-3;-3,-9
synthesized/just_one/groupCard/small/root_12.uvl,0.77;0.78;0.80,1644,0.71;0.93;0.73,1524,0.00;0.00;0.00,0.12;0.12;0.12,160,0.01;0.01;0.01,160,-3;-3;-3,-9
synthesized/just_one/groupCard/small/root_13.uvl,1.33;1.19;1.19,1870,0.83;0.72;0.72,1751,0.00;0.01;0.00,0.12;0.12;0.12,1440,0.06;0.04;0.05,2880,-3;-3;-3,-9
synthesized/just_one/groupCard/small/root_14.uvl,1.00;1.01;0.94,1917,0.86;0.71;0.82,1809,0.00;0.00;0.00,0.12;0.12;0.12,9,0.01;0.01;0.01,9,6.44;8.59;8.68,9
synthesized/just_one/groupCard/small/root_15.uvl,0.85;0.85;0.84,1907,0.80;0.71;0.80,1813,0.00;0.00;0.00,0.08;0.08;0.18,8,0.01;0.01;0.02,8,-3;-3;-3,-9
synthesized/just_one/groupCard/small/root_16.uvl,0.78;1.30;1.12,1895,0.96;0.92;0.79,1777,0.00;0.00;0.00,0.09;0.09;0.09,4,0.01;0.01;0.01,4,-3;-3;-3,-9
synthesized/just_one/groupCard/small/root_17.uvl,0.87;0.84;0.88,1942,1.27;0.66;0.71,1775,0.00;0.00;0.01,0.09;0.08;0.08,384,0.07;0.01;0.01,384,-3;-3;-3,-9
synthesized/just_one/groupCard/small/root_18.uvl,0.84;0.79;0.79,2064,0.72;0.74;1.21,1832,0.00;0.00;0.00,0.09;0.09;0.08,1024,0.01;0.03;0.01,1024,-3;-3;-3,-9
synthesized/just_one/groupCard/small/root_19.uvl,0.85;1.68;0.73,1843,0.68;0.72;0.73,1712,0.00;0.00;0.00,0.09;0.09;0.09,4,0.01;0.02;0.05,8,-3;-3;-3,-9
synthesized/just_one/groupCard/small/root_1.uvl,0.78;1.00;1.06,1809,0.95;0.72;0.65,1729,0.00;0.00;0.00,0.09;0.09;0.09,1,0.01;0.01;0.01,1,0.06;0.06;0.02,1
synthesized/just_one/groupCard/small/root_20.uvl,0.82;0.82;0.98,1690,0.80;0.77;0.65,1624,0.00;0.00;0.01,0.18;0.09;0.09,256,0.01;0.05;0.04,256,-3;-3;-3,-9
synthesized/just_one/groupCard/small/root_21.uvl,0.84;0.77;0.79,1650,0.81;0.76;0.75,1576,0.00;0.00;0.00,0.09;0.09;0.09,16,0.01;0.01;0.01,16,0.02;0.02;0.02,16
synthesized/just_one/groupCard/small/root_22.uvl,1.03;1.10;1.12,1641,0.72;0.77;0.73,1546,0.00;0.00;0.00,0.12;0.12;0.14,122880,0.07;0.09;0.01,122880,-3;-3;-3,-9
synthesized/just_one/groupCard/small/root_23.uvl,0.79;0.77;0.75,1958,0.81;0.81;0.85,1425,0.00;0.00;0.00,0.09;0.09;0.09,4,0.01;0.01;0.01,4,0.03;0.03;0.03,4
synthesized/just_one/groupCard/small/root_24.uvl,0.95;0.83;0.77,1784,0.71;30.05;0.71,1684,0.01;0.00;0.03,0.12;0.11;0.12,96,0.01;0.01;0.01,192,-3;-3;-3,-9
synthesized/just_one/groupCard/small/root_25.uvl,0.73;0.71;1.21,1603,0.93;0.99;0.88,1467,0.00;0.00;0.00,0.15;0.27;0.26,2304,0.01;0.01;0.06,2304,-3;-3;-3,-9
synthesized/just_one/groupCard/small/root_26.uvl,0.78;0.78;0.80,1465,1.15;0.72;0.74,1206,0.00;0.00;0.00,0.09;0.09;0.09,2,0.01;0.01;0.01,2,0.06;0.06;0.06,2
synthesized/just_one/groupCard/small/root_27.uvl,0.77;0.84;0.76,1762,0.85;0.72;0.66,1641,0.00;0.00;0.01,0.12;0.12;0.12,2048,0.01;0.01;0.01,2048,-3;-3;-3,-9
synthesized/just_one/groupCard/small/root_28.uvl,1.13;1.07;0.86,1799,0.70;0.80;0.77,1648,0.00;0.00;0.00,0.09;0.09;0.09,8,0.01;0.01;0.07,8,0.03;0.03;0.14,8
synthesized/just_one/groupCard/small/root_29.uvl,-1;-1;-1,-4,0.74;0.76;0.73,1409,0.00;0.00;0.00,-3;-3;-3,-4,0.02;0.01;0.01,1024,0.13;0.22;0.02,1024
synthesized/just_one/groupCard/small/root_2.uvl,1.54;1.25;1.30,2695,0.80;0.80;0.84,2014,0.00;0.02;0.00,0.09;0.09;0.09,1,0.01;0.03;0.10,1,0.07;0.08;0.07,1
synthesized/just_one/groupCard/small/root_30.uvl,0.80;0.93;0.94,1651,0.71;0.70;0.71,1501,0.01;0.01;0.01,0.14;0.09;0.09,1536,0.03;0.03;0.05,3072,-3;-3;-3,-9
synthesized/just_one/groupCard/small/root_31.uvl,0.70;0.77;0.80,1594,0.68;0.68;0.65,1433,0.00;0.00;0.00,0.08;0.09;0.10,2,0.01;0.01;0.01,8,-3;-3;-3,-9
synthesized/just_one/groupCard/small/root_32.uvl,0.78;0.72;0.92,1324,0.92;1.20;0.80,1232,0.00;0.00;0.02,0.12;0.12;0.12,2560,0.01;0.01;0.01,5120,-3;-3;-3,-9
synthesized/just_one/groupCard/small/root_33.uvl,0.82;0.87;0.86,1956,0.75;0.75;0.73,1854,0.00;0.00;0.00,0.12;0.11;0.12,18432,0.01;0.01;0.01,18432,-3;-3;-3,-9
synthesized/just_one/groupCard/small/root_34.uvl,0.85;0.85;0.77,2184,0.71;0.73;0.71,1949,0.02;0.02;0.03,0.09;0.09;0.09,64,0.09;0.06;0.11,64,0.03;0.03;0.03,64
synthesized/just_one/groupCard/small/root_35.uvl,0.76;0.74;0.75,1395,0.68;0.61;0.62,1266,0.00;0.00;0.00,0.09;0.08;0.08,1,0.01;0.01;0.01,1,-3;-3;-3,-9
synthesized/just_one/groupCard/small/root_36.uvl,1.16;0.80;1.02,2155,0.75;0.76;0.75,1990,0.00;0.00;0.00,0.11;0.11;0.12,512,0.06;0.05;0.01,1024,-3;-3;-3,-9
synthesized/just_one/groupCard/small/root_37.uvl,375.77;343.45;328.12,6799,0.79;0.70;0.75,1858,0.00;0.00;0.00,0.12;0.12;0.12,933888,0.01;0.01;0.01,933888,-3;-3;-3,-9
synthesized/just_one/groupCard/small/root_38.uvl,0.80;0.81;1.27,1867,0.82;0.77;0.89,1741,0.00;0.00;0.00,0.09;0.08;0.09,48,0.01;0.01;0.04,48,-3;-3;-3,-9
synthesized/just_one/groupCard/small/root_39.uvl,1.05;0.84;0.84,1957,0.72;0.74;0.76,1765,0.00;0.00;0.00,0.12;0.12;0.12,9216,0.01;0.01;0.01,9216,-3;-3;-3,-9
synthesized/just_one/groupCard/small/root_3.uvl,0.81;0.82;1.41,1893,0.85;0.88;0.75,1807,0.00;0.00;0.01,0.12;0.12;0.11,384,0.01;0.01;0.01,384,-3;-3;-3,-9
synthesized/just_one/groupCard/small/root_40.uvl,0.85;0.88;0.79,1906,0.78;1.22;0.69,1748,0.00;0.00;0.02,0.26;0.25;0.13,46080,0.01;0.01;0.06,92160,-3;-3;-3,-9
synthesized/just_one/groupCard/small/root_41.uvl,0.77;0.79;0.79,1624,0.70;0.70;0.69,1529,0.01;0.03;0.01,0.09;0.09;0.08,32,0.01;0.01;0.01,64,0.02;0.02;0.02,64
synthesized/just_one/groupCard/small/root_42.uvl,0.90;0.87;0.84,1744,0.78;0.94;0.72,1662,0.00;0.00;0.00,0.13;0.13;0.12,8704,0.01;0.01;0.01,34816,-3;-3;-3,-9
synthesized/just_one/groupCard/small/root_43.uvl,0.96;0.89;0.90,2037,1.15;1.01;1.13,1883,0.00;0.00;0.00,0.09;0.09;0.09,48,0.01;0.01;0.01,48,-3;-3;-3,-9
synthesized/just_one/groupCard/small/root_44.uvl,0.81;0.76;0.77,1399,0.67;0.75;0.97,1312,0.00;0.00;0.00,0.12;0.12;0.12,221184,0.01;0.01;0.01,221184,-3;-3;-3,-9
synthesized/just_one/groupCard/small/root_45.uvl,0.76;0.92;0.87,1875,0.84;0.84;0.90,1712,0.01;0.02;0.03,0.09;0.08;0.09,128,0.01;0.01;0.01,128,0.02;0.02;0.03,128
synthesized/just_one/groupCard/small/root_46.uvl,1.27;0.83;0.90,1541,0.78;0.78;0.68,1432,0.01;0.01;0.01,0.09;0.08;0.08,128,0.01;0.01;0.01,128,0.02;0.02;0.02,128
synthesized/just_one/groupCard/small/root_47.uvl,0.82;0.84;0.84,1842,0.68;0.70;0.67,1445,0.00;0.00;0.00,0.08;0.09;0.08,1,0.01;0.01;0.01,1,0.03;0.03;0.36,1
synthesized/just_one/groupCard/small/root_48.uvl,1.04;4.83;1.28,2147,0.73;0.76;0.73,1991,0.00;0.00;0.00,0.20;0.09;0.09,8,0.01;0.01;0.01,32,-3;-3;-3,-9
synthesized/just_one/groupCard/small/root_49.uvl,0.84;0.88;0.88,2083,0.73;0.73;0.70,1903,0.00;0.00;0.00,0.08;0.18;0.20,96,0.01;0.01;0.09,96,-3;-3;-3,-9
synthesized/just_one/groupCard/small/root_4.uvl,1.05;0.82;0.87,2136,0.77;0.78;0.77,1900,0.01;0.01;0.01,0.09;0.08;0.09,1,0.01;0.01;0.06,1,-3;-3;-3,-9
synthesized/just_one/groupCard/small/root_50.uvl,1.13;1.06;1.04,2251,0.73;0.82;0.80,2026,0.00;0.00;0.00,0.08;0.09;0.09,16,0.02;0.01;0.01,16,-3;-3;-3,-9
synthesized/just_one/groupCard/small/root_51.uvl,0.88;1.01;0.80,2037,0.84;1.10;0.97,1946,0.00;0.00;0.00,0.09;0.09;0.18,12,0.01;0.01;0.01,12,-3;-3;-3,-9
synthesized/just_one/groupCard/small/root_52.uvl,0.87;0.81;0.81,2018,0.94;0.97;0.86,1850,0.03;0.00;0.00,0.09;0.09;0.09,4,0.05;0.06;0.13,4,-3;-3;-3,-9
synthesized/just_one/groupCard/small/root_53.uvl,0.94;0.78;0.89,1733,0.82;0.81;0.80,1623,0.00;0.00;0.00,0.26;0.25;0.25,144,0.09;0.03;0.02,144,-3;-3;-3,-9
synthesized/just_one/groupCard/small/root_54.uvl,0.81;0.76;0.93,1702,0.71;0.79;0.71,1643,0.00;0.00;0.00,0.12;0.12;0.12,3072,0.01;0.01;0.01,6144,-3;-3;-3,-9
synthesized/just_one/groupCard/small/root_55.uvl,0.80;0.79;0.77,2473,1.28;1.17;1.30,1845,0.00;0.00;0.00,0.09;0.09;0.08,8192,0.01;0.01;0.01,32768,-3;-3;-3,-9
synthesized/just_one/groupCard/small/root_56.uvl,-3;-3;-3,-4,0.68;0.67;0.68,1553,0.03;0.02;0.02,-3;-3;-3,-4,0.01;0.01;0.01,28901376,-3;-3;-3,-9
synthesized/just_one/groupCard/small/root_57.uvl,0.78;0.78;0.76,1656,0.94;0.85;1.01,1557,0.00;0.00;0.00,0.12;0.12;0.12,80,0.12;0.01;0.01,80,7.07;7.84;14.36,80
synthesized/just_one/groupCard/small/root_58.uvl,0.96;0.93;0.92,2011,0.73;1.18;1.12,1913,0.00;0.00;0.00,0.09;0.09;0.09,768,0.05;0.03;0.01,768,-3;-3;-3,-9
synthesized/just_one/groupCard/small/root_59.uvl,0.89;0.76;0.94,1834,0.87;0.68;0.83,1673,0.00;0.00;0.00,0.20;0.09;0.09,12,0.12;0.01;0.01,12,-3;-3;-3,-9
synthesized/just_one/groupCard/small/root_5.uvl,-1;-1;-1,-4,0.84;0.80;0.73,1747,0.01;0.01;0.01,-3;-3;-3,-4,0.04;0.02;0.01,8388608,-3;-3;-3,-9
synthesized/just_one/groupCard/small/root_60.uvl,1.11;1.22;1.20,2132,0.73;0.75;0.88,1642,0.00;0.00;0.00,0.12;0.12;0.12,8192,0.01;0.01;0.01,8192,-3;-3;-3,-9
synthesized/just_one/groupCard/small/root_61.uvl,1.15;0.96;0.95,2116,0.75;1.01;1.06,1987,0.00;0.00;0.00,0.09;0.09;0.09,2048,0.01;0.01;0.01,2048,-3;-3;-3,-9
synthesized/just_one/groupCard/small/root_62.uvl,0.78;1.05;42.98,1732,0.71;0.70;0.73,1597,0.00;0.00;0.00,0.09;0.09;0.09,1024,0.01;0.04;0.01,1024,0.02;0.03;0.03,1024
synthesized/just_one/groupCard/small/root_63.uvl,0.77;1.02;0.91,2081,0.79;0.97;1.17,1904,0.00;0.00;0.00,0.26;0.12;0.12,160,0.09;0.04;0.03,160,-3;-3;-3,-9
synthesized/just_one/groupCard/small/root_64.uvl,0.80;0.92;0.80,1767,0.68;0.76;0.84,1703,0.03;0.01;0.00,0.12;0.12;0.12,5760,0.01;0.01;0.01,5760,-3;-3;-3,-9
synthesized/just_one/groupCard/small/root_65.uvl,0.88;0.86;0.83,1512,0.80;0.66;0.84,1368,0.00;0.00;0.00,0.08;0.09;0.09,16,0.01;0.01;0.01,16,-3;-3;-3,-9
synthesized/just_one/groupCard/small/root_66.uvl,42.33;0.83;0.81,1707,0.66;0.66;0.69,1602,0.00;0.00;0.00,0.09;0.09;0.09,192,0.01;0.01;0.01,192,-3;-3;-3,-9
synthesized/just_one/groupCard/small/root_67.uvl,0.78;0.75;0.76,1642,0.72;0.74;0.75,1476,0.00;0.00;0.00,0.09;0.09;0.09,3072,0.01;0.01;0.01,3072,-3;-3;-3,-9
synthesized/just_one/groupCard/small/root_68.uvl,-1;-1;-1,-4,0.68;0.66;0.69,1481,0.01;0.01;0.01,-3;-3;-3,-4,0.01;0.01;0.01,655360,-3;-3;-3,-9
synthesized/just_one/groupCard/small/root_69.uvl,0.82;1.07;0.97,1615,0.97;0.64;0.64,1461,0.00;0.00;0.00,0.26;0.26;0.12,1728,0.03;0.04;0.03,1728,-3;-3;-3,-9
synthesized/just_one/groupCard/small/root_6.uvl,0.79;0.83;0.89,1741,0.72;0.74;0.68,1614,0.00;0.00;0.00,0.12;0.12;0.12,160,0.01;0.01;0.01,320,-3;-3;-3,-9
synthesized/just_one/groupCard/small/root_70.uvl,0.81;0.83;0.80,1592,0.76;0.68;0.75,1407,0.00;0.00;0.00,0.08;0.09;0.08,2,0.01;0.01;0.01,2,-3;-3;-3,-9
synthesized/just_one/groupCard/small/root_71.uvl,0.98;0.90;0.95,1612,1.08;0.66;0.70,1453,0.00;0.00;0.00,0.09;0.08;0.09,2,0.07;0.01;0.01,2,0.02;0.02;0.02,2
synthesized/just_one/groupCard/small/root_72.uvl,0.80;0.81;0.79,1657,0.69;0.71;0.72,1565,0.11;0.03;0.01,0.08;0.09;0.09,16,0.01;0.01;0.01,16,-3;-3;-3,-9
synthesized/just_one/groupCard/small/root_73.uvl,0.78;0.83;0.78,2501,0.81;0.81;1.07,2032,0.00;0.00;0.00,0.09;0.09;0.09,1,0.01;0.01;0.01,-9,0.03;0.03;0.03,1
synthesized/just_one/groupCard/small/root_74.uvl,1.11;1.34;0.97,1675,0.73;0.64;0.69,1565,0.00;0.00;0.00,0.09;0.08;0.08,64,0.06;0.01;0.01,256,-3;-3;-3,-9
synthesized/just_one/groupCard/small/root_75.uvl,0.87;0.76;0.77,1696,31.08;0.90;0.76,1472,0.00;0.00;0.00,0.12;0.12;0.11,432,0.01;0.02;0.07,432,-3;-3;-3,-9
synthesized/just_one/groupCard/small/root_76.uvl,0.95;0.95;1.00,1788,0.77;0.64;0.74,1625,0.00;0.00;0.00,0.12;0.12;0.12,128,0.01;0.01;0.01,128,-3;-3;-3,-9
synthesized/just_one/groupCard/small/root_77.uvl,1.06;0.77;0.79,1944,0.73;0.66;0.70,1678,0.00;0.00;0.02,0.09;0.08;0.09,3,0.07;0.11;0.03,3,-3;-3;-3,-9
synthesized/just_one/groupCard/small/root_78.uvl,1.19;0.98;1.02,2588,0.86;0.78;0.77,1780,0.00;0.00;0.00,0.08;0.08;0.09,4,0.01;0.01;0.01,4,0.03;0.03;0.20,4
synthesized/just_one/groupCard/small/root_79.uvl,1.16;0.89;0.75,1709,0.70;0.70;0.69,1522,0.00;0.00;0.00,0.09;0.08;0.08,4,0.01;0.01;0.01,4,-3;-3;-3,-9
synthesized/just_one/groupCard/small/root_7.uvl,0.99;0.85;0.97,2080,0.73;0.86;0.78,1894,0.01;0.02;0.00,0.09;0.09;0.09,24,0.01;0.01;0.01,24,-3;-3;-3,-9
synthesized/just_one/groupCard/small/root_80.uvl,1.00;1.00;1.05,2085,0.71;0.71;0.73,1414,0.00;0.01;0.00,0.08;0.08;0.08,32,0.01;0.01;0.01,32,-3;-3;-3,-9
synthesized/just_one/groupCard/small/root_81.uvl,0.88;1.02;0.85,1510,0.74;0.69;0.74,1416,0.00;0.00;0.00,0.11;0.11;0.28,24,0.02;0.03;0.01,24,-3;-3;-3,-9
synthesized/just_one/groupCard/small/root_82.uvl,0.76;1.02;0.99,1772,0.91;0.93;0.89,1607,0.03;0.01;0.01,0.08;0.09;0.08,12,0.01;0.02;0.06,12,-3;-3;-3,-9
synthesized/just_one/groupCard/small/root_83.uvl,16.58;16.22;14.80,3892,0.70;0.68;0.74,1556,0.00;0.00;0.01,0.13;0.12;0.12,208896,0.01;0.01;0.01,208896,-3;-3;-3,-9
synthesized/just_one/groupCard/small/root_84.uvl,0.89;0.85;0.86,1527,0.68;0.75;0.76,1405,0.00;0.00;0.00,0.12;0.12;0.12,576,0.01;0.01;0.01,576,-3;-3;-3,-9
synthesized/just_one/groupCard/small/root_85.uvl,0.78;0.80;0.81,2064,0.67;0.71;1.09,1793,0.00;0.00;0.00,0.12;0.12;0.12,16,0.01;0.01;0.01,16,-3;-3;-3,-9
synthesized/just_one/groupCard/small/root_86.uvl,0.83;0.81;1.08,1941,0.90;0.76;0.77,1822,0.02;0.00;0.00,0.09;0.09;0.09,8,0.01;0.01;0.01,8,-3;-3;-3,-9
synthesized/just_one/groupCard/small/root_87.uvl,0.71;1.16;1.19,1526,0.63;0.64;0.72,1308,0.00;0.00;0.00,0.09;0.09;0.09,16,0.01;0.01;0.01,16,-3;-3;-3,-9
synthesized/just_one/groupCard/small/root_88.uvl,1.00;1.03;0.88,1902,0.91;0.96;0.86,1774,0.01;0.01;0.03,0.09;0.09;0.09,1,0.02;0.02;0.01,1,-3;-3;-3,-9
synthesized/just_one/groupCard/small/root_89.uvl,0.94;0.96;0.79,2085,0.82;0.80;0.71,1861,0.00;0.00;0.00,0.26;0.12;0.12,24,0.05;0.02;0.04,24,-3;-3;-3,-9
synthesized/just_one/groupCard/small/root_8.uvl,-3;-3;-3,-4,0.72;0.68;0.71,1456,0.00;0.00;0.00,-3;-3;-3,-4,0.01;0.01;0.01,540672,-3;-3;-3,-9
synthesized/just_one/groupCard/small/root_90.uvl,0.96;1.02;0.90,2192,1.06;0.90;0.74,2076,0.00;0.00;0.00,0.08;0.08;0.10,1024,0.01;0.01;0.01,1024,-3;-3;-3,-9
synthesized/just_one/groupCard/small/root_91.uvl,3.68;3.80;4.19,2602,0.75;0.76;0.75,1585,0.00;0.00;0.00,0.09;0.09;0.09,512,0.01;0.01;0.01,512,-3;-3;-3,-9
synthesized/just_one/groupCard/small/root_92.uvl,1.08;1.00;0.80,1943,0.75;0.74;0.70,1815,0.01;0.01;0.01,0.12;0.12;0.12,576,0.01;0.01;0.01,576,-3;-3;-3,-9
synthesized/just_one/groupCard/small/root_93.uvl,0.81;1.21;1.11,1836,1.31;0.79;0.82,1706,0.00;0.00;0.00,0.09;0.09;0.09,96,0.01;0.01;0.01,96,-3;-3;-3,-9
synthesized/just_one/groupCard/small/root_94.uvl,0.96;0.92;0.74,1495,0.72;0.69;0.74,1372,0.00;0.00;0.00,0.10;0.09;0.09,16,0.01;0.01;0.01,16,-3;-3;-3,-9
synthesized/just_one/groupCard/small/root_95.uvl,0.78;0.87;0.73,1579,0.99;0.64;0.67,1493,0.00;0.00;0.00,0.09;0.08;0.09,524288,0.04;0.01;0.01,524288,-3;-3;-3,-9
synthesized/just_one/groupCard/small/root_96.uvl,0.78;0.81;0.77,1747,0.74;0.69;0.90,1651,0.00;0.00;0.00,0.09;0.09;0.09,16777216,0.01;0.01;0.01,16777216,0.03;0.02;0.02,16777216
synthesized/just_one/groupCard/small/root_97.uvl,1.03;1.07;0.80,2122,0.71;0.79;0.72,1948,0.00;0.00;0.00,0.11;0.26;0.26,576,0.01;0.01;0.01,1152,-3;-3;-3,-9
synthesized/just_one/groupCard/small/root_98.uvl,0.80;0.98;0.82,2104,0.74;0.85;0.95,1923,0.00;0.00;0.00,0.09;0.08;0.11,16384,0.01;0.01;0.01,32768,-3;-3;-3,-9
synthesized/just_one/groupCard/small/root_99.uvl,0.88;0.80;1.07,2114,0.83;1.09;0.76,1693,0.00;0.00;0.00,0.12;0.12;0.12,21,0.01;0.01;0.01,21,-3;-3;-3,-9
synthesized/just_one/groupCard/small/root_9.uvl,0.86;0.89;0.84,1955,1.00;0.84;0.77,1800,0.00;0.00;0.00,0.09;0.09;0.19,2,0.07;0.11;0.09,2,0.12;0.10;0.08,2
